{
  "type": "FeatureCollection",
  "name": "karnataka_cadastral_synthetic_rtc_style",
  "description": "SYNTHETIC demo data mimicking Karnataka Bhoomi RTC record structure. Village/taluk/district names are real places; survey numbers, khata numbers, landholder names, and boundaries are fabricated for testing/demo purposes only. Not sourced from or validated against any official land record.",
  "features": [
    {
      "type": "Feature",
      "properties": {
        "data_source": "SYNTHETIC - not an official record",
        "state": "Karnataka",
        "district": "Dharwad",
        "taluk": "Kalghatgi",
        "hobli": "Kalghatgi",
        "village": "Tabakhana",
        "survey_number": "95",
        "khata_number": "0001",
        "landholder_name": "Suresh Achar (synthetic)",
        "land_type": "Wet (Baagayat)",
        "soil_type": "Black Cotton",
        "crop": "Sugarcane",
        "area_acres_guntas": "0A 34G",
        "area_acres_decimal": 0.85
      },
      "geometry": {
        "type": "Polygon",
        "coordinates": [
          [
            [75.203621, 15.503413],
            [75.20422, 15.503413],
            [75.20422, 15.503972],
            [75.203621, 15.503972],
            [75.203621, 15.503413]
          ]
        ]
      }
    },
    {
      "type": "Feature",
      "properties": {
        "data_source": "SYNTHETIC - not an official record",
        "state": "Karnataka",
        "district": "Dharwad",
        "taluk": "Hubballi",
        "hobli": "Hubballi",
        "village": "Rayapur",
        "survey_number": "31/4A",
        "khata_number": "0001",
        "landholder_name": "Mahadevaiah Poojary (synthetic)",
        "land_type": "Dry (Khushki)",
        "soil_type": "Red Sandy",
        "crop": "Cotton",
        "area_acres_guntas": "3A 37G",
        "area_acres_decimal": 3.92
      },
      "geometry": {
        "type": "Polygon",
        "coordinates": [
          [
            [74.956851, 15.47362],
            [74.95815, 15.47362],
            [74.95815, 15.474761],
            [74.956851, 15.474761],
            [74.956851, 15.47362]
          ]
        ]
      }
    },
    {
      "type": "Feature",
      "properties": {
        "data_source": "SYNTHETIC - not an official record",
        "state": "Karnataka",
        "district": "Mysuru",
        "taluk": "Hunsur",
        "hobli": "Hunsur",
        "village": "Kadakola",
        "survey_number": "283",
        "khata_number": "0001",
        "landholder_name": "Mahadevaiah Achar (synthetic)",
        "land_type": "Garden (Tota)",
        "soil_type": "Red Loamy",
        "crop": "Sugarcane",
        "area_acres_guntas": "0A 36G",
        "area_acres_decimal": 0.9
      },
      "geometry": {
        "type": "Polygon",
        "coordinates": [
          [
            [76.618365, 12.188818],
            [76.618965, 12.188818],
            [76.618965, 12.189345],
            [76.618365, 12.189345],
            [76.618365, 12.188818]
          ]
        ]
      }
    },
    {
      "type": "Feature",
      "properties": {
        "data_source": "SYNTHETIC - not an official record",
        "state": "Karnataka",
        "district": "Mandya",
        "taluk": "Malavalli",
        "hobli": "Malavalli",
        "village": "Basaralu",
        "survey_number": "27/8",
        "khata_number": "0001",
        "landholder_name": "Rathnamma Reddy (synthetic)",
        "land_type": "Dry (Khushki)",
        "soil_type": "Black Cotton",
        "crop": "Mulberry",
        "area_acres_guntas": "2A 21G",
        "area_acres_decimal": 2.52
      },
      "geometry": {
        "type": "Polygon",
        "coordinates": [
          [
            [76.649864, 12.374427],
            [76.650681, 12.374427],
            [76.650681, 12.375291],
            [76.649864, 12.375291],
            [76.649864, 12.374427]
          ]
        ]
      }
    },
    {
      "type": "Feature",
      "properties": {
        "data_source": "SYNTHETIC - not an official record",
        "state": "Karnataka",
        "district": "Hassan",
        "taluk": "Sakleshpur",
        "hobli": "Sakleshpur",
        "village": "Heggadde",
        "survey_number": "250/3",
        "khata_number": "0001",
        "landholder_name": "Puttaswamy Gowda (synthetic)",
        "land_type": "Garden (Tota)",
        "soil_type": "Black Cotton",
        "crop": "Coffee",
        "area_acres_guntas": "3A 24G",
        "area_acres_decimal": 3.6
      },
      "geometry": {
        "type": "Polygon",
        "coordinates": [
          [
            [75.90003, 12.779416],
            [75.901017, 12.779416],
            [75.901017, 12.780477],
            [75.90003, 12.780477],
            [75.90003, 12.779416]
          ]
        ]
      }
    },
    {
      "type": "Feature",
      "properties": {
        "data_source": "SYNTHETIC - not an official record",
        "state": "Karnataka",
        "district": "Chamarajanagar",
        "taluk": "Chamarajanagar",
        "hobli": "Chamarajanagar",
        "village": "Yelandur",
        "survey_number": "96",
        "khata_number": "0001",
        "landholder_name": "Manjunath Reddy (synthetic)",
        "land_type": "Dry (Khushki)",
        "soil_type": "Red Sandy",
        "crop": "Cotton",
        "area_acres_guntas": "0A 39G",
        "area_acres_decimal": 0.97
      },
      "geometry": {
        "type": "Polygon",
        "coordinates": [
          [
            [77.188678, 11.67955],
            [77.189225, 11.67955],
            [77.189225, 11.68008],
            [77.188678, 11.68008],
            [77.188678, 11.67955]
          ]
        ]
      }
    },
    {
      "type": "Feature",
      "properties": {
        "data_source": "SYNTHETIC - not an official record",
        "state": "Karnataka",
        "district": "Mandya",
        "taluk": "Malavalli",
        "hobli": "Malavalli",
        "village": "Basaralu",
        "survey_number": "189/8A",
        "khata_number": "0002",
        "landholder_name": "Chandrashekar Naik (synthetic)",
        "land_type": "Wet (Baagayat)",
        "soil_type": "Black Cotton",
        "crop": "Mulberry",
        "area_acres_guntas": "3A 11G",
        "area_acres_decimal": 3.27
      },
      "geometry": {
        "type": "Polygon",
        "coordinates": [
          [
            [76.967743, 12.277266],
            [76.968844, 12.277266],
            [76.968844, 12.278243],
            [76.967743, 12.278243],
            [76.967743, 12.277266]
          ]
        ]
      }
    },
    {
      "type": "Feature",
      "properties": {
        "data_source": "SYNTHETIC - not an official record",
        "state": "Karnataka",
        "district": "Kodagu",
        "taluk": "Madikeri",
        "hobli": "Madikeri",
        "village": "Kutta",
        "survey_number": "199",
        "khata_number": "0001",
        "landholder_name": "Rathnamma Poojary (synthetic)",
        "land_type": "Dry (Khushki)",
        "soil_type": "Red Loamy",
        "crop": "Paddy",
        "area_acres_guntas": "2A 15G",
        "area_acres_decimal": 2.38
      },
      "geometry": {
        "type": "Polygon",
        "coordinates": [
          [
            [75.864003, 12.446538],
            [75.864974, 12.446538],
            [75.864974, 12.447393],
            [75.864003, 12.447393],
            [75.864003, 12.446538]
          ]
        ]
      }
    },
    {
      "type": "Feature",
      "properties": {
        "data_source": "SYNTHETIC - not an official record",
        "state": "Karnataka",
        "district": "Chamarajanagar",
        "taluk": "Chamarajanagar",
        "hobli": "Chamarajanagar",
        "village": "Chamarajanagar",
        "survey_number": "65/4",
        "khata_number": "0001",
        "landholder_name": "Suresh Shetty (synthetic)",
        "land_type": "Dry (Khushki)",
        "soil_type": "Red Loamy",
        "crop": "Coffee",
        "area_acres_guntas": "0A 17G",
        "area_acres_decimal": 0.42
      },
      "geometry": {
        "type": "Polygon",
        "coordinates": [
          [
            [77.154433, 12.158417],
            [77.154803, 12.158417],
            [77.154803, 12.158761],
            [77.154433, 12.158761],
            [77.154433, 12.158417]
          ]
        ]
      }
    },
    {
      "type": "Feature",
      "properties": {
        "data_source": "SYNTHETIC - not an official record",
        "state": "Karnataka",
        "district": "Chamarajanagar",
        "taluk": "Gundlupet",
        "hobli": "Gundlupet",
        "village": "Terakanambi",
        "survey_number": "186/8B",
        "khata_number": "0001",
        "landholder_name": "Mahadevaiah Gowda (synthetic)",
        "land_type": "Garden (Tota)",
        "soil_type": "Black Cotton",
        "crop": "Groundnut",
        "area_acres_guntas": "0A 1G",
        "area_acres_decimal": 0.03
      },
      "geometry": {
        "type": "Polygon",
        "coordinates": [
          [
            [76.975993, 11.735703],
            [76.976177, 11.735703],
            [76.976177, 11.735876],
            [76.975993, 11.735876],
            [76.975993, 11.735703]
          ]
        ]
      }
    },
    {
      "type": "Feature",
      "properties": {
        "data_source": "SYNTHETIC - not an official record",
        "state": "Karnataka",
        "district": "Mysuru",
        "taluk": "Hunsur",
        "hobli": "Hunsur",
        "village": "Halepura",
        "survey_number": "160",
        "khata_number": "0001",
        "landholder_name": "Sharadamma Reddy (synthetic)",
        "land_type": "Wet (Baagayat)",
        "soil_type": "Red Sandy",
        "crop": "Groundnut",
        "area_acres_guntas": "0A 8G",
        "area_acres_decimal": 0.2
      },
      "geometry": {
        "type": "Polygon",
        "coordinates": [
          [
            [76.427274, 12.083491],
            [76.427559, 12.083491],
            [76.427559, 12.083779],
            [76.427274, 12.083779],
            [76.427274, 12.083491]
          ]
        ]
      }
    },
    {
      "type": "Feature",
      "properties": {
        "data_source": "SYNTHETIC - not an official record",
        "state": "Karnataka",
        "district": "Dharwad",
        "taluk": "Hubballi",
        "hobli": "Hubballi",
        "village": "Amargol",
        "survey_number": "256/7B",
        "khata_number": "0001",
        "landholder_name": "Rathnamma Setty (synthetic)",
        "land_type": "Dry (Khushki)",
        "soil_type": "Red Loamy",
        "crop": "Mulberry",
        "area_acres_guntas": "0A 5G",
        "area_acres_decimal": 0.12
      },
      "geometry": {
        "type": "Polygon",
        "coordinates": [
          [
            [75.422012, 15.225021],
            [75.422227, 15.225021],
            [75.422227, 15.225249],
            [75.422012, 15.225249],
            [75.422012, 15.225021]
          ]
        ]
      }
    },
    {
      "type": "Feature",
      "properties": {
        "data_source": "SYNTHETIC - not an official record",
        "state": "Karnataka",
        "district": "Belagavi",
        "taluk": "Athani",
        "hobli": "Athani",
        "village": "Kagwad",
        "survey_number": "278/2",
        "khata_number": "0001",
        "landholder_name": "Siddappa Rao (synthetic)",
        "land_type": "Garden (Tota)",
        "soil_type": "Laterite",
        "crop": "Paddy",
        "area_acres_guntas": "0A 14G",
        "area_acres_decimal": 0.35
      },
      "geometry": {
        "type": "Polygon",
        "coordinates": [
          [
            [74.890276, 15.840111],
            [74.890677, 15.840111],
            [74.890677, 15.840411],
            [74.890276, 15.840411],
            [74.890276, 15.840111]
          ]
        ]
      }
    },
    {
      "type": "Feature",
      "properties": {
        "data_source": "SYNTHETIC - not an official record",
        "state": "Karnataka",
        "district": "Mysuru",
        "taluk": "T. Narasipura",
        "hobli": "Bannur",
        "village": "Talakadu",
        "survey_number": "266/3",
        "khata_number": "0001",
        "landholder_name": "Puttaswamy Naik (synthetic)",
        "land_type": "Dry (Khushki)",
        "soil_type": "Laterite",
        "crop": "Maize",
        "area_acres_guntas": "2A 12G",
        "area_acres_decimal": 2.3
      },
      "geometry": {
        "type": "Polygon",
        "coordinates": [
          [
            [76.461147, 12.355405],
            [76.462073, 12.355405],
            [76.462073, 12.356353],
            [76.461147, 12.356353],
            [76.461147, 12.355405]
          ]
        ]
      }
    },
    {
      "type": "Feature",
      "properties": {
        "data_source": "SYNTHETIC - not an official record",
        "state": "Karnataka",
        "district": "Belagavi",
        "taluk": "Chikodi",
        "hobli": "Chikodi",
        "village": "Kognoli",
        "survey_number": "69/6A",
        "khata_number": "0001",
        "landholder_name": "Rathnamma Achar (synthetic)",
        "land_type": "Dry (Khushki)",
        "soil_type": "Black Cotton",
        "crop": "Sugarcane",
        "area_acres_guntas": "0A 28G",
        "area_acres_decimal": 0.7
      },
      "geometry": {
        "type": "Polygon",
        "coordinates": [
          [
            [75.060155, 15.724676],
            [75.060649, 15.724676],
            [75.060649, 15.725217],
            [75.060155, 15.725217],
            [75.060155, 15.724676]
          ]
        ]
      }
    },
    {
      "type": "Feature",
      "properties": {
        "data_source": "SYNTHETIC - not an official record",
        "state": "Karnataka",
        "district": "Shivamogga",
        "taluk": "Sagar",
        "hobli": "Sagar",
        "village": "Ikkeri",
        "survey_number": "320",
        "khata_number": "0001",
        "landholder_name": "Ramesh Shetty (synthetic)",
        "land_type": "Wet (Baagayat)",
        "soil_type": "Red Loamy",
        "crop": "Mulberry",
        "area_acres_guntas": "2A 36G",
        "area_acres_decimal": 2.9
      },
      "geometry": {
        "type": "Polygon",
        "coordinates": [
          [
            [75.477205, 14.099049],
            [75.478167, 14.099049],
            [75.478167, 14.100069],
            [75.477205, 14.100069],
            [75.477205, 14.099049]
          ]
        ]
      }
    },
    {
      "type": "Feature",
      "properties": {
        "data_source": "SYNTHETIC - not an official record",
        "state": "Karnataka",
        "district": "Belagavi",
        "taluk": "Gokak",
        "hobli": "Gokak",
        "village": "Gokak",
        "survey_number": "122/3",
        "khata_number": "0001",
        "landholder_name": "Basavaraj Gowda (synthetic)",
        "land_type": "Dry (Khushki)",
        "soil_type": "Red Sandy",
        "crop": "Fallow",
        "area_acres_guntas": "0A 12G",
        "area_acres_decimal": 0.3
      },
      "geometry": {
        "type": "Polygon",
        "coordinates": [
          [
            [74.612215, 16.034678],
            [74.612512, 16.034678],
            [74.612512, 16.03499],
            [74.612215, 16.03499],
            [74.612215, 16.034678]
          ]
        ]
      }
    },
    {
      "type": "Feature",
      "properties": {
        "data_source": "SYNTHETIC - not an official record",
        "state": "Karnataka",
        "district": "Dharwad",
        "taluk": "Hubballi",
        "hobli": "Hubballi",
        "village": "Gokul",
        "survey_number": "277/9",
        "khata_number": "0001",
        "landholder_name": "Ramesh Achar (synthetic)",
        "land_type": "Garden (Tota)",
        "soil_type": "Red Loamy",
        "crop": "Coffee",
        "area_acres_guntas": "3A 24G",
        "area_acres_decimal": 3.6
      },
      "geometry": {
        "type": "Polygon",
        "coordinates": [
          [
            [75.062726, 15.598756],
            [75.06373, 15.598756],
            [75.06373, 15.599828],
            [75.062726, 15.599828],
            [75.062726, 15.598756]
          ]
        ]
      }
    },
    {
      "type": "Feature",
      "properties": {
        "data_source": "SYNTHETIC - not an official record",
        "state": "Karnataka",
        "district": "Shivamogga",
        "taluk": "Thirthahalli",
        "hobli": "Thirthahalli",
        "village": "Mandagadde",
        "survey_number": "176",
        "khata_number": "0001",
        "landholder_name": "Mahadevaiah Setty (synthetic)",
        "land_type": "Garden (Tota)",
        "soil_type": "Red Loamy",
        "crop": "Fallow",
        "area_acres_guntas": "1A 15G",
        "area_acres_decimal": 1.38
      },
      "geometry": {
        "type": "Polygon",
        "coordinates": [
          [
            [75.759272, 14.077998],
            [75.760049, 14.077998],
            [75.760049, 14.078769],
            [75.759272, 14.078769],
            [75.759272, 14.077998]
          ]
        ]
      }
    },
    {
      "type": "Feature",
      "properties": {
        "data_source": "SYNTHETIC - not an official record",
        "state": "Karnataka",
        "district": "Chamarajanagar",
        "taluk": "Chamarajanagar",
        "hobli": "Chamarajanagar",
        "village": "Chamarajanagar",
        "survey_number": "226/6",
        "khata_number": "0002",
        "landholder_name": "Lakshmi Shetty (synthetic)",
        "land_type": "Wet (Baagayat)",
        "soil_type": "Black Cotton",
        "crop": "Ragi",
        "area_acres_guntas": "0A 27G",
        "area_acres_decimal": 0.68
      },
      "geometry": {
        "type": "Polygon",
        "coordinates": [
          [
            [76.86399, 11.711173],
            [76.864517, 11.711173],
            [76.864517, 11.711599],
            [76.86399, 11.711599],
            [76.86399, 11.711173]
          ]
        ]
      }
    },
    {
      "type": "Feature",
      "properties": {
        "data_source": "SYNTHETIC - not an official record",
        "state": "Karnataka",
        "district": "Dharwad",
        "taluk": "Hubballi",
        "hobli": "Hubballi",
        "village": "Rayapur",
        "survey_number": "348",
        "khata_number": "0002",
        "landholder_name": "Shivakumar Rao (synthetic)",
        "land_type": "Wet (Baagayat)",
        "soil_type": "Red Sandy",
        "crop": "Groundnut",
        "area_acres_guntas": "1A 33G",
        "area_acres_decimal": 1.82
      },
      "geometry": {
        "type": "Polygon",
        "coordinates": [
          [
            [75.399881, 15.468672],
            [75.400686, 15.468672],
            [75.400686, 15.46954],
            [75.399881, 15.46954],
            [75.399881, 15.468672]
          ]
        ]
      }
    },
    {
      "type": "Feature",
      "properties": {
        "data_source": "SYNTHETIC - not an official record",
        "state": "Karnataka",
        "district": "Belagavi",
        "taluk": "Athani",
        "hobli": "Athani",
        "village": "Athani",
        "survey_number": "279",
        "khata_number": "0001",
        "landholder_name": "Suresh Achar (synthetic)",
        "land_type": "Wet (Baagayat)",
        "soil_type": "Red Loamy",
        "crop": "Groundnut",
        "area_acres_guntas": "0A 38G",
        "area_acres_decimal": 0.95
      },
      "geometry": {
        "type": "Polygon",
        "coordinates": [
          [
            [74.751949, 15.690293],
            [74.752507, 15.690293],
            [74.752507, 15.690858],
            [74.751949, 15.690858],
            [74.751949, 15.690293]
          ]
        ]
      }
    },
    {
      "type": "Feature",
      "properties": {
        "data_source": "SYNTHETIC - not an official record",
        "state": "Karnataka",
        "district": "Shivamogga",
        "taluk": "Thirthahalli",
        "hobli": "Thirthahalli",
        "village": "Thirthahalli",
        "survey_number": "34/9",
        "khata_number": "0001",
        "landholder_name": "Siddappa Setty (synthetic)",
        "land_type": "Wet (Baagayat)",
        "soil_type": "Laterite",
        "crop": "Coffee",
        "area_acres_guntas": "3A 8G",
        "area_acres_decimal": 3.2
      },
      "geometry": {
        "type": "Polygon",
        "coordinates": [
          [
            [75.565017, 14.024919],
            [75.566023, 14.024919],
            [75.566023, 14.026068],
            [75.565017, 14.026068],
            [75.565017, 14.024919]
          ]
        ]
      }
    },
    {
      "type": "Feature",
      "properties": {
        "data_source": "SYNTHETIC - not an official record",
        "state": "Karnataka",
        "district": "Mandya",
        "taluk": "Malavalli",
        "hobli": "Malavalli",
        "village": "Keragodu",
        "survey_number": "67",
        "khata_number": "0001",
        "landholder_name": "Siddappa Reddy (synthetic)",
        "land_type": "Dry (Khushki)",
        "soil_type": "Red Sandy",
        "crop": "Ragi",
        "area_acres_guntas": "2A 22G",
        "area_acres_decimal": 2.55
      },
      "geometry": {
        "type": "Polygon",
        "coordinates": [
          [
            [76.958514, 12.732178],
            [76.959381, 12.732178],
            [76.959381, 12.733093],
            [76.958514, 12.733093],
            [76.958514, 12.732178]
          ]
        ]
      }
    },
    {
      "type": "Feature",
      "properties": {
        "data_source": "SYNTHETIC - not an official record",
        "state": "Karnataka",
        "district": "Shivamogga",
        "taluk": "Thirthahalli",
        "hobli": "Thirthahalli",
        "village": "Agumbe",
        "survey_number": "224/7B",
        "khata_number": "0001",
        "landholder_name": "Krishnappa Naik (synthetic)",
        "land_type": "Garden (Tota)",
        "soil_type": "Black Cotton",
        "crop": "Areca Nut",
        "area_acres_guntas": "1A 33G",
        "area_acres_decimal": 1.82
      },
      "geometry": {
        "type": "Polygon",
        "coordinates": [
          [
            [75.678484, 14.030292],
            [75.679213, 14.030292],
            [75.679213, 14.031075],
            [75.678484, 14.031075],
            [75.678484, 14.030292]
          ]
        ]
      }
    },
    {
      "type": "Feature",
      "properties": {
        "data_source": "SYNTHETIC - not an official record",
        "state": "Karnataka",
        "district": "Tumakuru",
        "taluk": "Sira",
        "hobli": "Sira",
        "village": "Hagalavadi",
        "survey_number": "100",
        "khata_number": "0001",
        "landholder_name": "Rathnamma Shetty (synthetic)",
        "land_type": "Dry (Khushki)",
        "soil_type": "Red Loamy",
        "crop": "Areca Nut",
        "area_acres_guntas": "2A 24G",
        "area_acres_decimal": 2.6
      },
      "geometry": {
        "type": "Polygon",
        "coordinates": [
          [
            [77.151146, 13.534813],
            [77.151982, 13.534813],
            [77.151982, 13.535829],
            [77.151146, 13.535829],
            [77.151146, 13.534813]
          ]
        ]
      }
    },
    {
      "type": "Feature",
      "properties": {
        "data_source": "SYNTHETIC - not an official record",
        "state": "Karnataka",
        "district": "Kodagu",
        "taluk": "Somwarpet",
        "hobli": "Somwarpet",
        "village": "Suntikoppa",
        "survey_number": "103/6A",
        "khata_number": "0001",
        "landholder_name": "Siddappa Shetty (synthetic)",
        "land_type": "Garden (Tota)",
        "soil_type": "Red Sandy",
        "crop": "Fallow",
        "area_acres_guntas": "1A 4G",
        "area_acres_decimal": 1.1
      },
      "geometry": {
        "type": "Polygon",
        "coordinates": [
          [
            [75.892302, 12.178622],
            [75.892913, 12.178622],
            [75.892913, 12.179137],
            [75.892302, 12.179137],
            [75.892302, 12.178622]
          ]
        ]
      }
    },
    {
      "type": "Feature",
      "properties": {
        "data_source": "SYNTHETIC - not an official record",
        "state": "Karnataka",
        "district": "Kodagu",
        "taluk": "Madikeri",
        "hobli": "Madikeri",
        "village": "Madikeri",
        "survey_number": "145/1A",
        "khata_number": "0001",
        "landholder_name": "Rathnamma Naik (synthetic)",
        "land_type": "Wet (Baagayat)",
        "soil_type": "Red Loamy",
        "crop": "Paddy",
        "area_acres_guntas": "2A 25G",
        "area_acres_decimal": 2.62
      },
      "geometry": {
        "type": "Polygon",
        "coordinates": [
          [
            [75.651486, 12.589641],
            [75.652428, 12.589641],
            [75.652428, 12.590573],
            [75.651486, 12.590573],
            [75.651486, 12.589641]
          ]
        ]
      }
    },
    {
      "type": "Feature",
      "properties": {
        "data_source": "SYNTHETIC - not an official record",
        "state": "Karnataka",
        "district": "Bengaluru Rural",
        "taluk": "Doddaballapura",
        "hobli": "Doddaballapura",
        "village": "Doddaballapura",
        "survey_number": "103/3",
        "khata_number": "0001",
        "landholder_name": "Ramesh Setty (synthetic)",
        "land_type": "Garden (Tota)",
        "soil_type": "Laterite",
        "crop": "Maize",
        "area_acres_guntas": "1A 38G",
        "area_acres_decimal": 1.95
      },
      "geometry": {
        "type": "Polygon",
        "coordinates": [
          [
            [77.616634, 13.020037],
            [77.617373, 13.020037],
            [77.617373, 13.02084],
            [77.616634, 13.02084],
            [77.616634, 13.020037]
          ]
        ]
      }
    },
    {
      "type": "Feature",
      "properties": {
        "data_source": "SYNTHETIC - not an official record",
        "state": "Karnataka",
        "district": "Mandya",
        "taluk": "Maddur",
        "hobli": "Maddur",
        "village": "Belagola",
        "survey_number": "98/9",
        "khata_number": "0001",
        "landholder_name": "Rathnamma Shetty (synthetic)",
        "land_type": "Dry (Khushki)",
        "soil_type": "Laterite",
        "crop": "Areca Nut",
        "area_acres_guntas": "1A 21G",
        "area_acres_decimal": 1.52
      },
      "geometry": {
        "type": "Polygon",
        "coordinates": [
          [
            [77.11939, 12.554468],
            [77.120196, 12.554468],
            [77.120196, 12.555216],
            [77.11939, 12.555216],
            [77.11939, 12.554468]
          ]
        ]
      }
    },
    {
      "type": "Feature",
      "properties": {
        "data_source": "SYNTHETIC - not an official record",
        "state": "Karnataka",
        "district": "Belagavi",
        "taluk": "Chikodi",
        "hobli": "Chikodi",
        "village": "Kognoli",
        "survey_number": "155/8",
        "khata_number": "0002",
        "landholder_name": "Lakshmi Naik (synthetic)",
        "land_type": "Garden (Tota)",
        "soil_type": "Red Loamy",
        "crop": "Mulberry",
        "area_acres_guntas": "1A 17G",
        "area_acres_decimal": 1.43
      },
      "geometry": {
        "type": "Polygon",
        "coordinates": [
          [
            [74.692005, 16.018307],
            [74.692813, 16.018307],
            [74.692813, 16.019026],
            [74.692005, 16.019026],
            [74.692005, 16.018307]
          ]
        ]
      }
    },
    {
      "type": "Feature",
      "properties": {
        "data_source": "SYNTHETIC - not an official record",
        "state": "Karnataka",
        "district": "Belagavi",
        "taluk": "Athani",
        "hobli": "Athani",
        "village": "Athani",
        "survey_number": "255/2B",
        "khata_number": "0002",
        "landholder_name": "Puttaswamy Achar (synthetic)",
        "land_type": "Dry (Khushki)",
        "soil_type": "Red Loamy",
        "crop": "Paddy",
        "area_acres_guntas": "1A 16G",
        "area_acres_decimal": 1.4
      },
      "geometry": {
        "type": "Polygon",
        "coordinates": [
          [
            [74.866193, 15.814457],
            [74.866886, 15.814457],
            [74.866886, 15.815137],
            [74.866193, 15.815137],
            [74.866193, 15.814457]
          ]
        ]
      }
    },
    {
      "type": "Feature",
      "properties": {
        "data_source": "SYNTHETIC - not an official record",
        "state": "Karnataka",
        "district": "Mysuru",
        "taluk": "Mysuru",
        "hobli": "Kasaba",
        "village": "Bogadi",
        "survey_number": "282/9B",
        "khata_number": "0001",
        "landholder_name": "Suresh Achar (synthetic)",
        "land_type": "Garden (Tota)",
        "soil_type": "Laterite",
        "crop": "Paddy",
        "area_acres_guntas": "0A 35G",
        "area_acres_decimal": 0.88
      },
      "geometry": {
        "type": "Polygon",
        "coordinates": [
          [
            [76.51516, 12.502532],
            [76.515727, 12.502532],
            [76.515727, 12.503111],
            [76.51516, 12.503111],
            [76.51516, 12.502532]
          ]
        ]
      }
    },
    {
      "type": "Feature",
      "properties": {
        "data_source": "SYNTHETIC - not an official record",
        "state": "Karnataka",
        "district": "Hassan",
        "taluk": "Belur",
        "hobli": "Belur",
        "village": "Halebeedu",
        "survey_number": "278/1",
        "khata_number": "0001",
        "landholder_name": "Shivakumar Rao (synthetic)",
        "land_type": "Wet (Baagayat)",
        "soil_type": "Laterite",
        "crop": "Groundnut",
        "area_acres_guntas": "2A 23G",
        "area_acres_decimal": 2.58
      },
      "geometry": {
        "type": "Polygon",
        "coordinates": [
          [
            [76.334558, 13.177378],
            [76.335512, 13.177378],
            [76.335512, 13.178294],
            [76.334558, 13.178294],
            [76.334558, 13.177378]
          ]
        ]
      }
    },
    {
      "type": "Feature",
      "properties": {
        "data_source": "SYNTHETIC - not an official record",
        "state": "Karnataka",
        "district": "Chamarajanagar",
        "taluk": "Kollegal",
        "hobli": "Kollegal",
        "village": "Kollegal",
        "survey_number": "325",
        "khata_number": "0001",
        "landholder_name": "Siddappa Rao (synthetic)",
        "land_type": "Wet (Baagayat)",
        "soil_type": "Red Loamy",
        "crop": "Coconut",
        "area_acres_guntas": "2A 4G",
        "area_acres_decimal": 2.1
      },
      "geometry": {
        "type": "Polygon",
        "coordinates": [
          [
            [77.075782, 11.962523],
            [77.076706, 11.962523],
            [77.076706, 11.963285],
            [77.075782, 11.963285],
            [77.075782, 11.962523]
          ]
        ]
      }
    },
    {
      "type": "Feature",
      "properties": {
        "data_source": "SYNTHETIC - not an official record",
        "state": "Karnataka",
        "district": "Kodagu",
        "taluk": "Madikeri",
        "hobli": "Madikeri",
        "village": "Kutta",
        "survey_number": "240",
        "khata_number": "0002",
        "landholder_name": "Krishnappa Reddy (synthetic)",
        "land_type": "Garden (Tota)",
        "soil_type": "Laterite",
        "crop": "Coconut",
        "area_acres_guntas": "0A 13G",
        "area_acres_decimal": 0.33
      },
      "geometry": {
        "type": "Polygon",
        "coordinates": [
          [
            [75.59905, 12.574927],
            [75.599423, 12.574927],
            [75.599423, 12.575242],
            [75.59905, 12.575242],
            [75.59905, 12.574927]
          ]
        ]
      }
    },
    {
      "type": "Feature",
      "properties": {
        "data_source": "SYNTHETIC - not an official record",
        "state": "Karnataka",
        "district": "Tumakuru",
        "taluk": "Madhugiri",
        "hobli": "Madhugiri",
        "village": "Madhugiri",
        "survey_number": "135/7",
        "khata_number": "0001",
        "landholder_name": "Sharadamma Rao (synthetic)",
        "land_type": "Garden (Tota)",
        "soil_type": "Black Cotton",
        "crop": "Areca Nut",
        "area_acres_guntas": "3A 7G",
        "area_acres_decimal": 3.17
      },
      "geometry": {
        "type": "Polygon",
        "coordinates": [
          [
            [77.183421, 13.317296],
            [77.18447, 13.317296],
            [77.18447, 13.318258],
            [77.183421, 13.318258],
            [77.183421, 13.317296]
          ]
        ]
      }
    },
    {
      "type": "Feature",
      "properties": {
        "data_source": "SYNTHETIC - not an official record",
        "state": "Karnataka",
        "district": "Chamarajanagar",
        "taluk": "Chamarajanagar",
        "hobli": "Chamarajanagar",
        "village": "Santemarahalli",
        "survey_number": "98",
        "khata_number": "0001",
        "landholder_name": "Ramesh Gowda (synthetic)",
        "land_type": "Garden (Tota)",
        "soil_type": "Black Cotton",
        "crop": "Fallow",
        "area_acres_guntas": "0A 3G",
        "area_acres_decimal": 0.07
      },
      "geometry": {
        "type": "Polygon",
        "coordinates": [
          [
            [77.052459, 12.019436],
            [77.052617, 12.019436],
            [77.052617, 12.019604],
            [77.052459, 12.019604],
            [77.052459, 12.019436]
          ]
        ]
      }
    },
    {
      "type": "Feature",
      "properties": {
        "data_source": "SYNTHETIC - not an official record",
        "state": "Karnataka",
        "district": "Mandya",
        "taluk": "Malavalli",
        "hobli": "Malavalli",
        "village": "Basaralu",
        "survey_number": "347/9A",
        "khata_number": "0003",
        "landholder_name": "Krishnappa Reddy (synthetic)",
        "land_type": "Wet (Baagayat)",
        "soil_type": "Laterite",
        "crop": "Cotton",
        "area_acres_guntas": "2A 13G",
        "area_acres_decimal": 2.33
      },
      "geometry": {
        "type": "Polygon",
        "coordinates": [
          [
            [76.788718, 12.647457],
            [76.789571, 12.647457],
            [76.789571, 12.648331],
            [76.788718, 12.648331],
            [76.788718, 12.647457]
          ]
        ]
      }
    },
    {
      "type": "Feature",
      "properties": {
        "data_source": "SYNTHETIC - not an official record",
        "state": "Karnataka",
        "district": "Mandya",
        "taluk": "Srirangapatna",
        "hobli": "Srirangapatna",
        "village": "Pandavapura Road",
        "survey_number": "228",
        "khata_number": "0001",
        "landholder_name": "Basavaraj Achar (synthetic)",
        "land_type": "Wet (Baagayat)",
        "soil_type": "Red Sandy",
        "crop": "Areca Nut",
        "area_acres_guntas": "2A 35G",
        "area_acres_decimal": 2.88
      },
      "geometry": {
        "type": "Polygon",
        "coordinates": [
          [
            [77.068458, 12.653935],
            [77.069532, 12.653935],
            [77.069532, 12.655003],
            [77.068458, 12.655003],
            [77.068458, 12.653935]
          ]
        ]
      }
    },
    {
      "type": "Feature",
      "properties": {
        "data_source": "SYNTHETIC - not an official record",
        "state": "Karnataka",
        "district": "Tumakuru",
        "taluk": "Pavagada",
        "hobli": "Pavagada",
        "village": "Pavagada",
        "survey_number": "279/7B",
        "khata_number": "0001",
        "landholder_name": "Manjunath Rao (synthetic)",
        "land_type": "Wet (Baagayat)",
        "soil_type": "Red Loamy",
        "crop": "Sugarcane",
        "area_acres_guntas": "0A 19G",
        "area_acres_decimal": 0.47
      },
      "geometry": {
        "type": "Polygon",
        "coordinates": [
          [
            [77.080824, 13.251871],
            [77.081193, 13.251871],
            [77.081193, 13.252283],
            [77.080824, 13.252283],
            [77.080824, 13.251871]
          ]
        ]
      }
    },
    {
      "type": "Feature",
      "properties": {
        "data_source": "SYNTHETIC - not an official record",
        "state": "Karnataka",
        "district": "Dharwad",
        "taluk": "Kalghatgi",
        "hobli": "Kalghatgi",
        "village": "Tabakhana",
        "survey_number": "337/6",
        "khata_number": "0002",
        "landholder_name": "Lakshmi Naik (synthetic)",
        "land_type": "Garden (Tota)",
        "soil_type": "Red Sandy",
        "crop": "Cotton",
        "area_acres_guntas": "3A 33G",
        "area_acres_decimal": 3.83
      },
      "geometry": {
        "type": "Polygon",
        "coordinates": [
          [
            [75.390221, 15.318848],
            [75.39149, 15.318848],
            [75.39149, 15.319904],
            [75.390221, 15.319904],
            [75.390221, 15.318848]
          ]
        ]
      }
    },
    {
      "type": "Feature",
      "properties": {
        "data_source": "SYNTHETIC - not an official record",
        "state": "Karnataka",
        "district": "Belagavi",
        "taluk": "Athani",
        "hobli": "Athani",
        "village": "Kagwad",
        "survey_number": "188/6B",
        "khata_number": "0002",
        "landholder_name": "Basavaraj Shetty (synthetic)",
        "land_type": "Wet (Baagayat)",
        "soil_type": "Red Sandy",
        "crop": "Coffee",
        "area_acres_guntas": "3A 34G",
        "area_acres_decimal": 3.85
      },
      "geometry": {
        "type": "Polygon",
        "coordinates": [
          [
            [74.723629, 15.800269],
            [74.724676, 15.800269],
            [74.724676, 15.801425],
            [74.723629, 15.801425],
            [74.723629, 15.800269]
          ]
        ]
      }
    },
    {
      "type": "Feature",
      "properties": {
        "data_source": "SYNTHETIC - not an official record",
        "state": "Karnataka",
        "district": "Mandya",
        "taluk": "Srirangapatna",
        "hobli": "Srirangapatna",
        "village": "Ganjam",
        "survey_number": "30",
        "khata_number": "0001",
        "landholder_name": "Nagaraj Setty (synthetic)",
        "land_type": "Garden (Tota)",
        "soil_type": "Red Loamy",
        "crop": "Coconut",
        "area_acres_guntas": "2A 34G",
        "area_acres_decimal": 2.85
      },
      "geometry": {
        "type": "Polygon",
        "coordinates": [
          [
            [77.055493, 12.380197],
            [77.05636, 12.380197],
            [77.05636, 12.381043],
            [77.055493, 12.381043],
            [77.055493, 12.380197]
          ]
        ]
      }
    },
    {
      "type": "Feature",
      "properties": {
        "data_source": "SYNTHETIC - not an official record",
        "state": "Karnataka",
        "district": "Mandya",
        "taluk": "Malavalli",
        "hobli": "Malavalli",
        "village": "Basaralu",
        "survey_number": "333/7",
        "khata_number": "0004",
        "landholder_name": "Krishnappa Poojary (synthetic)",
        "land_type": "Garden (Tota)",
        "soil_type": "Laterite",
        "crop": "Maize",
        "area_acres_guntas": "3A 22G",
        "area_acres_decimal": 3.55
      },
      "geometry": {
        "type": "Polygon",
        "coordinates": [
          [
            [76.976243, 12.318109],
            [76.977295, 12.318109],
            [76.977295, 12.31934],
            [76.976243, 12.31934],
            [76.976243, 12.318109]
          ]
        ]
      }
    },
    {
      "type": "Feature",
      "properties": {
        "data_source": "SYNTHETIC - not an official record",
        "state": "Karnataka",
        "district": "Dharwad",
        "taluk": "Hubballi",
        "hobli": "Hubballi",
        "village": "Rayapur",
        "survey_number": "342",
        "khata_number": "0003",
        "landholder_name": "Rathnamma Shetty (synthetic)",
        "land_type": "Wet (Baagayat)",
        "soil_type": "Red Loamy",
        "crop": "Groundnut",
        "area_acres_guntas": "2A 0G",
        "area_acres_decimal": 2.0
      },
      "geometry": {
        "type": "Polygon",
        "coordinates": [
          [
            [75.258621, 15.232725],
            [75.259537, 15.232725],
            [75.259537, 15.233516],
            [75.258621, 15.233516],
            [75.258621, 15.232725]
          ]
        ]
      }
    },
    {
      "type": "Feature",
      "properties": {
        "data_source": "SYNTHETIC - not an official record",
        "state": "Karnataka",
        "district": "Kodagu",
        "taluk": "Virajpet",
        "hobli": "Virajpet",
        "village": "Virajpet",
        "survey_number": "86/6",
        "khata_number": "0001",
        "landholder_name": "Krishnappa Shetty (synthetic)",
        "land_type": "Garden (Tota)",
        "soil_type": "Red Sandy",
        "crop": "Sugarcane",
        "area_acres_guntas": "0A 30G",
        "area_acres_decimal": 0.75
      },
      "geometry": {
        "type": "Polygon",
        "coordinates": [
          [
            [76.045266, 12.357542],
            [76.045745, 12.357542],
            [76.045745, 12.357981],
            [76.045266, 12.357981],
            [76.045266, 12.357542]
          ]
        ]
      }
    },
    {
      "type": "Feature",
      "properties": {
        "data_source": "SYNTHETIC - not an official record",
        "state": "Karnataka",
        "district": "Mysuru",
        "taluk": "T. Narasipura",
        "hobli": "Bannur",
        "village": "Bannur",
        "survey_number": "19",
        "khata_number": "0001",
        "landholder_name": "Shivakumar Achar (synthetic)",
        "land_type": "Wet (Baagayat)",
        "soil_type": "Black Cotton",
        "crop": "Coffee",
        "area_acres_guntas": "3A 38G",
        "area_acres_decimal": 3.95
      },
      "geometry": {
        "type": "Polygon",
        "coordinates": [
          [
            [76.681448, 12.504088],
            [76.682618, 12.504088],
            [76.682618, 12.505207],
            [76.681448, 12.505207],
            [76.681448, 12.504088]
          ]
        ]
      }
    },
    {
      "type": "Feature",
      "properties": {
        "data_source": "SYNTHETIC - not an official record",
        "state": "Karnataka",
        "district": "Hassan",
        "taluk": "Belur",
        "hobli": "Belur",
        "village": "Gandasi",
        "survey_number": "246/5",
        "khata_number": "0001",
        "landholder_name": "Krishnappa Achar (synthetic)",
        "land_type": "Garden (Tota)",
        "soil_type": "Red Loamy",
        "crop": "Groundnut",
        "area_acres_guntas": "3A 14G",
        "area_acres_decimal": 3.35
      },
      "geometry": {
        "type": "Polygon",
        "coordinates": [
          [
            [76.123595, 13.158084],
            [76.12464, 13.158084],
            [76.12464, 13.159044],
            [76.123595, 13.159044],
            [76.123595, 13.158084]
          ]
        ]
      }
    },
    {
      "type": "Feature",
      "properties": {
        "data_source": "SYNTHETIC - not an official record",
        "state": "Karnataka",
        "district": "Shivamogga",
        "taluk": "Thirthahalli",
        "hobli": "Thirthahalli",
        "village": "Agumbe",
        "survey_number": "122/1",
        "khata_number": "0002",
        "landholder_name": "Krishnappa Rao (synthetic)",
        "land_type": "Dry (Khushki)",
        "soil_type": "Black Cotton",
        "crop": "Coconut",
        "area_acres_guntas": "3A 10G",
        "area_acres_decimal": 3.25
      },
      "geometry": {
        "type": "Polygon",
        "coordinates": [
          [
            [75.713264, 13.708507],
            [75.714414, 13.708507],
            [75.714414, 13.70943],
            [75.713264, 13.70943],
            [75.713264, 13.708507]
          ]
        ]
      }
    },
    {
      "type": "Feature",
      "properties": {
        "data_source": "SYNTHETIC - not an official record",
        "state": "Karnataka",
        "district": "Shivamogga",
        "taluk": "Thirthahalli",
        "hobli": "Thirthahalli",
        "village": "Thirthahalli",
        "survey_number": "1",
        "khata_number": "0002",
        "landholder_name": "Mahadevaiah Gowda (synthetic)",
        "land_type": "Wet (Baagayat)",
        "soil_type": "Red Loamy",
        "crop": "Sugarcane",
        "area_acres_guntas": "3A 29G",
        "area_acres_decimal": 3.73
      },
      "geometry": {
        "type": "Polygon",
        "coordinates": [
          [
            [75.394828, 14.064594],
            [75.395826, 14.064594],
            [75.395826, 14.065784],
            [75.394828, 14.065784],
            [75.394828, 14.064594]
          ]
        ]
      }
    },
    {
      "type": "Feature",
      "properties": {
        "data_source": "SYNTHETIC - not an official record",
        "state": "Karnataka",
        "district": "Kodagu",
        "taluk": "Somwarpet",
        "hobli": "Somwarpet",
        "village": "Somwarpet",
        "survey_number": "226/1B",
        "khata_number": "0001",
        "landholder_name": "Venkatesh Reddy (synthetic)",
        "land_type": "Wet (Baagayat)",
        "soil_type": "Red Sandy",
        "crop": "Areca Nut",
        "area_acres_guntas": "2A 19G",
        "area_acres_decimal": 2.48
      },
      "geometry": {
        "type": "Polygon",
        "coordinates": [
          [
            [76.00793, 12.215014],
            [76.008828, 12.215014],
            [76.008828, 12.215932],
            [76.00793, 12.215932],
            [76.00793, 12.215014]
          ]
        ]
      }
    },
    {
      "type": "Feature",
      "properties": {
        "data_source": "SYNTHETIC - not an official record",
        "state": "Karnataka",
        "district": "Tumakuru",
        "taluk": "Sira",
        "hobli": "Sira",
        "village": "Bukkapatna",
        "survey_number": "347",
        "khata_number": "0001",
        "landholder_name": "Puttaswamy Shetty (synthetic)",
        "land_type": "Wet (Baagayat)",
        "soil_type": "Black Cotton",
        "crop": "Cotton",
        "area_acres_guntas": "2A 36G",
        "area_acres_decimal": 2.9
      },
      "geometry": {
        "type": "Polygon",
        "coordinates": [
          [
            [76.919834, 13.423303],
            [76.920721, 13.423303],
            [76.920721, 13.424358],
            [76.919834, 13.424358],
            [76.919834, 13.423303]
          ]
        ]
      }
    },
    {
      "type": "Feature",
      "properties": {
        "data_source": "SYNTHETIC - not an official record",
        "state": "Karnataka",
        "district": "Chamarajanagar",
        "taluk": "Chamarajanagar",
        "hobli": "Chamarajanagar",
        "village": "Yelandur",
        "survey_number": "173/7",
        "khata_number": "0002",
        "landholder_name": "Siddappa Setty (synthetic)",
        "land_type": "Dry (Khushki)",
        "soil_type": "Laterite",
        "crop": "Coffee",
        "area_acres_guntas": "0A 21G",
        "area_acres_decimal": 0.53
      },
      "geometry": {
        "type": "Polygon",
        "coordinates": [
          [
            [77.158524, 12.044671],
            [77.158926, 12.044671],
            [77.158926, 12.04506],
            [77.158524, 12.04506],
            [77.158524, 12.044671]
          ]
        ]
      }
    },
    {
      "type": "Feature",
      "properties": {
        "data_source": "SYNTHETIC - not an official record",
        "state": "Karnataka",
        "district": "Dharwad",
        "taluk": "Kalghatgi",
        "hobli": "Kalghatgi",
        "village": "Kalghatgi",
        "survey_number": "68/3",
        "khata_number": "0001",
        "landholder_name": "Rathnamma Achar (synthetic)",
        "land_type": "Dry (Khushki)",
        "soil_type": "Red Loamy",
        "crop": "Cotton",
        "area_acres_guntas": "0A 14G",
        "area_acres_decimal": 0.35
      },
      "geometry": {
        "type": "Polygon",
        "coordinates": [
          [
            [75.000781, 15.520666],
            [75.001084, 15.520666],
            [75.001084, 15.521055],
            [75.000781, 15.521055],
            [75.000781, 15.520666]
          ]
        ]
      }
    },
    {
      "type": "Feature",
      "properties": {
        "data_source": "SYNTHETIC - not an official record",
        "state": "Karnataka",
        "district": "Mandya",
        "taluk": "Srirangapatna",
        "hobli": "Srirangapatna",
        "village": "Ganjam",
        "survey_number": "106/3",
        "khata_number": "0002",
        "landholder_name": "Chandrashekar Gowda (synthetic)",
        "land_type": "Wet (Baagayat)",
        "soil_type": "Red Loamy",
        "crop": "Mulberry",
        "area_acres_guntas": "3A 39G",
        "area_acres_decimal": 3.98
      },
      "geometry": {
        "type": "Polygon",
        "coordinates": [
          [
            [77.112828, 12.338873],
            [77.114069, 12.338873],
            [77.114069, 12.340181],
            [77.112828, 12.340181],
            [77.112828, 12.338873]
          ]
        ]
      }
    },
    {
      "type": "Feature",
      "properties": {
        "data_source": "SYNTHETIC - not an official record",
        "state": "Karnataka",
        "district": "Chamarajanagar",
        "taluk": "Gundlupet",
        "hobli": "Gundlupet",
        "village": "Gundlupet",
        "survey_number": "55/7A",
        "khata_number": "0001",
        "landholder_name": "Chandrashekar Setty (synthetic)",
        "land_type": "Wet (Baagayat)",
        "soil_type": "Red Loamy",
        "crop": "Sugarcane",
        "area_acres_guntas": "1A 16G",
        "area_acres_decimal": 1.4
      },
      "geometry": {
        "type": "Polygon",
        "coordinates": [
          [
            [76.860744, 11.994981],
            [76.861493, 11.994981],
            [76.861493, 11.995741],
            [76.860744, 11.995741],
            [76.860744, 11.994981]
          ]
        ]
      }
    },
    {
      "type": "Feature",
      "properties": {
        "data_source": "SYNTHETIC - not an official record",
        "state": "Karnataka",
        "district": "Bengaluru Rural",
        "taluk": "Hoskote",
        "hobli": "Hoskote",
        "village": "Nandagudi",
        "survey_number": "265",
        "khata_number": "0001",
        "landholder_name": "Sharadamma Rao (synthetic)",
        "land_type": "Dry (Khushki)",
        "soil_type": "Laterite",
        "crop": "Coffee",
        "area_acres_guntas": "3A 21G",
        "area_acres_decimal": 3.52
      },
      "geometry": {
        "type": "Polygon",
        "coordinates": [
          [
            [77.370353, 13.356104],
            [77.371401, 13.356104],
            [77.371401, 13.357317],
            [77.370353, 13.357317],
            [77.370353, 13.356104]
          ]
        ]
      }
    },
    {
      "type": "Feature",
      "properties": {
        "data_source": "SYNTHETIC - not an official record",
        "state": "Karnataka",
        "district": "Dharwad",
        "taluk": "Hubballi",
        "hobli": "Hubballi",
        "village": "Amargol",
        "survey_number": "292/9A",
        "khata_number": "0002",
        "landholder_name": "Sharadamma Naik (synthetic)",
        "land_type": "Wet (Baagayat)",
        "soil_type": "Red Sandy",
        "crop": "Areca Nut",
        "area_acres_guntas": "1A 7G",
        "area_acres_decimal": 1.18
      },
      "geometry": {
        "type": "Polygon",
        "coordinates": [
          [
            [75.436424, 15.277537],
            [75.437154, 15.277537],
            [75.437154, 15.278067],
            [75.436424, 15.278067],
            [75.436424, 15.277537]
          ]
        ]
      }
    },
    {
      "type": "Feature",
      "properties": {
        "data_source": "SYNTHETIC - not an official record",
        "state": "Karnataka",
        "district": "Bengaluru Rural",
        "taluk": "Doddaballapura",
        "hobli": "Doddaballapura",
        "village": "Doddaballapura",
        "survey_number": "40",
        "khata_number": "0002",
        "landholder_name": "Ramesh Shetty (synthetic)",
        "land_type": "Garden (Tota)",
        "soil_type": "Red Sandy",
        "crop": "Areca Nut",
        "area_acres_guntas": "3A 39G",
        "area_acres_decimal": 3.98
      },
      "geometry": {
        "type": "Polygon",
        "coordinates": [
          [
            [77.392183, 13.273305],
            [77.393391, 13.273305],
            [77.393391, 13.274552],
            [77.392183, 13.274552],
            [77.392183, 13.273305]
          ]
        ]
      }
    },
    {
      "type": "Feature",
      "properties": {
        "data_source": "SYNTHETIC - not an official record",
        "state": "Karnataka",
        "district": "Kodagu",
        "taluk": "Somwarpet",
        "hobli": "Somwarpet",
        "village": "Kushalnagar",
        "survey_number": "61/3B",
        "khata_number": "0001",
        "landholder_name": "Krishnappa Achar (synthetic)",
        "land_type": "Dry (Khushki)",
        "soil_type": "Black Cotton",
        "crop": "Sugarcane",
        "area_acres_guntas": "2A 3G",
        "area_acres_decimal": 2.08
      },
      "geometry": {
        "type": "Polygon",
        "coordinates": [
          [
            [75.566089, 12.433573],
            [75.566972, 12.433573],
            [75.566972, 12.434285],
            [75.566089, 12.434285],
            [75.566089, 12.433573]
          ]
        ]
      }
    },
    {
      "type": "Feature",
      "properties": {
        "data_source": "SYNTHETIC - not an official record",
        "state": "Karnataka",
        "district": "Dharwad",
        "taluk": "Hubballi",
        "hobli": "Hubballi",
        "village": "Amargol",
        "survey_number": "290/7",
        "khata_number": "0003",
        "landholder_name": "Lakshmi Achar (synthetic)",
        "land_type": "Garden (Tota)",
        "soil_type": "Laterite",
        "crop": "Coconut",
        "area_acres_guntas": "0A 36G",
        "area_acres_decimal": 0.9
      },
      "geometry": {
        "type": "Polygon",
        "coordinates": [
          [
            [75.122473, 15.658041],
            [75.122972, 15.658041],
            [75.122972, 15.658657],
            [75.122473, 15.658657],
            [75.122473, 15.658041]
          ]
        ]
      }
    },
    {
      "type": "Feature",
      "properties": {
        "data_source": "SYNTHETIC - not an official record",
        "state": "Karnataka",
        "district": "Belagavi",
        "taluk": "Chikodi",
        "hobli": "Chikodi",
        "village": "Sadalga",
        "survey_number": "316/7",
        "khata_number": "0001",
        "landholder_name": "Suresh Poojary (synthetic)",
        "land_type": "Garden (Tota)",
        "soil_type": "Black Cotton",
        "crop": "Paddy",
        "area_acres_guntas": "0A 28G",
        "area_acres_decimal": 0.7
      },
      "geometry": {
        "type": "Polygon",
        "coordinates": [
          [
            [75.053398, 15.767756],
            [75.053858, 15.767756],
            [75.053858, 15.768289],
            [75.053398, 15.768289],
            [75.053398, 15.767756]
          ]
        ]
      }
    },
    {
      "type": "Feature",
      "properties": {
        "data_source": "SYNTHETIC - not an official record",
        "state": "Karnataka",
        "district": "Mandya",
        "taluk": "Maddur",
        "hobli": "Maddur",
        "village": "Maddur",
        "survey_number": "121/6B",
        "khata_number": "0001",
        "landholder_name": "Nagaraj Poojary (synthetic)",
        "land_type": "Dry (Khushki)",
        "soil_type": "Laterite",
        "crop": "Coffee",
        "area_acres_guntas": "0A 4G",
        "area_acres_decimal": 0.1
      },
      "geometry": {
        "type": "Polygon",
        "coordinates": [
          [
            [76.922409, 12.598323],
            [76.922572, 12.598323],
            [76.922572, 12.598521],
            [76.922409, 12.598521],
            [76.922409, 12.598323]
          ]
        ]
      }
    },
    {
      "type": "Feature",
      "properties": {
        "data_source": "SYNTHETIC - not an official record",
        "state": "Karnataka",
        "district": "Mysuru",
        "taluk": "T. Narasipura",
        "hobli": "Bannur",
        "village": "Bannur",
        "survey_number": "89/8B",
        "khata_number": "0002",
        "landholder_name": "Lakshmi Rao (synthetic)",
        "land_type": "Wet (Baagayat)",
        "soil_type": "Red Sandy",
        "crop": "Areca Nut",
        "area_acres_guntas": "1A 2G",
        "area_acres_decimal": 1.05
      },
      "geometry": {
        "type": "Polygon",
        "coordinates": [
          [
            [76.753807, 12.061673],
            [76.754373, 12.061673],
            [76.754373, 12.062252],
            [76.753807, 12.062252],
            [76.753807, 12.061673]
          ]
        ]
      }
    },
    {
      "type": "Feature",
      "properties": {
        "data_source": "SYNTHETIC - not an official record",
        "state": "Karnataka",
        "district": "Tumakuru",
        "taluk": "Madhugiri",
        "hobli": "Madhugiri",
        "village": "Madhugiri",
        "survey_number": "242/4B",
        "khata_number": "0002",
        "landholder_name": "Puttaswamy Naik (synthetic)",
        "land_type": "Dry (Khushki)",
        "soil_type": "Red Sandy",
        "crop": "Coffee",
        "area_acres_guntas": "2A 30G",
        "area_acres_decimal": 2.75
      },
      "geometry": {
        "type": "Polygon",
        "coordinates": [
          [
            [77.31655, 13.578145],
            [77.317386, 13.578145],
            [77.317386, 13.579134],
            [77.31655, 13.579134],
            [77.31655, 13.578145]
          ]
        ]
      }
    },
    {
      "type": "Feature",
      "properties": {
        "data_source": "SYNTHETIC - not an official record",
        "state": "Karnataka",
        "district": "Kodagu",
        "taluk": "Madikeri",
        "hobli": "Madikeri",
        "village": "Kutta",
        "survey_number": "161/5",
        "khata_number": "0003",
        "landholder_name": "Puttaswamy Rao (synthetic)",
        "land_type": "Garden (Tota)",
        "soil_type": "Laterite",
        "crop": "Cotton",
        "area_acres_guntas": "0A 10G",
        "area_acres_decimal": 0.25
      },
      "geometry": {
        "type": "Polygon",
        "coordinates": [
          [
            [75.602916, 12.532754],
            [75.603185, 12.532754],
            [75.603185, 12.533024],
            [75.602916, 12.533024],
            [75.602916, 12.532754]
          ]
        ]
      }
    },
    {
      "type": "Feature",
      "properties": {
        "data_source": "SYNTHETIC - not an official record",
        "state": "Karnataka",
        "district": "Hassan",
        "taluk": "Arsikere",
        "hobli": "Arsikere",
        "village": "Arsikere",
        "survey_number": "140/9A",
        "khata_number": "0001",
        "landholder_name": "Manjunath Poojary (synthetic)",
        "land_type": "Garden (Tota)",
        "soil_type": "Red Sandy",
        "crop": "Coffee",
        "area_acres_guntas": "1A 14G",
        "area_acres_decimal": 1.35
      },
      "geometry": {
        "type": "Polygon",
        "coordinates": [
          [
            [76.100395, 12.897384],
            [76.101033, 12.897384],
            [76.101033, 12.898078],
            [76.100395, 12.898078],
            [76.100395, 12.897384]
          ]
        ]
      }
    },
    {
      "type": "Feature",
      "properties": {
        "data_source": "SYNTHETIC - not an official record",
        "state": "Karnataka",
        "district": "Mandya",
        "taluk": "Srirangapatna",
        "hobli": "Srirangapatna",
        "village": "Pandavapura Road",
        "survey_number": "4/5",
        "khata_number": "0002",
        "landholder_name": "Ramesh Shetty (synthetic)",
        "land_type": "Garden (Tota)",
        "soil_type": "Black Cotton",
        "crop": "Paddy",
        "area_acres_guntas": "2A 12G",
        "area_acres_decimal": 2.3
      },
      "geometry": {
        "type": "Polygon",
        "coordinates": [
          [
            [76.686494, 12.723292],
            [76.687318, 12.723292],
            [76.687318, 12.724104],
            [76.686494, 12.724104],
            [76.686494, 12.723292]
          ]
        ]
      }
    },
    {
      "type": "Feature",
      "properties": {
        "data_source": "SYNTHETIC - not an official record",
        "state": "Karnataka",
        "district": "Hassan",
        "taluk": "Sakleshpur",
        "hobli": "Sakleshpur",
        "village": "Heggadde",
        "survey_number": "197",
        "khata_number": "0002",
        "landholder_name": "Basavaraj Shetty (synthetic)",
        "land_type": "Dry (Khushki)",
        "soil_type": "Red Sandy",
        "crop": "Groundnut",
        "area_acres_guntas": "2A 30G",
        "area_acres_decimal": 2.75
      },
      "geometry": {
        "type": "Polygon",
        "coordinates": [
          [
            [76.080287, 13.124818],
            [76.081346, 13.124818],
            [76.081346, 13.125773],
            [76.080287, 13.125773],
            [76.080287, 13.124818]
          ]
        ]
      }
    },
    {
      "type": "Feature",
      "properties": {
        "data_source": "SYNTHETIC - not an official record",
        "state": "Karnataka",
        "district": "Mandya",
        "taluk": "Maddur",
        "hobli": "Maddur",
        "village": "Kestur",
        "survey_number": "132/5B",
        "khata_number": "0001",
        "landholder_name": "Suresh Poojary (synthetic)",
        "land_type": "Dry (Khushki)",
        "soil_type": "Laterite",
        "crop": "Mulberry",
        "area_acres_guntas": "2A 2G",
        "area_acres_decimal": 2.05
      },
      "geometry": {
        "type": "Polygon",
        "coordinates": [
          [
            [76.767289, 12.489748],
            [76.768055, 12.489748],
            [76.768055, 12.490685],
            [76.767289, 12.490685],
            [76.767289, 12.489748]
          ]
        ]
      }
    },
    {
      "type": "Feature",
      "properties": {
        "data_source": "SYNTHETIC - not an official record",
        "state": "Karnataka",
        "district": "Hassan",
        "taluk": "Belur",
        "hobli": "Belur",
        "village": "Belur",
        "survey_number": "223",
        "khata_number": "0001",
        "landholder_name": "Suresh Setty (synthetic)",
        "land_type": "Dry (Khushki)",
        "soil_type": "Black Cotton",
        "crop": "Paddy",
        "area_acres_guntas": "1A 39G",
        "area_acres_decimal": 1.98
      },
      "geometry": {
        "type": "Polygon",
        "coordinates": [
          [
            [76.15378, 13.053896],
            [76.15452, 13.053896],
            [76.15452, 13.054657],
            [76.15378, 13.054657],
            [76.15378, 13.053896]
          ]
        ]
      }
    },
    {
      "type": "Feature",
      "properties": {
        "data_source": "SYNTHETIC - not an official record",
        "state": "Karnataka",
        "district": "Bengaluru Rural",
        "taluk": "Hoskote",
        "hobli": "Hoskote",
        "village": "Nandagudi",
        "survey_number": "256/2",
        "khata_number": "0002",
        "landholder_name": "Rathnamma Poojary (synthetic)",
        "land_type": "Wet (Baagayat)",
        "soil_type": "Black Cotton",
        "crop": "Coffee",
        "area_acres_guntas": "3A 38G",
        "area_acres_decimal": 3.95
      },
      "geometry": {
        "type": "Polygon",
        "coordinates": [
          [
            [77.689718, 13.382153],
            [77.69099, 13.382153],
            [77.69099, 13.383142],
            [77.689718, 13.383142],
            [77.689718, 13.382153]
          ]
        ]
      }
    },
    {
      "type": "Feature",
      "properties": {
        "data_source": "SYNTHETIC - not an official record",
        "state": "Karnataka",
        "district": "Tumakuru",
        "taluk": "Pavagada",
        "hobli": "Pavagada",
        "village": "Pavagada",
        "survey_number": "66/3A",
        "khata_number": "0002",
        "landholder_name": "Manjunath Achar (synthetic)",
        "land_type": "Wet (Baagayat)",
        "soil_type": "Red Loamy",
        "crop": "Groundnut",
        "area_acres_guntas": "0A 15G",
        "area_acres_decimal": 0.38
      },
      "geometry": {
        "type": "Polygon",
        "coordinates": [
          [
            [77.201706, 13.568426],
            [77.202059, 13.568426],
            [77.202059, 13.568782],
            [77.201706, 13.568782],
            [77.201706, 13.568426]
          ]
        ]
      }
    },
    {
      "type": "Feature",
      "properties": {
        "data_source": "SYNTHETIC - not an official record",
        "state": "Karnataka",
        "district": "Shivamogga",
        "taluk": "Sagar",
        "hobli": "Sagar",
        "village": "Anandapuram",
        "survey_number": "18",
        "khata_number": "0001",
        "landholder_name": "Lakshmi Naik (synthetic)",
        "land_type": "Garden (Tota)",
        "soil_type": "Laterite",
        "crop": "Coffee",
        "area_acres_guntas": "3A 5G",
        "area_acres_decimal": 3.12
      },
      "geometry": {
        "type": "Polygon",
        "coordinates": [
          [
            [75.531631, 13.717758],
            [75.532808, 13.717758],
            [75.532808, 13.718729],
            [75.531631, 13.718729],
            [75.531631, 13.717758]
          ]
        ]
      }
    },
    {
      "type": "Feature",
      "properties": {
        "data_source": "SYNTHETIC - not an official record",
        "state": "Karnataka",
        "district": "Mysuru",
        "taluk": "Mysuru",
        "hobli": "Kasaba",
        "village": "Ilavala",
        "survey_number": "176",
        "khata_number": "0001",
        "landholder_name": "Basavaraj Poojary (synthetic)",
        "land_type": "Wet (Baagayat)",
        "soil_type": "Red Loamy",
        "crop": "Coconut",
        "area_acres_guntas": "1A 26G",
        "area_acres_decimal": 1.65
      },
      "geometry": {
        "type": "Polygon",
        "coordinates": [
          [
            [76.682255, 12.547036],
            [76.682974, 12.547036],
            [76.682974, 12.547702],
            [76.682255, 12.547702],
            [76.682255, 12.547036]
          ]
        ]
      }
    },
    {
      "type": "Feature",
      "properties": {
        "data_source": "SYNTHETIC - not an official record",
        "state": "Karnataka",
        "district": "Kodagu",
        "taluk": "Somwarpet",
        "hobli": "Somwarpet",
        "village": "Somwarpet",
        "survey_number": "242/8",
        "khata_number": "0002",
        "landholder_name": "Shivakumar Gowda (synthetic)",
        "land_type": "Dry (Khushki)",
        "soil_type": "Laterite",
        "crop": "Groundnut",
        "area_acres_guntas": "3A 4G",
        "area_acres_decimal": 3.1
      },
      "geometry": {
        "type": "Polygon",
        "coordinates": [
          [
            [75.846497, 12.549329],
            [75.84739, 12.549329],
            [75.84739, 12.55027],
            [75.846497, 12.55027],
            [75.846497, 12.549329]
          ]
        ]
      }
    },
    {
      "type": "Feature",
      "properties": {
        "data_source": "SYNTHETIC - not an official record",
        "state": "Karnataka",
        "district": "Shivamogga",
        "taluk": "Bhadravati",
        "hobli": "Bhadravati",
        "village": "Tarikere Road",
        "survey_number": "333/4",
        "khata_number": "0001",
        "landholder_name": "Ramesh Setty (synthetic)",
        "land_type": "Dry (Khushki)",
        "soil_type": "Red Sandy",
        "crop": "Areca Nut",
        "area_acres_guntas": "1A 15G",
        "area_acres_decimal": 1.38
      },
      "geometry": {
        "type": "Polygon",
        "coordinates": [
          [
            [75.450798, 13.876102],
            [75.451538, 13.876102],
            [75.451538, 13.876857],
            [75.450798, 13.876857],
            [75.450798, 13.876102]
          ]
        ]
      }
    },
    {
      "type": "Feature",
      "properties": {
        "data_source": "SYNTHETIC - not an official record",
        "state": "Karnataka",
        "district": "Belagavi",
        "taluk": "Gokak",
        "hobli": "Gokak",
        "village": "Gokak",
        "survey_number": "132/9",
        "khata_number": "0002",
        "landholder_name": "Suresh Naik (synthetic)",
        "land_type": "Garden (Tota)",
        "soil_type": "Laterite",
        "crop": "Coffee",
        "area_acres_guntas": "0A 12G",
        "area_acres_decimal": 0.3
      },
      "geometry": {
        "type": "Polygon",
        "coordinates": [
          [
            [75.027129, 15.810525],
            [75.027421, 15.810525],
            [75.027421, 15.810848],
            [75.027129, 15.810848],
            [75.027129, 15.810525]
          ]
        ]
      }
    },
    {
      "type": "Feature",
      "properties": {
        "data_source": "SYNTHETIC - not an official record",
        "state": "Karnataka",
        "district": "Chamarajanagar",
        "taluk": "Gundlupet",
        "hobli": "Gundlupet",
        "village": "Bandipur",
        "survey_number": "265/5B",
        "khata_number": "0001",
        "landholder_name": "Venkatesh Achar (synthetic)",
        "land_type": "Wet (Baagayat)",
        "soil_type": "Laterite",
        "crop": "Fallow",
        "area_acres_guntas": "1A 13G",
        "area_acres_decimal": 1.32
      },
      "geometry": {
        "type": "Polygon",
        "coordinates": [
          [
            [76.928941, 12.016675],
            [76.929682, 12.016675],
            [76.929682, 12.01734],
            [76.928941, 12.01734],
            [76.928941, 12.016675]
          ]
        ]
      }
    },
    {
      "type": "Feature",
      "properties": {
        "data_source": "SYNTHETIC - not an official record",
        "state": "Karnataka",
        "district": "Hassan",
        "taluk": "Belur",
        "hobli": "Belur",
        "village": "Gandasi",
        "survey_number": "150",
        "khata_number": "0002",
        "landholder_name": "Puttaswamy Setty (synthetic)",
        "land_type": "Dry (Khushki)",
        "soil_type": "Laterite",
        "crop": "Ragi",
        "area_acres_guntas": "0A 19G",
        "area_acres_decimal": 0.47
      },
      "geometry": {
        "type": "Polygon",
        "coordinates": [
          [
            [76.282775, 12.862851],
            [76.283197, 12.862851],
            [76.283197, 12.863193],
            [76.282775, 12.863193],
            [76.282775, 12.862851]
          ]
        ]
      }
    },
    {
      "type": "Feature",
      "properties": {
        "data_source": "SYNTHETIC - not an official record",
        "state": "Karnataka",
        "district": "Mandya",
        "taluk": "Srirangapatna",
        "hobli": "Srirangapatna",
        "village": "Srirangapatna",
        "survey_number": "219",
        "khata_number": "0001",
        "landholder_name": "Gowramma Naik (synthetic)",
        "land_type": "Wet (Baagayat)",
        "soil_type": "Red Sandy",
        "crop": "Coconut",
        "area_acres_guntas": "2A 31G",
        "area_acres_decimal": 2.77
      },
      "geometry": {
        "type": "Polygon",
        "coordinates": [
          [
            [77.041136, 12.399354],
            [77.042172, 12.399354],
            [77.042172, 12.400229],
            [77.041136, 12.400229],
            [77.041136, 12.399354]
          ]
        ]
      }
    },
    {
      "type": "Feature",
      "properties": {
        "data_source": "SYNTHETIC - not an official record",
        "state": "Karnataka",
        "district": "Dharwad",
        "taluk": "Hubballi",
        "hobli": "Hubballi",
        "village": "Amargol",
        "survey_number": "48/6",
        "khata_number": "0004",
        "landholder_name": "Gowramma Rao (synthetic)",
        "land_type": "Garden (Tota)",
        "soil_type": "Red Sandy",
        "crop": "Sugarcane",
        "area_acres_guntas": "0A 25G",
        "area_acres_decimal": 0.62
      },
      "geometry": {
        "type": "Polygon",
        "coordinates": [
          [
            [75.282395, 15.329651],
            [75.28281, 15.329651],
            [75.28281, 15.330158],
            [75.282395, 15.330158],
            [75.282395, 15.329651]
          ]
        ]
      }
    },
    {
      "type": "Feature",
      "properties": {
        "data_source": "SYNTHETIC - not an official record",
        "state": "Karnataka",
        "district": "Mysuru",
        "taluk": "T. Narasipura",
        "hobli": "Bannur",
        "village": "Talakadu",
        "survey_number": "167",
        "khata_number": "0002",
        "landholder_name": "Siddappa Achar (synthetic)",
        "land_type": "Wet (Baagayat)",
        "soil_type": "Red Sandy",
        "crop": "Maize",
        "area_acres_guntas": "2A 16G",
        "area_acres_decimal": 2.4
      },
      "geometry": {
        "type": "Polygon",
        "coordinates": [
          [
            [76.812901, 12.1995],
            [76.813895, 12.1995],
            [76.813895, 12.200491],
            [76.812901, 12.200491],
            [76.812901, 12.1995]
          ]
        ]
      }
    },
    {
      "type": "Feature",
      "properties": {
        "data_source": "SYNTHETIC - not an official record",
        "state": "Karnataka",
        "district": "Bengaluru Rural",
        "taluk": "Doddaballapura",
        "hobli": "Doddaballapura",
        "village": "Madhure",
        "survey_number": "111/1B",
        "khata_number": "0001",
        "landholder_name": "Gowramma Gowda (synthetic)",
        "land_type": "Wet (Baagayat)",
        "soil_type": "Red Sandy",
        "crop": "Paddy",
        "area_acres_guntas": "0A 29G",
        "area_acres_decimal": 0.72
      },
      "geometry": {
        "type": "Polygon",
        "coordinates": [
          [
            [77.315236, 13.353409],
            [77.315793, 13.353409],
            [77.315793, 13.353878],
            [77.315236, 13.353878],
            [77.315236, 13.353409]
          ]
        ]
      }
    },
    {
      "type": "Feature",
      "properties": {
        "data_source": "SYNTHETIC - not an official record",
        "state": "Karnataka",
        "district": "Hassan",
        "taluk": "Arsikere",
        "hobli": "Arsikere",
        "village": "Javagal",
        "survey_number": "243/1",
        "khata_number": "0001",
        "landholder_name": "Gowramma Gowda (synthetic)",
        "land_type": "Dry (Khushki)",
        "soil_type": "Black Cotton",
        "crop": "Sugarcane",
        "area_acres_guntas": "1A 33G",
        "area_acres_decimal": 1.82
      },
      "geometry": {
        "type": "Polygon",
        "coordinates": [
          [
            [75.986092, 12.997126],
            [75.986767, 12.997126],
            [75.986767, 12.997909],
            [75.986092, 12.997909],
            [75.986092, 12.997126]
          ]
        ]
      }
    },
    {
      "type": "Feature",
      "properties": {
        "data_source": "SYNTHETIC - not an official record",
        "state": "Karnataka",
        "district": "Kodagu",
        "taluk": "Virajpet",
        "hobli": "Virajpet",
        "village": "Ponnampet",
        "survey_number": "41/9",
        "khata_number": "0001",
        "landholder_name": "Basavaraj Shetty (synthetic)",
        "land_type": "Dry (Khushki)",
        "soil_type": "Red Sandy",
        "crop": "Ragi",
        "area_acres_guntas": "1A 25G",
        "area_acres_decimal": 1.62
      },
      "geometry": {
        "type": "Polygon",
        "coordinates": [
          [
            [75.974093, 12.552228],
            [75.974882, 12.552228],
            [75.974882, 12.553059],
            [75.974093, 12.553059],
            [75.974093, 12.552228]
          ]
        ]
      }
    },
    {
      "type": "Feature",
      "properties": {
        "data_source": "SYNTHETIC - not an official record",
        "state": "Karnataka",
        "district": "Tumakuru",
        "taluk": "Pavagada",
        "hobli": "Pavagada",
        "village": "Rajapura",
        "survey_number": "190/5B",
        "khata_number": "0001",
        "landholder_name": "Krishnappa Reddy (synthetic)",
        "land_type": "Garden (Tota)",
        "soil_type": "Laterite",
        "crop": "Groundnut",
        "area_acres_guntas": "1A 15G",
        "area_acres_decimal": 1.38
      },
      "geometry": {
        "type": "Polygon",
        "coordinates": [
          [
            [77.094995, 13.37155],
            [77.095659, 13.37155],
            [77.095659, 13.372265],
            [77.094995, 13.372265],
            [77.094995, 13.37155]
          ]
        ]
      }
    },
    {
      "type": "Feature",
      "properties": {
        "data_source": "SYNTHETIC - not an official record",
        "state": "Karnataka",
        "district": "Mandya",
        "taluk": "Malavalli",
        "hobli": "Malavalli",
        "village": "Basaralu",
        "survey_number": "263/1A",
        "khata_number": "0005",
        "landholder_name": "Gowramma Rao (synthetic)",
        "land_type": "Wet (Baagayat)",
        "soil_type": "Red Loamy",
        "crop": "Cotton",
        "area_acres_guntas": "2A 16G",
        "area_acres_decimal": 2.4
      },
      "geometry": {
        "type": "Polygon",
        "coordinates": [
          [
            [76.804646, 12.694002],
            [76.805528, 12.694002],
            [76.805528, 12.694953],
            [76.804646, 12.694953],
            [76.804646, 12.694002]
          ]
        ]
      }
    },
    {
      "type": "Feature",
      "properties": {
        "data_source": "SYNTHETIC - not an official record",
        "state": "Karnataka",
        "district": "Chamarajanagar",
        "taluk": "Gundlupet",
        "hobli": "Gundlupet",
        "village": "Terakanambi",
        "survey_number": "105/7A",
        "khata_number": "0002",
        "landholder_name": "Chandrashekar Shetty (synthetic)",
        "land_type": "Garden (Tota)",
        "soil_type": "Black Cotton",
        "crop": "Sugarcane",
        "area_acres_guntas": "1A 12G",
        "area_acres_decimal": 1.3
      },
      "geometry": {
        "type": "Polygon",
        "coordinates": [
          [
            [77.031098, 11.761447],
            [77.031741, 11.761447],
            [77.031741, 11.762133],
            [77.031098, 11.762133],
            [77.031098, 11.761447]
          ]
        ]
      }
    },
    {
      "type": "Feature",
      "properties": {
        "data_source": "SYNTHETIC - not an official record",
        "state": "Karnataka",
        "district": "Mysuru",
        "taluk": "T. Narasipura",
        "hobli": "Bannur",
        "village": "Suttur",
        "survey_number": "69/5",
        "khata_number": "0001",
        "landholder_name": "Nagaraj Gowda (synthetic)",
        "land_type": "Garden (Tota)",
        "soil_type": "Laterite",
        "crop": "Fallow",
        "area_acres_guntas": "3A 8G",
        "area_acres_decimal": 3.2
      },
      "geometry": {
        "type": "Polygon",
        "coordinates": [
          [
            [76.736462, 12.444835],
            [76.73737, 12.444835],
            [76.73737, 12.445926],
            [76.736462, 12.445926],
            [76.736462, 12.444835]
          ]
        ]
      }
    },
    {
      "type": "Feature",
      "properties": {
        "data_source": "SYNTHETIC - not an official record",
        "state": "Karnataka",
        "district": "Kodagu",
        "taluk": "Somwarpet",
        "hobli": "Somwarpet",
        "village": "Kushalnagar",
        "survey_number": "62/6A",
        "khata_number": "0002",
        "landholder_name": "Mahadevaiah Naik (synthetic)",
        "land_type": "Wet (Baagayat)",
        "soil_type": "Red Sandy",
        "crop": "Areca Nut",
        "area_acres_guntas": "0A 19G",
        "area_acres_decimal": 0.47
      },
      "geometry": {
        "type": "Polygon",
        "coordinates": [
          [
            [75.915421, 12.666594],
            [75.915816, 12.666594],
            [75.915816, 12.667031],
            [75.915421, 12.667031],
            [75.915421, 12.666594]
          ]
        ]
      }
    },
    {
      "type": "Feature",
      "properties": {
        "data_source": "SYNTHETIC - not an official record",
        "state": "Karnataka",
        "district": "Belagavi",
        "taluk": "Athani",
        "hobli": "Athani",
        "village": "Kagwad",
        "survey_number": "296",
        "khata_number": "0003",
        "landholder_name": "Ramesh Rao (synthetic)",
        "land_type": "Wet (Baagayat)",
        "soil_type": "Red Loamy",
        "crop": "Areca Nut",
        "area_acres_guntas": "2A 31G",
        "area_acres_decimal": 2.77
      },
      "geometry": {
        "type": "Polygon",
        "coordinates": [
          [
            [74.803608, 15.690573],
            [74.804578, 15.690573],
            [74.804578, 15.691427],
            [74.803608, 15.691427],
            [74.803608, 15.690573]
          ]
        ]
      }
    },
    {
      "type": "Feature",
      "properties": {
        "data_source": "SYNTHETIC - not an official record",
        "state": "Karnataka",
        "district": "Bengaluru Rural",
        "taluk": "Hoskote",
        "hobli": "Hoskote",
        "village": "Hoskote",
        "survey_number": "165",
        "khata_number": "0001",
        "landholder_name": "Mahadevaiah Reddy (synthetic)",
        "land_type": "Wet (Baagayat)",
        "soil_type": "Red Sandy",
        "crop": "Groundnut",
        "area_acres_guntas": "0A 9G",
        "area_acres_decimal": 0.23
      },
      "geometry": {
        "type": "Polygon",
        "coordinates": [
          [
            [77.436764, 13.19992],
            [77.43701, 13.19992],
            [77.43701, 13.200228],
            [77.436764, 13.200228],
            [77.436764, 13.19992]
          ]
        ]
      }
    },
    {
      "type": "Feature",
      "properties": {
        "data_source": "SYNTHETIC - not an official record",
        "state": "Karnataka",
        "district": "Mysuru",
        "taluk": "Mysuru",
        "hobli": "Kasaba",
        "village": "Bogadi",
        "survey_number": "104/7",
        "khata_number": "0002",
        "landholder_name": "Shivakumar Rao (synthetic)",
        "land_type": "Wet (Baagayat)",
        "soil_type": "Laterite",
        "crop": "Groundnut",
        "area_acres_guntas": "0A 13G",
        "area_acres_decimal": 0.33
      },
      "geometry": {
        "type": "Polygon",
        "coordinates": [
          [
            [76.631547, 12.548407],
            [76.63189, 12.548407],
            [76.63189, 12.548751],
            [76.631547, 12.548751],
            [76.631547, 12.548407]
          ]
        ]
      }
    },
    {
      "type": "Feature",
      "properties": {
        "data_source": "SYNTHETIC - not an official record",
        "state": "Karnataka",
        "district": "Kodagu",
        "taluk": "Somwarpet",
        "hobli": "Somwarpet",
        "village": "Somwarpet",
        "survey_number": "25/1A",
        "khata_number": "0003",
        "landholder_name": "Manjunath Poojary (synthetic)",
        "land_type": "Dry (Khushki)",
        "soil_type": "Red Loamy",
        "crop": "Fallow",
        "area_acres_guntas": "2A 22G",
        "area_acres_decimal": 2.55
      },
      "geometry": {
        "type": "Polygon",
        "coordinates": [
          [
            [76.046745, 12.391135],
            [76.047548, 12.391135],
            [76.047548, 12.392066],
            [76.046745, 12.392066],
            [76.046745, 12.391135]
          ]
        ]
      }
    },
    {
      "type": "Feature",
      "properties": {
        "data_source": "SYNTHETIC - not an official record",
        "state": "Karnataka",
        "district": "Mysuru",
        "taluk": "Mysuru",
        "hobli": "Kasaba",
        "village": "Varuna",
        "survey_number": "270/5",
        "khata_number": "0001",
        "landholder_name": "Ramesh Gowda (synthetic)",
        "land_type": "Wet (Baagayat)",
        "soil_type": "Red Loamy",
        "crop": "Groundnut",
        "area_acres_guntas": "3A 25G",
        "area_acres_decimal": 3.62
      },
      "geometry": {
        "type": "Polygon",
        "coordinates": [
          [
            [76.869018, 12.054984],
            [76.870246, 12.054984],
            [76.870246, 12.056044],
            [76.869018, 12.056044],
            [76.869018, 12.054984]
          ]
        ]
      }
    },
    {
      "type": "Feature",
      "properties": {
        "data_source": "SYNTHETIC - not an official record",
        "state": "Karnataka",
        "district": "Bengaluru Rural",
        "taluk": "Devanahalli",
        "hobli": "Devanahalli",
        "village": "Devanahalli",
        "survey_number": "260/5",
        "khata_number": "0001",
        "landholder_name": "Basavaraj Naik (synthetic)",
        "land_type": "Wet (Baagayat)",
        "soil_type": "Red Loamy",
        "crop": "Sugarcane",
        "area_acres_guntas": "2A 38G",
        "area_acres_decimal": 2.95
      },
      "geometry": {
        "type": "Polygon",
        "coordinates": [
          [
            [77.461366, 13.361695],
            [77.462254, 13.361695],
            [77.462254, 13.36263],
            [77.461366, 13.36263],
            [77.461366, 13.361695]
          ]
        ]
      }
    },
    {
      "type": "Feature",
      "properties": {
        "data_source": "SYNTHETIC - not an official record",
        "state": "Karnataka",
        "district": "Mysuru",
        "taluk": "Hunsur",
        "hobli": "Hunsur",
        "village": "Kadakola",
        "survey_number": "91",
        "khata_number": "0002",
        "landholder_name": "Gowramma Reddy (synthetic)",
        "land_type": "Wet (Baagayat)",
        "soil_type": "Black Cotton",
        "crop": "Maize",
        "area_acres_guntas": "3A 1G",
        "area_acres_decimal": 3.02
      },
      "geometry": {
        "type": "Polygon",
        "coordinates": [
          [
            [76.662684, 12.389612],
            [76.663554, 12.389612],
            [76.663554, 12.390609],
            [76.662684, 12.390609],
            [76.662684, 12.389612]
          ]
        ]
      }
    },
    {
      "type": "Feature",
      "properties": {
        "data_source": "SYNTHETIC - not an official record",
        "state": "Karnataka",
        "district": "Tumakuru",
        "taluk": "Pavagada",
        "hobli": "Pavagada",
        "village": "Pavagada",
        "survey_number": "35/2",
        "khata_number": "0003",
        "landholder_name": "Lakshmi Shetty (synthetic)",
        "land_type": "Dry (Khushki)",
        "soil_type": "Laterite",
        "crop": "Cotton",
        "area_acres_guntas": "1A 17G",
        "area_acres_decimal": 1.43
      },
      "geometry": {
        "type": "Polygon",
        "coordinates": [
          [
            [76.860099, 13.17695],
            [76.860712, 13.17695],
            [76.860712, 13.177613],
            [76.860099, 13.177613],
            [76.860099, 13.17695]
          ]
        ]
      }
    },
    {
      "type": "Feature",
      "properties": {
        "data_source": "SYNTHETIC - not an official record",
        "state": "Karnataka",
        "district": "Tumakuru",
        "taluk": "Pavagada",
        "hobli": "Pavagada",
        "village": "Pavagada",
        "survey_number": "194/1",
        "khata_number": "0004",
        "landholder_name": "Venkatesh Achar (synthetic)",
        "land_type": "Garden (Tota)",
        "soil_type": "Laterite",
        "crop": "Fallow",
        "area_acres_guntas": "0A 7G",
        "area_acres_decimal": 0.17
      },
      "geometry": {
        "type": "Polygon",
        "coordinates": [
          [
            [76.92393, 13.407238],
            [76.924198, 13.407238],
            [76.924198, 13.407488],
            [76.92393, 13.407488],
            [76.92393, 13.407238]
          ]
        ]
      }
    },
    {
      "type": "Feature",
      "properties": {
        "data_source": "SYNTHETIC - not an official record",
        "state": "Karnataka",
        "district": "Dharwad",
        "taluk": "Kalghatgi",
        "hobli": "Kalghatgi",
        "village": "Tabakhana",
        "survey_number": "278/9A",
        "khata_number": "0003",
        "landholder_name": "Lakshmi Shetty (synthetic)",
        "land_type": "Garden (Tota)",
        "soil_type": "Laterite",
        "crop": "Cotton",
        "area_acres_guntas": "2A 37G",
        "area_acres_decimal": 2.92
      },
      "geometry": {
        "type": "Polygon",
        "coordinates": [
          [
            [75.200317, 15.397304],
            [75.201194, 15.397304],
            [75.201194, 15.398152],
            [75.200317, 15.398152],
            [75.200317, 15.397304]
          ]
        ]
      }
    },
    {
      "type": "Feature",
      "properties": {
        "data_source": "SYNTHETIC - not an official record",
        "state": "Karnataka",
        "district": "Shivamogga",
        "taluk": "Sagar",
        "hobli": "Sagar",
        "village": "Anandapuram",
        "survey_number": "161",
        "khata_number": "0002",
        "landholder_name": "Krishnappa Reddy (synthetic)",
        "land_type": "Dry (Khushki)",
        "soil_type": "Red Loamy",
        "crop": "Cotton",
        "area_acres_guntas": "1A 11G",
        "area_acres_decimal": 1.27
      },
      "geometry": {
        "type": "Polygon",
        "coordinates": [
          [
            [75.816069, 14.048659],
            [75.816803, 14.048659],
            [75.816803, 14.049334],
            [75.816069, 14.049334],
            [75.816069, 14.048659]
          ]
        ]
      }
    },
    {
      "type": "Feature",
      "properties": {
        "data_source": "SYNTHETIC - not an official record",
        "state": "Karnataka",
        "district": "Mandya",
        "taluk": "Maddur",
        "hobli": "Maddur",
        "village": "Kestur",
        "survey_number": "20/6",
        "khata_number": "0002",
        "landholder_name": "Chandrashekar Reddy (synthetic)",
        "land_type": "Dry (Khushki)",
        "soil_type": "Red Loamy",
        "crop": "Groundnut",
        "area_acres_guntas": "3A 12G",
        "area_acres_decimal": 3.3
      },
      "geometry": {
        "type": "Polygon",
        "coordinates": [
          [
            [77.146311, 12.301819],
            [77.147373, 12.301819],
            [77.147373, 12.303004],
            [77.146311, 12.303004],
            [77.146311, 12.301819]
          ]
        ]
      }
    },
    {
      "type": "Feature",
      "properties": {
        "data_source": "SYNTHETIC - not an official record",
        "state": "Karnataka",
        "district": "Mandya",
        "taluk": "Maddur",
        "hobli": "Maddur",
        "village": "Kestur",
        "survey_number": "124/8A",
        "khata_number": "0003",
        "landholder_name": "Chandrashekar Rao (synthetic)",
        "land_type": "Dry (Khushki)",
        "soil_type": "Red Sandy",
        "crop": "Areca Nut",
        "area_acres_guntas": "1A 6G",
        "area_acres_decimal": 1.15
      },
      "geometry": {
        "type": "Polygon",
        "coordinates": [
          [
            [77.043265, 12.51503],
            [77.043863, 12.51503],
            [77.043863, 12.515723],
            [77.043265, 12.515723],
            [77.043265, 12.51503]
          ]
        ]
      }
    },
    {
      "type": "Feature",
      "properties": {
        "data_source": "SYNTHETIC - not an official record",
        "state": "Karnataka",
        "district": "Mandya",
        "taluk": "Srirangapatna",
        "hobli": "Srirangapatna",
        "village": "Srirangapatna",
        "survey_number": "350",
        "khata_number": "0002",
        "landholder_name": "Ramesh Setty (synthetic)",
        "land_type": "Garden (Tota)",
        "soil_type": "Red Sandy",
        "crop": "Coffee",
        "area_acres_guntas": "1A 35G",
        "area_acres_decimal": 1.88
      },
      "geometry": {
        "type": "Polygon",
        "coordinates": [
          [
            [76.956766, 12.285193],
            [76.957611, 12.285193],
            [76.957611, 12.285963],
            [76.956766, 12.285963],
            [76.956766, 12.285193]
          ]
        ]
      }
    },
    {
      "type": "Feature",
      "properties": {
        "data_source": "SYNTHETIC - not an official record",
        "state": "Karnataka",
        "district": "Tumakuru",
        "taluk": "Pavagada",
        "hobli": "Pavagada",
        "village": "Nagalamadike",
        "survey_number": "108/3A",
        "khata_number": "0001",
        "landholder_name": "Sharadamma Rao (synthetic)",
        "land_type": "Garden (Tota)",
        "soil_type": "Red Loamy",
        "crop": "Cotton",
        "area_acres_guntas": "1A 17G",
        "area_acres_decimal": 1.43
      },
      "geometry": {
        "type": "Polygon",
        "coordinates": [
          [
            [77.178828, 13.193902],
            [77.179451, 13.193902],
            [77.179451, 13.194678],
            [77.178828, 13.194678],
            [77.178828, 13.193902]
          ]
        ]
      }
    },
    {
      "type": "Feature",
      "properties": {
        "data_source": "SYNTHETIC - not an official record",
        "state": "Karnataka",
        "district": "Kodagu",
        "taluk": "Madikeri",
        "hobli": "Madikeri",
        "village": "Madikeri",
        "survey_number": "185",
        "khata_number": "0002",
        "landholder_name": "Venkatesh Shetty (synthetic)",
        "land_type": "Dry (Khushki)",
        "soil_type": "Red Sandy",
        "crop": "Fallow",
        "area_acres_guntas": "3A 23G",
        "area_acres_decimal": 3.58
      },
      "geometry": {
        "type": "Polygon",
        "coordinates": [
          [
            [75.895219, 12.5376],
            [75.896436, 12.5376],
            [75.896436, 12.538655],
            [75.895219, 12.538655],
            [75.895219, 12.5376]
          ]
        ]
      }
    },
    {
      "type": "Feature",
      "properties": {
        "data_source": "SYNTHETIC - not an official record",
        "state": "Karnataka",
        "district": "Shivamogga",
        "taluk": "Bhadravati",
        "hobli": "Bhadravati",
        "village": "Bhadravati",
        "survey_number": "121",
        "khata_number": "0001",
        "landholder_name": "Chandrashekar Poojary (synthetic)",
        "land_type": "Wet (Baagayat)",
        "soil_type": "Laterite",
        "crop": "Paddy",
        "area_acres_guntas": "1A 30G",
        "area_acres_decimal": 1.75
      },
      "geometry": {
        "type": "Polygon",
        "coordinates": [
          [
            [75.492799, 14.031404],
            [75.493554, 14.031404],
            [75.493554, 14.032218],
            [75.492799, 14.032218],
            [75.492799, 14.031404]
          ]
        ]
      }
    },
    {
      "type": "Feature",
      "properties": {
        "data_source": "SYNTHETIC - not an official record",
        "state": "Karnataka",
        "district": "Mandya",
        "taluk": "Srirangapatna",
        "hobli": "Srirangapatna",
        "village": "Ganjam",
        "survey_number": "338/5A",
        "khata_number": "0003",
        "landholder_name": "Shivakumar Achar (synthetic)",
        "land_type": "Garden (Tota)",
        "soil_type": "Red Loamy",
        "crop": "Coffee",
        "area_acres_guntas": "3A 23G",
        "area_acres_decimal": 3.58
      },
      "geometry": {
        "type": "Polygon",
        "coordinates": [
          [
            [76.816152, 12.561539],
            [76.81714, 12.561539],
            [76.81714, 12.562752],
            [76.816152, 12.562752],
            [76.816152, 12.561539]
          ]
        ]
      }
    },
    {
      "type": "Feature",
      "properties": {
        "data_source": "SYNTHETIC - not an official record",
        "state": "Karnataka",
        "district": "Belagavi",
        "taluk": "Gokak",
        "hobli": "Gokak",
        "village": "Ankalagi",
        "survey_number": "303/2",
        "khata_number": "0001",
        "landholder_name": "Sharadamma Gowda (synthetic)",
        "land_type": "Dry (Khushki)",
        "soil_type": "Red Sandy",
        "crop": "Paddy",
        "area_acres_guntas": "0A 23G",
        "area_acres_decimal": 0.57
      },
      "geometry": {
        "type": "Polygon",
        "coordinates": [
          [
            [74.650841, 16.059831],
            [74.651228, 16.059831],
            [74.651228, 16.060275],
            [74.650841, 16.060275],
            [74.650841, 16.059831]
          ]
        ]
      }
    },
    {
      "type": "Feature",
      "properties": {
        "data_source": "SYNTHETIC - not an official record",
        "state": "Karnataka",
        "district": "Hassan",
        "taluk": "Belur",
        "hobli": "Belur",
        "village": "Belur",
        "survey_number": "162",
        "khata_number": "0002",
        "landholder_name": "Gowramma Naik (synthetic)",
        "land_type": "Wet (Baagayat)",
        "soil_type": "Black Cotton",
        "crop": "Coconut",
        "area_acres_guntas": "0A 3G",
        "area_acres_decimal": 0.07
      },
      "geometry": {
        "type": "Polygon",
        "coordinates": [
          [
            [76.030791, 12.982331],
            [76.030953, 12.982331],
            [76.030953, 12.98251],
            [76.030791, 12.98251],
            [76.030791, 12.982331]
          ]
        ]
      }
    },
    {
      "type": "Feature",
      "properties": {
        "data_source": "SYNTHETIC - not an official record",
        "state": "Karnataka",
        "district": "Shivamogga",
        "taluk": "Thirthahalli",
        "hobli": "Thirthahalli",
        "village": "Thirthahalli",
        "survey_number": "264",
        "khata_number": "0003",
        "landholder_name": "Sharadamma Setty (synthetic)",
        "land_type": "Dry (Khushki)",
        "soil_type": "Red Sandy",
        "crop": "Fallow",
        "area_acres_guntas": "3A 7G",
        "area_acres_decimal": 3.17
      },
      "geometry": {
        "type": "Polygon",
        "coordinates": [
          [
            [75.568157, 14.094725],
            [75.569188, 14.094725],
            [75.569188, 14.09564],
            [75.568157, 14.09564],
            [75.568157, 14.094725]
          ]
        ]
      }
    },
    {
      "type": "Feature",
      "properties": {
        "data_source": "SYNTHETIC - not an official record",
        "state": "Karnataka",
        "district": "Mysuru",
        "taluk": "Mysuru",
        "hobli": "Kasaba",
        "village": "Bogadi",
        "survey_number": "57",
        "khata_number": "0003",
        "landholder_name": "Chandrashekar Naik (synthetic)",
        "land_type": "Garden (Tota)",
        "soil_type": "Black Cotton",
        "crop": "Coffee",
        "area_acres_guntas": "0A 32G",
        "area_acres_decimal": 0.8
      },
      "geometry": {
        "type": "Polygon",
        "coordinates": [
          [
            [76.596209, 12.330301],
            [76.596735, 12.330301],
            [76.596735, 12.330782],
            [76.596209, 12.330782],
            [76.596209, 12.330301]
          ]
        ]
      }
    },
    {
      "type": "Feature",
      "properties": {
        "data_source": "SYNTHETIC - not an official record",
        "state": "Karnataka",
        "district": "Bengaluru Rural",
        "taluk": "Doddaballapura",
        "hobli": "Doddaballapura",
        "village": "Madhure",
        "survey_number": "232/3",
        "khata_number": "0002",
        "landholder_name": "Nagaraj Achar (synthetic)",
        "land_type": "Dry (Khushki)",
        "soil_type": "Black Cotton",
        "crop": "Paddy",
        "area_acres_guntas": "1A 36G",
        "area_acres_decimal": 1.9
      },
      "geometry": {
        "type": "Polygon",
        "coordinates": [
          [
            [77.326741, 13.108436],
            [77.327558, 13.108436],
            [77.327558, 13.109204],
            [77.326741, 13.109204],
            [77.326741, 13.108436]
          ]
        ]
      }
    },
    {
      "type": "Feature",
      "properties": {
        "data_source": "SYNTHETIC - not an official record",
        "state": "Karnataka",
        "district": "Mysuru",
        "taluk": "Mysuru",
        "hobli": "Kasaba",
        "village": "Hebbal",
        "survey_number": "193/3",
        "khata_number": "0001",
        "landholder_name": "Shivakumar Reddy (synthetic)",
        "land_type": "Dry (Khushki)",
        "soil_type": "Red Sandy",
        "crop": "Cotton",
        "area_acres_guntas": "0A 24G",
        "area_acres_decimal": 0.6
      },
      "geometry": {
        "type": "Polygon",
        "coordinates": [
          [
            [76.788344, 12.10457],
            [76.788787, 12.10457],
            [76.788787, 12.104958],
            [76.788344, 12.104958],
            [76.788344, 12.10457]
          ]
        ]
      }
    },
    {
      "type": "Feature",
      "properties": {
        "data_source": "SYNTHETIC - not an official record",
        "state": "Karnataka",
        "district": "Belagavi",
        "taluk": "Gokak",
        "hobli": "Gokak",
        "village": "Ankalagi",
        "survey_number": "287/3",
        "khata_number": "0002",
        "landholder_name": "Siddappa Achar (synthetic)",
        "land_type": "Garden (Tota)",
        "soil_type": "Red Sandy",
        "crop": "Sugarcane",
        "area_acres_guntas": "2A 14G",
        "area_acres_decimal": 2.35
      },
      "geometry": {
        "type": "Polygon",
        "coordinates": [
          [
            [74.701396, 16.11618],
            [74.702274, 16.11618],
            [74.702274, 16.11704],
            [74.701396, 16.11704],
            [74.701396, 16.11618]
          ]
        ]
      }
    },
    {
      "type": "Feature",
      "properties": {
        "data_source": "SYNTHETIC - not an official record",
        "state": "Karnataka",
        "district": "Tumakuru",
        "taluk": "Pavagada",
        "hobli": "Pavagada",
        "village": "Nagalamadike",
        "survey_number": "160/1A",
        "khata_number": "0002",
        "landholder_name": "Suresh Setty (synthetic)",
        "land_type": "Wet (Baagayat)",
        "soil_type": "Red Sandy",
        "crop": "Groundnut",
        "area_acres_guntas": "3A 14G",
        "area_acres_decimal": 3.35
      },
      "geometry": {
        "type": "Polygon",
        "coordinates": [
          [
            [77.016367, 13.147842],
            [77.017501, 13.147842],
            [77.017501, 13.148958],
            [77.016367, 13.148958],
            [77.016367, 13.147842]
          ]
        ]
      }
    },
    {
      "type": "Feature",
      "properties": {
        "data_source": "SYNTHETIC - not an official record",
        "state": "Karnataka",
        "district": "Tumakuru",
        "taluk": "Madhugiri",
        "hobli": "Madhugiri",
        "village": "Madhugiri",
        "survey_number": "5",
        "khata_number": "0003",
        "landholder_name": "Mahadevaiah Naik (synthetic)",
        "land_type": "Garden (Tota)",
        "soil_type": "Red Sandy",
        "crop": "Mulberry",
        "area_acres_guntas": "1A 23G",
        "area_acres_decimal": 1.57
      },
      "geometry": {
        "type": "Polygon",
        "coordinates": [
          [
            [77.109516, 13.353048],
            [77.110357, 13.353048],
            [77.110357, 13.353808],
            [77.109516, 13.353808],
            [77.109516, 13.353048]
          ]
        ]
      }
    },
    {
      "type": "Feature",
      "properties": {
        "data_source": "SYNTHETIC - not an official record",
        "state": "Karnataka",
        "district": "Bengaluru Rural",
        "taluk": "Hoskote",
        "hobli": "Hoskote",
        "village": "Hoskote",
        "survey_number": "265",
        "khata_number": "0002",
        "landholder_name": "Nagaraj Reddy (synthetic)",
        "land_type": "Wet (Baagayat)",
        "soil_type": "Red Sandy",
        "crop": "Mulberry",
        "area_acres_guntas": "3A 23G",
        "area_acres_decimal": 3.58
      },
      "geometry": {
        "type": "Polygon",
        "coordinates": [
          [
            [77.457026, 13.248309],
            [77.458107, 13.248309],
            [77.458107, 13.249323],
            [77.457026, 13.249323],
            [77.457026, 13.248309]
          ]
        ]
      }
    },
    {
      "type": "Feature",
      "properties": {
        "data_source": "SYNTHETIC - not an official record",
        "state": "Karnataka",
        "district": "Belagavi",
        "taluk": "Chikodi",
        "hobli": "Chikodi",
        "village": "Sadalga",
        "survey_number": "80/5",
        "khata_number": "0002",
        "landholder_name": "Puttaswamy Gowda (synthetic)",
        "land_type": "Dry (Khushki)",
        "soil_type": "Red Loamy",
        "crop": "Coconut",
        "area_acres_guntas": "1A 21G",
        "area_acres_decimal": 1.52
      },
      "geometry": {
        "type": "Polygon",
        "coordinates": [
          [
            [74.76371, 15.778378],
            [74.764475, 15.778378],
            [74.764475, 15.778983],
            [74.76371, 15.778983],
            [74.76371, 15.778378]
          ]
        ]
      }
    },
    {
      "type": "Feature",
      "properties": {
        "data_source": "SYNTHETIC - not an official record",
        "state": "Karnataka",
        "district": "Dharwad",
        "taluk": "Kalghatgi",
        "hobli": "Kalghatgi",
        "village": "Tabakhana",
        "survey_number": "39/2B",
        "khata_number": "0004",
        "landholder_name": "Manjunath Reddy (synthetic)",
        "land_type": "Dry (Khushki)",
        "soil_type": "Laterite",
        "crop": "Coconut",
        "area_acres_guntas": "3A 7G",
        "area_acres_decimal": 3.17
      },
      "geometry": {
        "type": "Polygon",
        "coordinates": [
          [
            [75.289301, 15.701275],
            [75.290343, 15.701275],
            [75.290343, 15.702417],
            [75.289301, 15.702417],
            [75.289301, 15.701275]
          ]
        ]
      }
    },
    {
      "type": "Feature",
      "properties": {
        "data_source": "SYNTHETIC - not an official record",
        "state": "Karnataka",
        "district": "Tumakuru",
        "taluk": "Pavagada",
        "hobli": "Pavagada",
        "village": "Rajapura",
        "survey_number": "204",
        "khata_number": "0002",
        "landholder_name": "Rathnamma Gowda (synthetic)",
        "land_type": "Dry (Khushki)",
        "soil_type": "Red Sandy",
        "crop": "Coconut",
        "area_acres_guntas": "1A 7G",
        "area_acres_decimal": 1.18
      },
      "geometry": {
        "type": "Polygon",
        "coordinates": [
          [
            [77.2057, 13.441204],
            [77.206273, 13.441204],
            [77.206273, 13.441785],
            [77.2057, 13.441785],
            [77.2057, 13.441204]
          ]
        ]
      }
    },
    {
      "type": "Feature",
      "properties": {
        "data_source": "SYNTHETIC - not an official record",
        "state": "Karnataka",
        "district": "Belagavi",
        "taluk": "Gokak",
        "hobli": "Gokak",
        "village": "Gokak",
        "survey_number": "253",
        "khata_number": "0003",
        "landholder_name": "Sharadamma Achar (synthetic)",
        "land_type": "Garden (Tota)",
        "soil_type": "Red Sandy",
        "crop": "Areca Nut",
        "area_acres_guntas": "1A 0G",
        "area_acres_decimal": 1.0
      },
      "geometry": {
        "type": "Polygon",
        "coordinates": [
          [
            [74.936898, 16.083828],
            [74.937467, 16.083828],
            [74.937467, 16.084343],
            [74.936898, 16.084343],
            [74.936898, 16.083828]
          ]
        ]
      }
    },
    {
      "type": "Feature",
      "properties": {
        "data_source": "SYNTHETIC - not an official record",
        "state": "Karnataka",
        "district": "Bengaluru Rural",
        "taluk": "Hoskote",
        "hobli": "Hoskote",
        "village": "Nandagudi",
        "survey_number": "237/3B",
        "khata_number": "0003",
        "landholder_name": "Rathnamma Gowda (synthetic)",
        "land_type": "Wet (Baagayat)",
        "soil_type": "Red Loamy",
        "crop": "Maize",
        "area_acres_guntas": "3A 14G",
        "area_acres_decimal": 3.35
      },
      "geometry": {
        "type": "Polygon",
        "coordinates": [
          [
            [77.493718, 13.286635],
            [77.494838, 13.286635],
            [77.494838, 13.287637],
            [77.493718, 13.287637],
            [77.493718, 13.286635]
          ]
        ]
      }
    },
    {
      "type": "Feature",
      "properties": {
        "data_source": "SYNTHETIC - not an official record",
        "state": "Karnataka",
        "district": "Chamarajanagar",
        "taluk": "Kollegal",
        "hobli": "Kollegal",
        "village": "Hanur",
        "survey_number": "222/2",
        "khata_number": "0001",
        "landholder_name": "Nagaraj Rao (synthetic)",
        "land_type": "Garden (Tota)",
        "soil_type": "Laterite",
        "crop": "Cotton",
        "area_acres_guntas": "3A 7G",
        "area_acres_decimal": 3.17
      },
      "geometry": {
        "type": "Polygon",
        "coordinates": [
          [
            [76.878306, 12.02769],
            [76.879265, 12.02769],
            [76.879265, 12.028788],
            [76.878306, 12.028788],
            [76.878306, 12.02769]
          ]
        ]
      }
    },
    {
      "type": "Feature",
      "properties": {
        "data_source": "SYNTHETIC - not an official record",
        "state": "Karnataka",
        "district": "Shivamogga",
        "taluk": "Bhadravati",
        "hobli": "Bhadravati",
        "village": "Bhadravati",
        "survey_number": "82/9",
        "khata_number": "0002",
        "landholder_name": "Puttaswamy Setty (synthetic)",
        "land_type": "Dry (Khushki)",
        "soil_type": "Red Sandy",
        "crop": "Cotton",
        "area_acres_guntas": "2A 6G",
        "area_acres_decimal": 2.15
      },
      "geometry": {
        "type": "Polygon",
        "coordinates": [
          [
            [75.816309, 13.855595],
            [75.817109, 13.855595],
            [75.817109, 13.856349],
            [75.816309, 13.856349],
            [75.816309, 13.855595]
          ]
        ]
      }
    },
    {
      "type": "Feature",
      "properties": {
        "data_source": "SYNTHETIC - not an official record",
        "state": "Karnataka",
        "district": "Mandya",
        "taluk": "Malavalli",
        "hobli": "Malavalli",
        "village": "Malavalli",
        "survey_number": "189/6A",
        "khata_number": "0001",
        "landholder_name": "Shivakumar Rao (synthetic)",
        "land_type": "Wet (Baagayat)",
        "soil_type": "Red Sandy",
        "crop": "Mulberry",
        "area_acres_guntas": "0A 15G",
        "area_acres_decimal": 0.38
      },
      "geometry": {
        "type": "Polygon",
        "coordinates": [
          [
            [76.941049, 12.719532],
            [76.941395, 12.719532],
            [76.941395, 12.719851],
            [76.941049, 12.719851],
            [76.941049, 12.719532]
          ]
        ]
      }
    },
    {
      "type": "Feature",
      "properties": {
        "data_source": "SYNTHETIC - not an official record",
        "state": "Karnataka",
        "district": "Chamarajanagar",
        "taluk": "Gundlupet",
        "hobli": "Gundlupet",
        "village": "Terakanambi",
        "survey_number": "140/5B",
        "khata_number": "0003",
        "landholder_name": "Basavaraj Rao (synthetic)",
        "land_type": "Dry (Khushki)",
        "soil_type": "Black Cotton",
        "crop": "Coconut",
        "area_acres_guntas": "1A 39G",
        "area_acres_decimal": 1.98
      },
      "geometry": {
        "type": "Polygon",
        "coordinates": [
          [
            [76.755417, 11.911995],
            [76.756139, 11.911995],
            [76.756139, 11.912874],
            [76.755417, 11.912874],
            [76.755417, 11.911995]
          ]
        ]
      }
    },
    {
      "type": "Feature",
      "properties": {
        "data_source": "SYNTHETIC - not an official record",
        "state": "Karnataka",
        "district": "Chamarajanagar",
        "taluk": "Kollegal",
        "hobli": "Kollegal",
        "village": "Hanur",
        "survey_number": "278/8B",
        "khata_number": "0002",
        "landholder_name": "Manjunath Reddy (synthetic)",
        "land_type": "Wet (Baagayat)",
        "soil_type": "Black Cotton",
        "crop": "Maize",
        "area_acres_guntas": "2A 36G",
        "area_acres_decimal": 2.9
      },
      "geometry": {
        "type": "Polygon",
        "coordinates": [
          [
            [77.157792, 11.850796],
            [77.158857, 11.850796],
            [77.158857, 11.851885],
            [77.157792, 11.851885],
            [77.157792, 11.850796]
          ]
        ]
      }
    },
    {
      "type": "Feature",
      "properties": {
        "data_source": "SYNTHETIC - not an official record",
        "state": "Karnataka",
        "district": "Bengaluru Rural",
        "taluk": "Hoskote",
        "hobli": "Hoskote",
        "village": "Nandagudi",
        "survey_number": "53/2",
        "khata_number": "0004",
        "landholder_name": "Manjunath Achar (synthetic)",
        "land_type": "Wet (Baagayat)",
        "soil_type": "Red Loamy",
        "crop": "Areca Nut",
        "area_acres_guntas": "0A 9G",
        "area_acres_decimal": 0.23
      },
      "geometry": {
        "type": "Polygon",
        "coordinates": [
          [
            [77.335774, 13.450725],
            [77.336017, 13.450725],
            [77.336017, 13.451006],
            [77.335774, 13.451006],
            [77.335774, 13.450725]
          ]
        ]
      }
    },
    {
      "type": "Feature",
      "properties": {
        "data_source": "SYNTHETIC - not an official record",
        "state": "Karnataka",
        "district": "Shivamogga",
        "taluk": "Thirthahalli",
        "hobli": "Thirthahalli",
        "village": "Thirthahalli",
        "survey_number": "314/8",
        "khata_number": "0004",
        "landholder_name": "Manjunath Shetty (synthetic)",
        "land_type": "Dry (Khushki)",
        "soil_type": "Black Cotton",
        "crop": "Cotton",
        "area_acres_guntas": "0A 31G",
        "area_acres_decimal": 0.78
      },
      "geometry": {
        "type": "Polygon",
        "coordinates": [
          [
            [75.362807, 14.027019],
            [75.363255, 14.027019],
            [75.363255, 14.027592],
            [75.362807, 14.027592],
            [75.362807, 14.027019]
          ]
        ]
      }
    },
    {
      "type": "Feature",
      "properties": {
        "data_source": "SYNTHETIC - not an official record",
        "state": "Karnataka",
        "district": "Chamarajanagar",
        "taluk": "Gundlupet",
        "hobli": "Gundlupet",
        "village": "Bandipur",
        "survey_number": "78",
        "khata_number": "0002",
        "landholder_name": "Suresh Reddy (synthetic)",
        "land_type": "Garden (Tota)",
        "soil_type": "Red Sandy",
        "crop": "Cotton",
        "area_acres_guntas": "1A 5G",
        "area_acres_decimal": 1.12
      },
      "geometry": {
        "type": "Polygon",
        "coordinates": [
          [
            [76.799371, 11.80598],
            [76.800041, 11.80598],
            [76.800041, 11.806524],
            [76.799371, 11.806524],
            [76.799371, 11.80598]
          ]
        ]
      }
    },
    {
      "type": "Feature",
      "properties": {
        "data_source": "SYNTHETIC - not an official record",
        "state": "Karnataka",
        "district": "Mandya",
        "taluk": "Srirangapatna",
        "hobli": "Srirangapatna",
        "village": "Ganjam",
        "survey_number": "17",
        "khata_number": "0004",
        "landholder_name": "Sharadamma Achar (synthetic)",
        "land_type": "Wet (Baagayat)",
        "soil_type": "Black Cotton",
        "crop": "Paddy",
        "area_acres_guntas": "3A 14G",
        "area_acres_decimal": 3.35
      },
      "geometry": {
        "type": "Polygon",
        "coordinates": [
          [
            [77.128059, 12.281533],
            [77.129103, 12.281533],
            [77.129103, 12.28253],
            [77.128059, 12.28253],
            [77.128059, 12.281533]
          ]
        ]
      }
    },
    {
      "type": "Feature",
      "properties": {
        "data_source": "SYNTHETIC - not an official record",
        "state": "Karnataka",
        "district": "Mysuru",
        "taluk": "Mysuru",
        "hobli": "Kasaba",
        "village": "Bogadi",
        "survey_number": "172/6B",
        "khata_number": "0004",
        "landholder_name": "Chandrashekar Setty (synthetic)",
        "land_type": "Dry (Khushki)",
        "soil_type": "Black Cotton",
        "crop": "Coconut",
        "area_acres_guntas": "1A 9G",
        "area_acres_decimal": 1.23
      },
      "geometry": {
        "type": "Polygon",
        "coordinates": [
          [
            [76.41361, 12.234533],
            [76.414204, 12.234533],
            [76.414204, 12.235159],
            [76.41361, 12.235159],
            [76.41361, 12.234533]
          ]
        ]
      }
    },
    {
      "type": "Feature",
      "properties": {
        "data_source": "SYNTHETIC - not an official record",
        "state": "Karnataka",
        "district": "Hassan",
        "taluk": "Sakleshpur",
        "hobli": "Sakleshpur",
        "village": "Heggadde",
        "survey_number": "268/5",
        "khata_number": "0003",
        "landholder_name": "Manjunath Reddy (synthetic)",
        "land_type": "Dry (Khushki)",
        "soil_type": "Red Sandy",
        "crop": "Paddy",
        "area_acres_guntas": "2A 13G",
        "area_acres_decimal": 2.33
      },
      "geometry": {
        "type": "Polygon",
        "coordinates": [
          [
            [76.176704, 12.879647],
            [76.177648, 12.879647],
            [76.177648, 12.880598],
            [76.176704, 12.880598],
            [76.176704, 12.879647]
          ]
        ]
      }
    },
    {
      "type": "Feature",
      "properties": {
        "data_source": "SYNTHETIC - not an official record",
        "state": "Karnataka",
        "district": "Shivamogga",
        "taluk": "Bhadravati",
        "hobli": "Bhadravati",
        "village": "Holehonnur",
        "survey_number": "71",
        "khata_number": "0001",
        "landholder_name": "Mahadevaiah Reddy (synthetic)",
        "land_type": "Wet (Baagayat)",
        "soil_type": "Laterite",
        "crop": "Areca Nut",
        "area_acres_guntas": "1A 21G",
        "area_acres_decimal": 1.52
      },
      "geometry": {
        "type": "Polygon",
        "coordinates": [
          [
            [75.428501, 13.886859],
            [75.429337, 13.886859],
            [75.429337, 13.887504],
            [75.428501, 13.887504],
            [75.428501, 13.886859]
          ]
        ]
      }
    },
    {
      "type": "Feature",
      "properties": {
        "data_source": "SYNTHETIC - not an official record",
        "state": "Karnataka",
        "district": "Dharwad",
        "taluk": "Hubballi",
        "hobli": "Hubballi",
        "village": "Gokul",
        "survey_number": "34",
        "khata_number": "0002",
        "landholder_name": "Krishnappa Setty (synthetic)",
        "land_type": "Dry (Khushki)",
        "soil_type": "Laterite",
        "crop": "Areca Nut",
        "area_acres_guntas": "1A 20G",
        "area_acres_decimal": 1.5
      },
      "geometry": {
        "type": "Polygon",
        "coordinates": [
          [
            [75.199139, 15.399804],
            [75.199833, 15.399804],
            [75.199833, 15.400596],
            [75.199139, 15.400596],
            [75.199139, 15.399804]
          ]
        ]
      }
    },
    {
      "type": "Feature",
      "properties": {
        "data_source": "SYNTHETIC - not an official record",
        "state": "Karnataka",
        "district": "Mysuru",
        "taluk": "Mysuru",
        "hobli": "Kasaba",
        "village": "Hebbal",
        "survey_number": "343/6B",
        "khata_number": "0002",
        "landholder_name": "Nagaraj Rao (synthetic)",
        "land_type": "Dry (Khushki)",
        "soil_type": "Black Cotton",
        "crop": "Sugarcane",
        "area_acres_guntas": "0A 11G",
        "area_acres_decimal": 0.28
      },
      "geometry": {
        "type": "Polygon",
        "coordinates": [
          [
            [76.457683, 12.388946],
            [76.458015, 12.388946],
            [76.458015, 12.389265],
            [76.457683, 12.389265],
            [76.457683, 12.388946]
          ]
        ]
      }
    },
    {
      "type": "Feature",
      "properties": {
        "data_source": "SYNTHETIC - not an official record",
        "state": "Karnataka",
        "district": "Tumakuru",
        "taluk": "Sira",
        "hobli": "Sira",
        "village": "Bukkapatna",
        "survey_number": "277",
        "khata_number": "0002",
        "landholder_name": "Basavaraj Shetty (synthetic)",
        "land_type": "Dry (Khushki)",
        "soil_type": "Black Cotton",
        "crop": "Fallow",
        "area_acres_guntas": "0A 4G",
        "area_acres_decimal": 0.1
      },
      "geometry": {
        "type": "Polygon",
        "coordinates": [
          [
            [76.911286, 13.353349],
            [76.911496, 13.353349],
            [76.911496, 13.353556],
            [76.911286, 13.353556],
            [76.911286, 13.353349]
          ]
        ]
      }
    },
    {
      "type": "Feature",
      "properties": {
        "data_source": "SYNTHETIC - not an official record",
        "state": "Karnataka",
        "district": "Tumakuru",
        "taluk": "Pavagada",
        "hobli": "Pavagada",
        "village": "Rajapura",
        "survey_number": "307/8",
        "khata_number": "0003",
        "landholder_name": "Suresh Rao (synthetic)",
        "land_type": "Dry (Khushki)",
        "soil_type": "Black Cotton",
        "crop": "Coffee",
        "area_acres_guntas": "3A 1G",
        "area_acres_decimal": 3.02
      },
      "geometry": {
        "type": "Polygon",
        "coordinates": [
          [
            [76.901915, 13.331311],
            [76.902919, 13.331311],
            [76.902919, 13.332332],
            [76.901915, 13.332332],
            [76.901915, 13.331311]
          ]
        ]
      }
    },
    {
      "type": "Feature",
      "properties": {
        "data_source": "SYNTHETIC - not an official record",
        "state": "Karnataka",
        "district": "Hassan",
        "taluk": "Sakleshpur",
        "hobli": "Sakleshpur",
        "village": "Sakleshpur",
        "survey_number": "11/1",
        "khata_number": "0001",
        "landholder_name": "Mahadevaiah Gowda (synthetic)",
        "land_type": "Garden (Tota)",
        "soil_type": "Red Loamy",
        "crop": "Fallow",
        "area_acres_guntas": "3A 1G",
        "area_acres_decimal": 3.02
      },
      "geometry": {
        "type": "Polygon",
        "coordinates": [
          [
            [76.050133, 13.160873],
            [76.051059, 13.160873],
            [76.051059, 13.161724],
            [76.050133, 13.161724],
            [76.050133, 13.160873]
          ]
        ]
      }
    },
    {
      "type": "Feature",
      "properties": {
        "data_source": "SYNTHETIC - not an official record",
        "state": "Karnataka",
        "district": "Tumakuru",
        "taluk": "Madhugiri",
        "hobli": "Madhugiri",
        "village": "Dobbaspet",
        "survey_number": "129",
        "khata_number": "0001",
        "landholder_name": "Siddappa Naik (synthetic)",
        "land_type": "Garden (Tota)",
        "soil_type": "Laterite",
        "crop": "Mulberry",
        "area_acres_guntas": "3A 34G",
        "area_acres_decimal": 3.85
      },
      "geometry": {
        "type": "Polygon",
        "coordinates": [
          [
            [77.130369, 13.433347],
            [77.131556, 13.433347],
            [77.131556, 13.43439],
            [77.130369, 13.43439],
            [77.130369, 13.433347]
          ]
        ]
      }
    },
    {
      "type": "Feature",
      "properties": {
        "data_source": "SYNTHETIC - not an official record",
        "state": "Karnataka",
        "district": "Bengaluru Rural",
        "taluk": "Hoskote",
        "hobli": "Hoskote",
        "village": "Hoskote",
        "survey_number": "148/6A",
        "khata_number": "0003",
        "landholder_name": "Ramesh Setty (synthetic)",
        "land_type": "Garden (Tota)",
        "soil_type": "Black Cotton",
        "crop": "Coconut",
        "area_acres_guntas": "2A 18G",
        "area_acres_decimal": 2.45
      },
      "geometry": {
        "type": "Polygon",
        "coordinates": [
          [
            [77.533701, 13.280241],
            [77.534661, 13.280241],
            [77.534661, 13.281174],
            [77.533701, 13.281174],
            [77.533701, 13.280241]
          ]
        ]
      }
    },
    {
      "type": "Feature",
      "properties": {
        "data_source": "SYNTHETIC - not an official record",
        "state": "Karnataka",
        "district": "Dharwad",
        "taluk": "Hubballi",
        "hobli": "Hubballi",
        "village": "Amargol",
        "survey_number": "334/7",
        "khata_number": "0005",
        "landholder_name": "Suresh Shetty (synthetic)",
        "land_type": "Wet (Baagayat)",
        "soil_type": "Laterite",
        "crop": "Cotton",
        "area_acres_guntas": "0A 5G",
        "area_acres_decimal": 0.12
      },
      "geometry": {
        "type": "Polygon",
        "coordinates": [
          [
            [75.322521, 15.610162],
            [75.322716, 15.610162],
            [75.322716, 15.610369],
            [75.322521, 15.610369],
            [75.322521, 15.610162]
          ]
        ]
      }
    },
    {
      "type": "Feature",
      "properties": {
        "data_source": "SYNTHETIC - not an official record",
        "state": "Karnataka",
        "district": "Mysuru",
        "taluk": "T. Narasipura",
        "hobli": "Bannur",
        "village": "Suttur",
        "survey_number": "26/4",
        "khata_number": "0002",
        "landholder_name": "Siddappa Poojary (synthetic)",
        "land_type": "Dry (Khushki)",
        "soil_type": "Red Loamy",
        "crop": "Fallow",
        "area_acres_guntas": "3A 22G",
        "area_acres_decimal": 3.55
      },
      "geometry": {
        "type": "Polygon",
        "coordinates": [
          [
            [76.610807, 12.0917],
            [76.611929, 12.0917],
            [76.611929, 12.092925],
            [76.610807, 12.092925],
            [76.610807, 12.0917]
          ]
        ]
      }
    },
    {
      "type": "Feature",
      "properties": {
        "data_source": "SYNTHETIC - not an official record",
        "state": "Karnataka",
        "district": "Hassan",
        "taluk": "Belur",
        "hobli": "Belur",
        "village": "Halebeedu",
        "survey_number": "176/4",
        "khata_number": "0002",
        "landholder_name": "Siddappa Rao (synthetic)",
        "land_type": "Garden (Tota)",
        "soil_type": "Black Cotton",
        "crop": "Areca Nut",
        "area_acres_guntas": "2A 19G",
        "area_acres_decimal": 2.48
      },
      "geometry": {
        "type": "Polygon",
        "coordinates": [
          [
            [76.270068, 13.001105],
            [76.271078, 13.001105],
            [76.271078, 13.001919],
            [76.270068, 13.001919],
            [76.270068, 13.001105]
          ]
        ]
      }
    },
    {
      "type": "Feature",
      "properties": {
        "data_source": "SYNTHETIC - not an official record",
        "state": "Karnataka",
        "district": "Kodagu",
        "taluk": "Madikeri",
        "hobli": "Madikeri",
        "village": "Madikeri",
        "survey_number": "242",
        "khata_number": "0003",
        "landholder_name": "Shivakumar Shetty (synthetic)",
        "land_type": "Wet (Baagayat)",
        "soil_type": "Laterite",
        "crop": "Sugarcane",
        "area_acres_guntas": "2A 16G",
        "area_acres_decimal": 2.4
      },
      "geometry": {
        "type": "Polygon",
        "coordinates": [
          [
            [76.02767, 12.49849],
            [76.028494, 12.49849],
            [76.028494, 12.49943],
            [76.02767, 12.49943],
            [76.02767, 12.49849]
          ]
        ]
      }
    },
    {
      "type": "Feature",
      "properties": {
        "data_source": "SYNTHETIC - not an official record",
        "state": "Karnataka",
        "district": "Mysuru",
        "taluk": "T. Narasipura",
        "hobli": "Bannur",
        "village": "Talakadu",
        "survey_number": "2",
        "khata_number": "0003",
        "landholder_name": "Chandrashekar Reddy (synthetic)",
        "land_type": "Wet (Baagayat)",
        "soil_type": "Red Loamy",
        "crop": "Maize",
        "area_acres_guntas": "0A 10G",
        "area_acres_decimal": 0.25
      },
      "geometry": {
        "type": "Polygon",
        "coordinates": [
          [
            [76.774175, 12.442516],
            [76.774468, 12.442516],
            [76.774468, 12.442844],
            [76.774175, 12.442844],
            [76.774175, 12.442516]
          ]
        ]
      }
    },
    {
      "type": "Feature",
      "properties": {
        "data_source": "SYNTHETIC - not an official record",
        "state": "Karnataka",
        "district": "Hassan",
        "taluk": "Arsikere",
        "hobli": "Arsikere",
        "village": "Banavara",
        "survey_number": "96/1",
        "khata_number": "0001",
        "landholder_name": "Venkatesh Gowda (synthetic)",
        "land_type": "Wet (Baagayat)",
        "soil_type": "Red Loamy",
        "crop": "Ragi",
        "area_acres_guntas": "2A 34G",
        "area_acres_decimal": 2.85
      },
      "geometry": {
        "type": "Polygon",
        "coordinates": [
          [
            [76.007421, 12.885938],
            [76.008548, 12.885938],
            [76.008548, 12.88694],
            [76.007421, 12.88694],
            [76.007421, 12.885938]
          ]
        ]
      }
    },
    {
      "type": "Feature",
      "properties": {
        "data_source": "SYNTHETIC - not an official record",
        "state": "Karnataka",
        "district": "Tumakuru",
        "taluk": "Sira",
        "hobli": "Sira",
        "village": "Hagalavadi",
        "survey_number": "34/1",
        "khata_number": "0002",
        "landholder_name": "Rathnamma Setty (synthetic)",
        "land_type": "Garden (Tota)",
        "soil_type": "Black Cotton",
        "crop": "Groundnut",
        "area_acres_guntas": "2A 12G",
        "area_acres_decimal": 2.3
      },
      "geometry": {
        "type": "Polygon",
        "coordinates": [
          [
            [76.958246, 13.585429],
            [76.959256, 13.585429],
            [76.959256, 13.586263],
            [76.958246, 13.586263],
            [76.958246, 13.585429]
          ]
        ]
      }
    },
    {
      "type": "Feature",
      "properties": {
        "data_source": "SYNTHETIC - not an official record",
        "state": "Karnataka",
        "district": "Belagavi",
        "taluk": "Chikodi",
        "hobli": "Chikodi",
        "village": "Sadalga",
        "survey_number": "270/9",
        "khata_number": "0003",
        "landholder_name": "Shivakumar Achar (synthetic)",
        "land_type": "Dry (Khushki)",
        "soil_type": "Red Loamy",
        "crop": "Cotton",
        "area_acres_guntas": "0A 27G",
        "area_acres_decimal": 0.68
      },
      "geometry": {
        "type": "Polygon",
        "coordinates": [
          [
            [74.625844, 15.797406],
            [74.626326, 15.797406],
            [74.626326, 15.797905],
            [74.625844, 15.797905],
            [74.625844, 15.797406]
          ]
        ]
      }
    },
    {
      "type": "Feature",
      "properties": {
        "data_source": "SYNTHETIC - not an official record",
        "state": "Karnataka",
        "district": "Mysuru",
        "taluk": "Hunsur",
        "hobli": "Hunsur",
        "village": "Kadakola",
        "survey_number": "30/3B",
        "khata_number": "0003",
        "landholder_name": "Nagaraj Poojary (synthetic)",
        "land_type": "Garden (Tota)",
        "soil_type": "Red Sandy",
        "crop": "Maize",
        "area_acres_guntas": "0A 3G",
        "area_acres_decimal": 0.07
      },
      "geometry": {
        "type": "Polygon",
        "coordinates": [
          [
            [76.484594, 12.432947],
            [76.484778, 12.432947],
            [76.484778, 12.433125],
            [76.484594, 12.433125],
            [76.484594, 12.432947]
          ]
        ]
      }
    },
    {
      "type": "Feature",
      "properties": {
        "data_source": "SYNTHETIC - not an official record",
        "state": "Karnataka",
        "district": "Kodagu",
        "taluk": "Somwarpet",
        "hobli": "Somwarpet",
        "village": "Somwarpet",
        "survey_number": "238/8",
        "khata_number": "0004",
        "landholder_name": "Krishnappa Naik (synthetic)",
        "land_type": "Garden (Tota)",
        "soil_type": "Laterite",
        "crop": "Coffee",
        "area_acres_guntas": "1A 39G",
        "area_acres_decimal": 1.98
      },
      "geometry": {
        "type": "Polygon",
        "coordinates": [
          [
            [75.824793, 12.170706],
            [75.825595, 12.170706],
            [75.825595, 12.171413],
            [75.824793, 12.171413],
            [75.824793, 12.170706]
          ]
        ]
      }
    },
    {
      "type": "Feature",
      "properties": {
        "data_source": "SYNTHETIC - not an official record",
        "state": "Karnataka",
        "district": "Mysuru",
        "taluk": "Hunsur",
        "hobli": "Hunsur",
        "village": "Bilikere",
        "survey_number": "201",
        "khata_number": "0001",
        "landholder_name": "Rathnamma Achar (synthetic)",
        "land_type": "Garden (Tota)",
        "soil_type": "Red Sandy",
        "crop": "Cotton",
        "area_acres_guntas": "0A 21G",
        "area_acres_decimal": 0.53
      },
      "geometry": {
        "type": "Polygon",
        "coordinates": [
          [
            [76.591122, 12.241389],
            [76.591524, 12.241389],
            [76.591524, 12.241772],
            [76.591122, 12.241772],
            [76.591122, 12.241389]
          ]
        ]
      }
    },
    {
      "type": "Feature",
      "properties": {
        "data_source": "SYNTHETIC - not an official record",
        "state": "Karnataka",
        "district": "Kodagu",
        "taluk": "Somwarpet",
        "hobli": "Somwarpet",
        "village": "Somwarpet",
        "survey_number": "230",
        "khata_number": "0005",
        "landholder_name": "Manjunath Poojary (synthetic)",
        "land_type": "Wet (Baagayat)",
        "soil_type": "Red Sandy",
        "crop": "Coconut",
        "area_acres_guntas": "1A 39G",
        "area_acres_decimal": 1.98
      },
      "geometry": {
        "type": "Polygon",
        "coordinates": [
          [
            [75.945294, 12.523594],
            [75.946002, 12.523594],
            [75.946002, 12.52449],
            [75.945294, 12.52449],
            [75.945294, 12.523594]
          ]
        ]
      }
    },
    {
      "type": "Feature",
      "properties": {
        "data_source": "SYNTHETIC - not an official record",
        "state": "Karnataka",
        "district": "Dharwad",
        "taluk": "Kalghatgi",
        "hobli": "Kalghatgi",
        "village": "Hebsur",
        "survey_number": "206",
        "khata_number": "0001",
        "landholder_name": "Manjunath Setty (synthetic)",
        "land_type": "Garden (Tota)",
        "soil_type": "Laterite",
        "crop": "Mulberry",
        "area_acres_guntas": "3A 13G",
        "area_acres_decimal": 3.33
      },
      "geometry": {
        "type": "Polygon",
        "coordinates": [
          [
            [75.13743, 15.658518],
            [75.138566, 15.658518],
            [75.138566, 15.659478],
            [75.13743, 15.659478],
            [75.13743, 15.658518]
          ]
        ]
      }
    },
    {
      "type": "Feature",
      "properties": {
        "data_source": "SYNTHETIC - not an official record",
        "state": "Karnataka",
        "district": "Bengaluru Rural",
        "taluk": "Hoskote",
        "hobli": "Hoskote",
        "village": "Anugondanahalli",
        "survey_number": "219",
        "khata_number": "0001",
        "landholder_name": "Puttaswamy Achar (synthetic)",
        "land_type": "Wet (Baagayat)",
        "soil_type": "Black Cotton",
        "crop": "Sugarcane",
        "area_acres_guntas": "3A 3G",
        "area_acres_decimal": 3.08
      },
      "geometry": {
        "type": "Polygon",
        "coordinates": [
          [
            [77.307849, 13.207632],
            [77.308882, 13.207632],
            [77.308882, 13.208502],
            [77.307849, 13.208502],
            [77.307849, 13.207632]
          ]
        ]
      }
    },
    {
      "type": "Feature",
      "properties": {
        "data_source": "SYNTHETIC - not an official record",
        "state": "Karnataka",
        "district": "Mandya",
        "taluk": "Maddur",
        "hobli": "Maddur",
        "village": "Belagola",
        "survey_number": "187/5B",
        "khata_number": "0002",
        "landholder_name": "Lakshmi Gowda (synthetic)",
        "land_type": "Garden (Tota)",
        "soil_type": "Laterite",
        "crop": "Groundnut",
        "area_acres_guntas": "1A 1G",
        "area_acres_decimal": 1.02
      },
      "geometry": {
        "type": "Polygon",
        "coordinates": [
          [
            [77.005889, 12.43952],
            [77.006417, 12.43952],
            [77.006417, 12.440147],
            [77.005889, 12.440147],
            [77.005889, 12.43952]
          ]
        ]
      }
    },
    {
      "type": "Feature",
      "properties": {
        "data_source": "SYNTHETIC - not an official record",
        "state": "Karnataka",
        "district": "Chamarajanagar",
        "taluk": "Chamarajanagar",
        "hobli": "Chamarajanagar",
        "village": "Yelandur",
        "survey_number": "86/8",
        "khata_number": "0003",
        "landholder_name": "Venkatesh Gowda (synthetic)",
        "land_type": "Garden (Tota)",
        "soil_type": "Red Loamy",
        "crop": "Areca Nut",
        "area_acres_guntas": "0A 29G",
        "area_acres_decimal": 0.72
      },
      "geometry": {
        "type": "Polygon",
        "coordinates": [
          [
            [76.953905, 11.917352],
            [76.954396, 11.917352],
            [76.954396, 11.917847],
            [76.953905, 11.917847],
            [76.953905, 11.917352]
          ]
        ]
      }
    },
    {
      "type": "Feature",
      "properties": {
        "data_source": "SYNTHETIC - not an official record",
        "state": "Karnataka",
        "district": "Chamarajanagar",
        "taluk": "Gundlupet",
        "hobli": "Gundlupet",
        "village": "Bandipur",
        "survey_number": "154",
        "khata_number": "0003",
        "landholder_name": "Sharadamma Achar (synthetic)",
        "land_type": "Wet (Baagayat)",
        "soil_type": "Black Cotton",
        "crop": "Sugarcane",
        "area_acres_guntas": "2A 37G",
        "area_acres_decimal": 2.92
      },
      "geometry": {
        "type": "Polygon",
        "coordinates": [
          [
            [77.068955, 11.707249],
            [77.069966, 11.707249],
            [77.069966, 11.708088],
            [77.068955, 11.708088],
            [77.068955, 11.707249]
          ]
        ]
      }
    },
    {
      "type": "Feature",
      "properties": {
        "data_source": "SYNTHETIC - not an official record",
        "state": "Karnataka",
        "district": "Belagavi",
        "taluk": "Chikodi",
        "hobli": "Chikodi",
        "village": "Sadalga",
        "survey_number": "313",
        "khata_number": "0004",
        "landholder_name": "Ramesh Rao (synthetic)",
        "land_type": "Dry (Khushki)",
        "soil_type": "Red Loamy",
        "crop": "Paddy",
        "area_acres_guntas": "1A 16G",
        "area_acres_decimal": 1.4
      },
      "geometry": {
        "type": "Polygon",
        "coordinates": [
          [
            [74.912887, 16.036903],
            [74.913491, 16.036903],
            [74.913491, 16.037491],
            [74.912887, 16.037491],
            [74.912887, 16.036903]
          ]
        ]
      }
    },
    {
      "type": "Feature",
      "properties": {
        "data_source": "SYNTHETIC - not an official record",
        "state": "Karnataka",
        "district": "Tumakuru",
        "taluk": "Sira",
        "hobli": "Sira",
        "village": "Bukkapatna",
        "survey_number": "173",
        "khata_number": "0003",
        "landholder_name": "Lakshmi Shetty (synthetic)",
        "land_type": "Wet (Baagayat)",
        "soil_type": "Red Sandy",
        "crop": "Mulberry",
        "area_acres_guntas": "2A 14G",
        "area_acres_decimal": 2.35
      },
      "geometry": {
        "type": "Polygon",
        "coordinates": [
          [
            [77.201264, 13.439193],
            [77.202181, 13.439193],
            [77.202181, 13.440098],
            [77.201264, 13.440098],
            [77.201264, 13.439193]
          ]
        ]
      }
    },
    {
      "type": "Feature",
      "properties": {
        "data_source": "SYNTHETIC - not an official record",
        "state": "Karnataka",
        "district": "Tumakuru",
        "taluk": "Madhugiri",
        "hobli": "Madhugiri",
        "village": "Koratagere",
        "survey_number": "304/8B",
        "khata_number": "0001",
        "landholder_name": "Siddappa Gowda (synthetic)",
        "land_type": "Garden (Tota)",
        "soil_type": "Black Cotton",
        "crop": "Maize",
        "area_acres_guntas": "2A 14G",
        "area_acres_decimal": 2.35
      },
      "geometry": {
        "type": "Polygon",
        "coordinates": [
          [
            [76.937362, 13.180769],
            [76.938259, 13.180769],
            [76.938259, 13.181531],
            [76.937362, 13.181531],
            [76.937362, 13.180769]
          ]
        ]
      }
    },
    {
      "type": "Feature",
      "properties": {
        "data_source": "SYNTHETIC - not an official record",
        "state": "Karnataka",
        "district": "Mandya",
        "taluk": "Maddur",
        "hobli": "Maddur",
        "village": "Belagola",
        "survey_number": "166/6B",
        "khata_number": "0003",
        "landholder_name": "Basavaraj Rao (synthetic)",
        "land_type": "Garden (Tota)",
        "soil_type": "Red Loamy",
        "crop": "Coconut",
        "area_acres_guntas": "0A 26G",
        "area_acres_decimal": 0.65
      },
      "geometry": {
        "type": "Polygon",
        "coordinates": [
          [
            [77.120328, 12.281966],
            [77.120733, 12.281966],
            [77.120733, 12.282455],
            [77.120328, 12.282455],
            [77.120328, 12.281966]
          ]
        ]
      }
    },
    {
      "type": "Feature",
      "properties": {
        "data_source": "SYNTHETIC - not an official record",
        "state": "Karnataka",
        "district": "Mysuru",
        "taluk": "Hunsur",
        "hobli": "Hunsur",
        "village": "Kadakola",
        "survey_number": "240/5",
        "khata_number": "0004",
        "landholder_name": "Sharadamma Rao (synthetic)",
        "land_type": "Dry (Khushki)",
        "soil_type": "Red Loamy",
        "crop": "Maize",
        "area_acres_guntas": "1A 18G",
        "area_acres_decimal": 1.45
      },
      "geometry": {
        "type": "Polygon",
        "coordinates": [
          [
            [76.737418, 12.210907],
            [76.738081, 12.210907],
            [76.738081, 12.211497],
            [76.737418, 12.211497],
            [76.737418, 12.210907]
          ]
        ]
      }
    },
    {
      "type": "Feature",
      "properties": {
        "data_source": "SYNTHETIC - not an official record",
        "state": "Karnataka",
        "district": "Belagavi",
        "taluk": "Athani",
        "hobli": "Athani",
        "village": "Athani",
        "survey_number": "50/8",
        "khata_number": "0003",
        "landholder_name": "Shivakumar Poojary (synthetic)",
        "land_type": "Garden (Tota)",
        "soil_type": "Laterite",
        "crop": "Mulberry",
        "area_acres_guntas": "1A 26G",
        "area_acres_decimal": 1.65
      },
      "geometry": {
        "type": "Polygon",
        "coordinates": [
          [
            [74.733916, 15.676132],
            [74.734754, 15.676132],
            [74.734754, 15.676838],
            [74.733916, 15.676838],
            [74.733916, 15.676132]
          ]
        ]
      }
    },
    {
      "type": "Feature",
      "properties": {
        "data_source": "SYNTHETIC - not an official record",
        "state": "Karnataka",
        "district": "Dharwad",
        "taluk": "Hubballi",
        "hobli": "Hubballi",
        "village": "Amargol",
        "survey_number": "17/8B",
        "khata_number": "0006",
        "landholder_name": "Chandrashekar Naik (synthetic)",
        "land_type": "Dry (Khushki)",
        "soil_type": "Laterite",
        "crop": "Maize",
        "area_acres_guntas": "2A 29G",
        "area_acres_decimal": 2.73
      },
      "geometry": {
        "type": "Polygon",
        "coordinates": [
          [
            [74.960676, 15.360045],
            [74.961538, 15.360045],
            [74.961538, 15.360993],
            [74.960676, 15.360993],
            [74.960676, 15.360045]
          ]
        ]
      }
    },
    {
      "type": "Feature",
      "properties": {
        "data_source": "SYNTHETIC - not an official record",
        "state": "Karnataka",
        "district": "Mandya",
        "taluk": "Malavalli",
        "hobli": "Malavalli",
        "village": "Malavalli",
        "survey_number": "219",
        "khata_number": "0002",
        "landholder_name": "Krishnappa Achar (synthetic)",
        "land_type": "Wet (Baagayat)",
        "soil_type": "Red Sandy",
        "crop": "Groundnut",
        "area_acres_guntas": "0A 34G",
        "area_acres_decimal": 0.85
      },
      "geometry": {
        "type": "Polygon",
        "coordinates": [
          [
            [76.916865, 12.437712],
            [76.917486, 12.437712],
            [76.917486, 12.438163],
            [76.916865, 12.438163],
            [76.916865, 12.437712]
          ]
        ]
      }
    },
    {
      "type": "Feature",
      "properties": {
        "data_source": "SYNTHETIC - not an official record",
        "state": "Karnataka",
        "district": "Mandya",
        "taluk": "Srirangapatna",
        "hobli": "Srirangapatna",
        "village": "Pandavapura Road",
        "survey_number": "303",
        "khata_number": "0003",
        "landholder_name": "Ramesh Gowda (synthetic)",
        "land_type": "Wet (Baagayat)",
        "soil_type": "Laterite",
        "crop": "Coffee",
        "area_acres_guntas": "1A 28G",
        "area_acres_decimal": 1.7
      },
      "geometry": {
        "type": "Polygon",
        "coordinates": [
          [
            [77.144419, 12.717583],
            [77.14522, 12.717583],
            [77.14522, 12.7184],
            [77.144419, 12.7184],
            [77.144419, 12.717583]
          ]
        ]
      }
    },
    {
      "type": "Feature",
      "properties": {
        "data_source": "SYNTHETIC - not an official record",
        "state": "Karnataka",
        "district": "Kodagu",
        "taluk": "Virajpet",
        "hobli": "Virajpet",
        "village": "Gonikoppal",
        "survey_number": "125/6A",
        "khata_number": "0001",
        "landholder_name": "Basavaraj Gowda (synthetic)",
        "land_type": "Garden (Tota)",
        "soil_type": "Black Cotton",
        "crop": "Paddy",
        "area_acres_guntas": "2A 12G",
        "area_acres_decimal": 2.3
      },
      "geometry": {
        "type": "Polygon",
        "coordinates": [
          [
            [76.0118, 12.471538],
            [76.012774, 12.471538],
            [76.012774, 12.472466],
            [76.0118, 12.472466],
            [76.0118, 12.471538]
          ]
        ]
      }
    },
    {
      "type": "Feature",
      "properties": {
        "data_source": "SYNTHETIC - not an official record",
        "state": "Karnataka",
        "district": "Tumakuru",
        "taluk": "Sira",
        "hobli": "Sira",
        "village": "Bukkapatna",
        "survey_number": "104/3B",
        "khata_number": "0004",
        "landholder_name": "Suresh Rao (synthetic)",
        "land_type": "Wet (Baagayat)",
        "soil_type": "Black Cotton",
        "crop": "Sugarcane",
        "area_acres_guntas": "2A 7G",
        "area_acres_decimal": 2.17
      },
      "geometry": {
        "type": "Polygon",
        "coordinates": [
          [
            [77.248487, 13.159777],
            [77.249384, 13.159777],
            [77.249384, 13.160731],
            [77.248487, 13.160731],
            [77.248487, 13.159777]
          ]
        ]
      }
    },
    {
      "type": "Feature",
      "properties": {
        "data_source": "SYNTHETIC - not an official record",
        "state": "Karnataka",
        "district": "Belagavi",
        "taluk": "Athani",
        "hobli": "Athani",
        "village": "Ugar Khurd",
        "survey_number": "213/1A",
        "khata_number": "0001",
        "landholder_name": "Gowramma Rao (synthetic)",
        "land_type": "Wet (Baagayat)",
        "soil_type": "Black Cotton",
        "crop": "Sugarcane",
        "area_acres_guntas": "0A 4G",
        "area_acres_decimal": 0.1
      },
      "geometry": {
        "type": "Polygon",
        "coordinates": [
          [
            [74.793748, 15.943832],
            [74.793923, 15.943832],
            [74.793923, 15.944024],
            [74.793748, 15.944024],
            [74.793748, 15.943832]
          ]
        ]
      }
    },
    {
      "type": "Feature",
      "properties": {
        "data_source": "SYNTHETIC - not an official record",
        "state": "Karnataka",
        "district": "Mandya",
        "taluk": "Maddur",
        "hobli": "Maddur",
        "village": "Belagola",
        "survey_number": "164/8",
        "khata_number": "0004",
        "landholder_name": "Sharadamma Setty (synthetic)",
        "land_type": "Wet (Baagayat)",
        "soil_type": "Laterite",
        "crop": "Mulberry",
        "area_acres_guntas": "0A 33G",
        "area_acres_decimal": 0.82
      },
      "geometry": {
        "type": "Polygon",
        "coordinates": [
          [
            [76.975327, 12.615567],
            [76.97582, 12.615567],
            [76.97582, 12.616027],
            [76.975327, 12.616027],
            [76.975327, 12.615567]
          ]
        ]
      }
    },
    {
      "type": "Feature",
      "properties": {
        "data_source": "SYNTHETIC - not an official record",
        "state": "Karnataka",
        "district": "Shivamogga",
        "taluk": "Sagar",
        "hobli": "Sagar",
        "village": "Anandapuram",
        "survey_number": "312/3",
        "khata_number": "0003",
        "landholder_name": "Suresh Shetty (synthetic)",
        "land_type": "Garden (Tota)",
        "soil_type": "Black Cotton",
        "crop": "Fallow",
        "area_acres_guntas": "3A 12G",
        "area_acres_decimal": 3.3
      },
      "geometry": {
        "type": "Polygon",
        "coordinates": [
          [
            [75.393632, 13.975799],
            [75.3947, 13.975799],
            [75.3947, 13.976697],
            [75.393632, 13.976697],
            [75.393632, 13.975799]
          ]
        ]
      }
    },
    {
      "type": "Feature",
      "properties": {
        "data_source": "SYNTHETIC - not an official record",
        "state": "Karnataka",
        "district": "Kodagu",
        "taluk": "Somwarpet",
        "hobli": "Somwarpet",
        "village": "Kushalnagar",
        "survey_number": "193/3",
        "khata_number": "0003",
        "landholder_name": "Gowramma Shetty (synthetic)",
        "land_type": "Dry (Khushki)",
        "soil_type": "Red Sandy",
        "crop": "Areca Nut",
        "area_acres_guntas": "1A 39G",
        "area_acres_decimal": 1.98
      },
      "geometry": {
        "type": "Polygon",
        "coordinates": [
          [
            [75.66234, 12.387574],
            [75.663051, 12.387574],
            [75.663051, 12.388267],
            [75.66234, 12.388267],
            [75.66234, 12.387574]
          ]
        ]
      }
    },
    {
      "type": "Feature",
      "properties": {
        "data_source": "SYNTHETIC - not an official record",
        "state": "Karnataka",
        "district": "Mandya",
        "taluk": "Maddur",
        "hobli": "Maddur",
        "village": "Maddur",
        "survey_number": "20",
        "khata_number": "0002",
        "landholder_name": "Manjunath Shetty (synthetic)",
        "land_type": "Dry (Khushki)",
        "soil_type": "Red Loamy",
        "crop": "Cotton",
        "area_acres_guntas": "3A 12G",
        "area_acres_decimal": 3.3
      },
      "geometry": {
        "type": "Polygon",
        "coordinates": [
          [
            [76.718899, 12.44057],
            [76.719829, 12.44057],
            [76.719829, 12.441619],
            [76.718899, 12.441619],
            [76.718899, 12.44057]
          ]
        ]
      }
    },
    {
      "type": "Feature",
      "properties": {
        "data_source": "SYNTHETIC - not an official record",
        "state": "Karnataka",
        "district": "Shivamogga",
        "taluk": "Sagar",
        "hobli": "Sagar",
        "village": "Anandapuram",
        "survey_number": "261/2",
        "khata_number": "0004",
        "landholder_name": "Gowramma Rao (synthetic)",
        "land_type": "Wet (Baagayat)",
        "soil_type": "Red Loamy",
        "crop": "Ragi",
        "area_acres_guntas": "1A 21G",
        "area_acres_decimal": 1.52
      },
      "geometry": {
        "type": "Polygon",
        "coordinates": [
          [
            [75.394396, 13.963721],
            [75.395219, 13.963721],
            [75.395219, 13.964411],
            [75.394396, 13.964411],
            [75.394396, 13.963721]
          ]
        ]
      }
    },
    {
      "type": "Feature",
      "properties": {
        "data_source": "SYNTHETIC - not an official record",
        "state": "Karnataka",
        "district": "Shivamogga",
        "taluk": "Sagar",
        "hobli": "Sagar",
        "village": "Ikkeri",
        "survey_number": "191/2",
        "khata_number": "0002",
        "landholder_name": "Lakshmi Rao (synthetic)",
        "land_type": "Wet (Baagayat)",
        "soil_type": "Black Cotton",
        "crop": "Sugarcane",
        "area_acres_guntas": "0A 11G",
        "area_acres_decimal": 0.28
      },
      "geometry": {
        "type": "Polygon",
        "coordinates": [
          [
            [75.385877, 13.871545],
            [75.386201, 13.871545],
            [75.386201, 13.871881],
            [75.385877, 13.871881],
            [75.385877, 13.871545]
          ]
        ]
      }
    },
    {
      "type": "Feature",
      "properties": {
        "data_source": "SYNTHETIC - not an official record",
        "state": "Karnataka",
        "district": "Mandya",
        "taluk": "Maddur",
        "hobli": "Maddur",
        "village": "Maddur",
        "survey_number": "186/4B",
        "khata_number": "0003",
        "landholder_name": "Suresh Achar (synthetic)",
        "land_type": "Wet (Baagayat)",
        "soil_type": "Black Cotton",
        "crop": "Mulberry",
        "area_acres_guntas": "2A 25G",
        "area_acres_decimal": 2.62
      },
      "geometry": {
        "type": "Polygon",
        "coordinates": [
          [
            [77.019768, 12.702552],
            [77.020718, 12.702552],
            [77.020718, 12.703365],
            [77.019768, 12.703365],
            [77.019768, 12.702552]
          ]
        ]
      }
    },
    {
      "type": "Feature",
      "properties": {
        "data_source": "SYNTHETIC - not an official record",
        "state": "Karnataka",
        "district": "Bengaluru Rural",
        "taluk": "Doddaballapura",
        "hobli": "Doddaballapura",
        "village": "Doddaballapura",
        "survey_number": "99/5",
        "khata_number": "0003",
        "landholder_name": "Ramesh Reddy (synthetic)",
        "land_type": "Dry (Khushki)",
        "soil_type": "Black Cotton",
        "crop": "Maize",
        "area_acres_guntas": "2A 12G",
        "area_acres_decimal": 2.3
      },
      "geometry": {
        "type": "Polygon",
        "coordinates": [
          [
            [77.460983, 13.302966],
            [77.461844, 13.302966],
            [77.461844, 13.303864],
            [77.460983, 13.303864],
            [77.460983, 13.302966]
          ]
        ]
      }
    },
    {
      "type": "Feature",
      "properties": {
        "data_source": "SYNTHETIC - not an official record",
        "state": "Karnataka",
        "district": "Mysuru",
        "taluk": "Hunsur",
        "hobli": "Hunsur",
        "village": "Kadakola",
        "survey_number": "241/9",
        "khata_number": "0005",
        "landholder_name": "Rathnamma Rao (synthetic)",
        "land_type": "Garden (Tota)",
        "soil_type": "Laterite",
        "crop": "Coffee",
        "area_acres_guntas": "1A 29G",
        "area_acres_decimal": 1.73
      },
      "geometry": {
        "type": "Polygon",
        "coordinates": [
          [
            [76.703192, 12.37025],
            [76.704047, 12.37025],
            [76.704047, 12.371102],
            [76.703192, 12.371102],
            [76.703192, 12.37025]
          ]
        ]
      }
    },
    {
      "type": "Feature",
      "properties": {
        "data_source": "SYNTHETIC - not an official record",
        "state": "Karnataka",
        "district": "Tumakuru",
        "taluk": "Pavagada",
        "hobli": "Pavagada",
        "village": "Nagalamadike",
        "survey_number": "238",
        "khata_number": "0003",
        "landholder_name": "Puttaswamy Setty (synthetic)",
        "land_type": "Garden (Tota)",
        "soil_type": "Black Cotton",
        "crop": "Mulberry",
        "area_acres_guntas": "0A 26G",
        "area_acres_decimal": 0.65
      },
      "geometry": {
        "type": "Polygon",
        "coordinates": [
          [
            [76.970478, 13.45157],
            [76.97094, 13.45157],
            [76.97094, 13.451988],
            [76.970478, 13.451988],
            [76.970478, 13.45157]
          ]
        ]
      }
    },
    {
      "type": "Feature",
      "properties": {
        "data_source": "SYNTHETIC - not an official record",
        "state": "Karnataka",
        "district": "Mysuru",
        "taluk": "T. Narasipura",
        "hobli": "Bannur",
        "village": "Bannur",
        "survey_number": "347/5",
        "khata_number": "0003",
        "landholder_name": "Manjunath Shetty (synthetic)",
        "land_type": "Dry (Khushki)",
        "soil_type": "Red Loamy",
        "crop": "Ragi",
        "area_acres_guntas": "3A 14G",
        "area_acres_decimal": 3.35
      },
      "geometry": {
        "type": "Polygon",
        "coordinates": [
          [
            [76.856202, 12.119002],
            [76.857147, 12.119002],
            [76.857147, 12.120078],
            [76.856202, 12.120078],
            [76.856202, 12.119002]
          ]
        ]
      }
    },
    {
      "type": "Feature",
      "properties": {
        "data_source": "SYNTHETIC - not an official record",
        "state": "Karnataka",
        "district": "Shivamogga",
        "taluk": "Sagar",
        "hobli": "Sagar",
        "village": "Sagar",
        "survey_number": "177/2",
        "khata_number": "0001",
        "landholder_name": "Mahadevaiah Achar (synthetic)",
        "land_type": "Garden (Tota)",
        "soil_type": "Black Cotton",
        "crop": "Fallow",
        "area_acres_guntas": "0A 34G",
        "area_acres_decimal": 0.85
      },
      "geometry": {
        "type": "Polygon",
        "coordinates": [
          [
            [75.366284, 14.030054],
            [75.366906, 14.030054],
            [75.366906, 14.030549],
            [75.366284, 14.030549],
            [75.366284, 14.030054]
          ]
        ]
      }
    },
    {
      "type": "Feature",
      "properties": {
        "data_source": "SYNTHETIC - not an official record",
        "state": "Karnataka",
        "district": "Dharwad",
        "taluk": "Hubballi",
        "hobli": "Hubballi",
        "village": "Gokul",
        "survey_number": "247",
        "khata_number": "0003",
        "landholder_name": "Mahadevaiah Reddy (synthetic)",
        "land_type": "Garden (Tota)",
        "soil_type": "Red Sandy",
        "crop": "Areca Nut",
        "area_acres_guntas": "2A 6G",
        "area_acres_decimal": 2.15
      },
      "geometry": {
        "type": "Polygon",
        "coordinates": [
          [
            [75.170193, 15.635613],
            [75.171194, 15.635613],
            [75.171194, 15.636527],
            [75.170193, 15.636527],
            [75.170193, 15.635613]
          ]
        ]
      }
    },
    {
      "type": "Feature",
      "properties": {
        "data_source": "SYNTHETIC - not an official record",
        "state": "Karnataka",
        "district": "Dharwad",
        "taluk": "Kalghatgi",
        "hobli": "Kalghatgi",
        "village": "Tabakhana",
        "survey_number": "248",
        "khata_number": "0005",
        "landholder_name": "Nagaraj Naik (synthetic)",
        "land_type": "Dry (Khushki)",
        "soil_type": "Laterite",
        "crop": "Ragi",
        "area_acres_guntas": "0A 9G",
        "area_acres_decimal": 0.23
      },
      "geometry": {
        "type": "Polygon",
        "coordinates": [
          [
            [75.147121, 15.670158],
            [75.147402, 15.670158],
            [75.147402, 15.670438],
            [75.147121, 15.670438],
            [75.147121, 15.670158]
          ]
        ]
      }
    },
    {
      "type": "Feature",
      "properties": {
        "data_source": "SYNTHETIC - not an official record",
        "state": "Karnataka",
        "district": "Hassan",
        "taluk": "Belur",
        "hobli": "Belur",
        "village": "Gandasi",
        "survey_number": "110/1",
        "khata_number": "0003",
        "landholder_name": "Manjunath Shetty (synthetic)",
        "land_type": "Dry (Khushki)",
        "soil_type": "Black Cotton",
        "crop": "Areca Nut",
        "area_acres_guntas": "1A 7G",
        "area_acres_decimal": 1.18
      },
      "geometry": {
        "type": "Polygon",
        "coordinates": [
          [
            [75.997192, 12.933598],
            [75.997906, 12.933598],
            [75.997906, 12.934267],
            [75.997192, 12.934267],
            [75.997192, 12.933598]
          ]
        ]
      }
    },
    {
      "type": "Feature",
      "properties": {
        "data_source": "SYNTHETIC - not an official record",
        "state": "Karnataka",
        "district": "Kodagu",
        "taluk": "Somwarpet",
        "hobli": "Somwarpet",
        "village": "Kushalnagar",
        "survey_number": "145/1",
        "khata_number": "0004",
        "landholder_name": "Puttaswamy Gowda (synthetic)",
        "land_type": "Dry (Khushki)",
        "soil_type": "Red Loamy",
        "crop": "Paddy",
        "area_acres_guntas": "2A 30G",
        "area_acres_decimal": 2.75
      },
      "geometry": {
        "type": "Polygon",
        "coordinates": [
          [
            [75.641103, 12.659996],
            [75.642049, 12.659996],
            [75.642049, 12.661066],
            [75.641103, 12.661066],
            [75.641103, 12.659996]
          ]
        ]
      }
    },
    {
      "type": "Feature",
      "properties": {
        "data_source": "SYNTHETIC - not an official record",
        "state": "Karnataka",
        "district": "Bengaluru Rural",
        "taluk": "Devanahalli",
        "hobli": "Devanahalli",
        "village": "Vishwanathapura",
        "survey_number": "214",
        "khata_number": "0001",
        "landholder_name": "Suresh Naik (synthetic)",
        "land_type": "Wet (Baagayat)",
        "soil_type": "Black Cotton",
        "crop": "Mulberry",
        "area_acres_guntas": "2A 3G",
        "area_acres_decimal": 2.08
      },
      "geometry": {
        "type": "Polygon",
        "coordinates": [
          [
            [77.546927, 13.152968],
            [77.547833, 13.152968],
            [77.547833, 13.153894],
            [77.546927, 13.153894],
            [77.546927, 13.152968]
          ]
        ]
      }
    },
    {
      "type": "Feature",
      "properties": {
        "data_source": "SYNTHETIC - not an official record",
        "state": "Karnataka",
        "district": "Hassan",
        "taluk": "Arsikere",
        "hobli": "Arsikere",
        "village": "Javagal",
        "survey_number": "128",
        "khata_number": "0002",
        "landholder_name": "Chandrashekar Poojary (synthetic)",
        "land_type": "Garden (Tota)",
        "soil_type": "Black Cotton",
        "crop": "Sugarcane",
        "area_acres_guntas": "2A 26G",
        "area_acres_decimal": 2.65
      },
      "geometry": {
        "type": "Polygon",
        "coordinates": [
          [
            [76.324486, 13.181937],
            [76.32555, 13.181937],
            [76.32555, 13.182992],
            [76.324486, 13.182992],
            [76.324486, 13.181937]
          ]
        ]
      }
    },
    {
      "type": "Feature",
      "properties": {
        "data_source": "SYNTHETIC - not an official record",
        "state": "Karnataka",
        "district": "Mandya",
        "taluk": "Malavalli",
        "hobli": "Malavalli",
        "village": "Basaralu",
        "survey_number": "216",
        "khata_number": "0006",
        "landholder_name": "Rathnamma Achar (synthetic)",
        "land_type": "Wet (Baagayat)",
        "soil_type": "Black Cotton",
        "crop": "Paddy",
        "area_acres_guntas": "1A 38G",
        "area_acres_decimal": 1.95
      },
      "geometry": {
        "type": "Polygon",
        "coordinates": [
          [
            [76.697398, 12.354423],
            [76.698243, 12.354423],
            [76.698243, 12.355134],
            [76.697398, 12.355134],
            [76.697398, 12.354423]
          ]
        ]
      }
    },
    {
      "type": "Feature",
      "properties": {
        "data_source": "SYNTHETIC - not an official record",
        "state": "Karnataka",
        "district": "Kodagu",
        "taluk": "Virajpet",
        "hobli": "Virajpet",
        "village": "Ponnampet",
        "survey_number": "64/5",
        "khata_number": "0002",
        "landholder_name": "Gowramma Setty (synthetic)",
        "land_type": "Garden (Tota)",
        "soil_type": "Black Cotton",
        "crop": "Sugarcane",
        "area_acres_guntas": "2A 24G",
        "area_acres_decimal": 2.6
      },
      "geometry": {
        "type": "Polygon",
        "coordinates": [
          [
            [76.005067, 12.560525],
            [76.006066, 12.560525],
            [76.006066, 12.561323],
            [76.005067, 12.561323],
            [76.005067, 12.560525]
          ]
        ]
      }
    },
    {
      "type": "Feature",
      "properties": {
        "data_source": "SYNTHETIC - not an official record",
        "state": "Karnataka",
        "district": "Bengaluru Rural",
        "taluk": "Devanahalli",
        "hobli": "Devanahalli",
        "village": "Devanahalli",
        "survey_number": "194/3A",
        "khata_number": "0002",
        "landholder_name": "Puttaswamy Rao (synthetic)",
        "land_type": "Wet (Baagayat)",
        "soil_type": "Black Cotton",
        "crop": "Cotton",
        "area_acres_guntas": "0A 4G",
        "area_acres_decimal": 0.1
      },
      "geometry": {
        "type": "Polygon",
        "coordinates": [
          [
            [77.760557, 13.15127],
            [77.760735, 13.15127],
            [77.760735, 13.15145],
            [77.760557, 13.15145],
            [77.760557, 13.15127]
          ]
        ]
      }
    },
    {
      "type": "Feature",
      "properties": {
        "data_source": "SYNTHETIC - not an official record",
        "state": "Karnataka",
        "district": "Belagavi",
        "taluk": "Gokak",
        "hobli": "Gokak",
        "village": "Ankalagi",
        "survey_number": "328",
        "khata_number": "0003",
        "landholder_name": "Venkatesh Poojary (synthetic)",
        "land_type": "Dry (Khushki)",
        "soil_type": "Red Loamy",
        "crop": "Coconut",
        "area_acres_guntas": "0A 38G",
        "area_acres_decimal": 0.95
      },
      "geometry": {
        "type": "Polygon",
        "coordinates": [
          [
            [74.964257, 15.634836],
            [74.964847, 15.634836],
            [74.964847, 15.635351],
            [74.964257, 15.635351],
            [74.964257, 15.634836]
          ]
        ]
      }
    },
    {
      "type": "Feature",
      "properties": {
        "data_source": "SYNTHETIC - not an official record",
        "state": "Karnataka",
        "district": "Tumakuru",
        "taluk": "Madhugiri",
        "hobli": "Madhugiri",
        "village": "Madhugiri",
        "survey_number": "133",
        "khata_number": "0004",
        "landholder_name": "Basavaraj Achar (synthetic)",
        "land_type": "Wet (Baagayat)",
        "soil_type": "Red Loamy",
        "crop": "Fallow",
        "area_acres_guntas": "1A 35G",
        "area_acres_decimal": 1.88
      },
      "geometry": {
        "type": "Polygon",
        "coordinates": [
          [
            [77.107687, 13.308769],
            [77.108532, 13.308769],
            [77.108532, 13.309556],
            [77.107687, 13.309556],
            [77.107687, 13.308769]
          ]
        ]
      }
    },
    {
      "type": "Feature",
      "properties": {
        "data_source": "SYNTHETIC - not an official record",
        "state": "Karnataka",
        "district": "Bengaluru Rural",
        "taluk": "Devanahalli",
        "hobli": "Devanahalli",
        "village": "Vishwanathapura",
        "survey_number": "151/2",
        "khata_number": "0002",
        "landholder_name": "Venkatesh Reddy (synthetic)",
        "land_type": "Dry (Khushki)",
        "soil_type": "Red Loamy",
        "crop": "Maize",
        "area_acres_guntas": "1A 33G",
        "area_acres_decimal": 1.82
      },
      "geometry": {
        "type": "Polygon",
        "coordinates": [
          [
            [77.795575, 13.288599],
            [77.796376, 13.288599],
            [77.796376, 13.289352],
            [77.795575, 13.289352],
            [77.795575, 13.288599]
          ]
        ]
      }
    },
    {
      "type": "Feature",
      "properties": {
        "data_source": "SYNTHETIC - not an official record",
        "state": "Karnataka",
        "district": "Hassan",
        "taluk": "Arsikere",
        "hobli": "Arsikere",
        "village": "Arsikere",
        "survey_number": "159/2",
        "khata_number": "0002",
        "landholder_name": "Ramesh Poojary (synthetic)",
        "land_type": "Dry (Khushki)",
        "soil_type": "Red Sandy",
        "crop": "Mulberry",
        "area_acres_guntas": "2A 6G",
        "area_acres_decimal": 2.15
      },
      "geometry": {
        "type": "Polygon",
        "coordinates": [
          [
            [76.280315, 13.23069],
            [76.281268, 13.23069],
            [76.281268, 13.231607],
            [76.280315, 13.231607],
            [76.280315, 13.23069]
          ]
        ]
      }
    },
    {
      "type": "Feature",
      "properties": {
        "data_source": "SYNTHETIC - not an official record",
        "state": "Karnataka",
        "district": "Shivamogga",
        "taluk": "Sagar",
        "hobli": "Sagar",
        "village": "Sagar",
        "survey_number": "179/5",
        "khata_number": "0002",
        "landholder_name": "Venkatesh Reddy (synthetic)",
        "land_type": "Garden (Tota)",
        "soil_type": "Black Cotton",
        "crop": "Fallow",
        "area_acres_guntas": "3A 29G",
        "area_acres_decimal": 3.73
      },
      "geometry": {
        "type": "Polygon",
        "coordinates": [
          [
            [75.771929, 13.785348],
            [75.772912, 13.785348],
            [75.772912, 13.786309],
            [75.771929, 13.786309],
            [75.771929, 13.785348]
          ]
        ]
      }
    },
    {
      "type": "Feature",
      "properties": {
        "data_source": "SYNTHETIC - not an official record",
        "state": "Karnataka",
        "district": "Shivamogga",
        "taluk": "Bhadravati",
        "hobli": "Bhadravati",
        "village": "Tarikere Road",
        "survey_number": "298/1A",
        "khata_number": "0002",
        "landholder_name": "Siddappa Naik (synthetic)",
        "land_type": "Wet (Baagayat)",
        "soil_type": "Black Cotton",
        "crop": "Fallow",
        "area_acres_guntas": "3A 28G",
        "area_acres_decimal": 3.7
      },
      "geometry": {
        "type": "Polygon",
        "coordinates": [
          [
            [75.418263, 13.945858],
            [75.419289, 13.945858],
            [75.419289, 13.947045],
            [75.418263, 13.947045],
            [75.418263, 13.945858]
          ]
        ]
      }
    },
    {
      "type": "Feature",
      "properties": {
        "data_source": "SYNTHETIC - not an official record",
        "state": "Karnataka",
        "district": "Mandya",
        "taluk": "Srirangapatna",
        "hobli": "Srirangapatna",
        "village": "Srirangapatna",
        "survey_number": "47/1",
        "khata_number": "0003",
        "landholder_name": "Sharadamma Poojary (synthetic)",
        "land_type": "Dry (Khushki)",
        "soil_type": "Red Sandy",
        "crop": "Coffee",
        "area_acres_guntas": "2A 27G",
        "area_acres_decimal": 2.67
      },
      "geometry": {
        "type": "Polygon",
        "coordinates": [
          [
            [76.863231, 12.725131],
            [76.864323, 12.725131],
            [76.864323, 12.725934],
            [76.863231, 12.725934],
            [76.863231, 12.725131]
          ]
        ]
      }
    },
    {
      "type": "Feature",
      "properties": {
        "data_source": "SYNTHETIC - not an official record",
        "state": "Karnataka",
        "district": "Shivamogga",
        "taluk": "Thirthahalli",
        "hobli": "Thirthahalli",
        "village": "Mandagadde",
        "survey_number": "75/1B",
        "khata_number": "0002",
        "landholder_name": "Lakshmi Naik (synthetic)",
        "land_type": "Wet (Baagayat)",
        "soil_type": "Red Loamy",
        "crop": "Ragi",
        "area_acres_guntas": "3A 14G",
        "area_acres_decimal": 3.35
      },
      "geometry": {
        "type": "Polygon",
        "coordinates": [
          [
            [75.757375, 14.165386],
            [75.758567, 14.165386],
            [75.758567, 14.166287],
            [75.757375, 14.166287],
            [75.757375, 14.165386]
          ]
        ]
      }
    },
    {
      "type": "Feature",
      "properties": {
        "data_source": "SYNTHETIC - not an official record",
        "state": "Karnataka",
        "district": "Tumakuru",
        "taluk": "Sira",
        "hobli": "Sira",
        "village": "Hagalavadi",
        "survey_number": "317",
        "khata_number": "0003",
        "landholder_name": "Manjunath Naik (synthetic)",
        "land_type": "Dry (Khushki)",
        "soil_type": "Red Loamy",
        "crop": "Maize",
        "area_acres_guntas": "3A 14G",
        "area_acres_decimal": 3.35
      },
      "geometry": {
        "type": "Polygon",
        "coordinates": [
          [
            [77.242193, 13.118869],
            [77.243169, 13.118869],
            [77.243169, 13.120018],
            [77.242193, 13.120018],
            [77.242193, 13.118869]
          ]
        ]
      }
    },
    {
      "type": "Feature",
      "properties": {
        "data_source": "SYNTHETIC - not an official record",
        "state": "Karnataka",
        "district": "Kodagu",
        "taluk": "Somwarpet",
        "hobli": "Somwarpet",
        "village": "Kushalnagar",
        "survey_number": "156/1",
        "khata_number": "0005",
        "landholder_name": "Nagaraj Shetty (synthetic)",
        "land_type": "Dry (Khushki)",
        "soil_type": "Red Loamy",
        "crop": "Cotton",
        "area_acres_guntas": "2A 4G",
        "area_acres_decimal": 2.1
      },
      "geometry": {
        "type": "Polygon",
        "coordinates": [
          [
            [75.78456, 12.214869],
            [75.785517, 12.214869],
            [75.785517, 12.215725],
            [75.78456, 12.215725],
            [75.78456, 12.214869]
          ]
        ]
      }
    },
    {
      "type": "Feature",
      "properties": {
        "data_source": "SYNTHETIC - not an official record",
        "state": "Karnataka",
        "district": "Tumakuru",
        "taluk": "Sira",
        "hobli": "Sira",
        "village": "Sira",
        "survey_number": "227",
        "khata_number": "0001",
        "landholder_name": "Rathnamma Achar (synthetic)",
        "land_type": "Wet (Baagayat)",
        "soil_type": "Red Loamy",
        "crop": "Groundnut",
        "area_acres_guntas": "0A 18G",
        "area_acres_decimal": 0.45
      },
      "geometry": {
        "type": "Polygon",
        "coordinates": [
          [
            [76.91043, 13.241164],
            [76.910799, 13.241164],
            [76.910799, 13.241525],
            [76.91043, 13.241525],
            [76.91043, 13.241164]
          ]
        ]
      }
    },
    {
      "type": "Feature",
      "properties": {
        "data_source": "SYNTHETIC - not an official record",
        "state": "Karnataka",
        "district": "Mandya",
        "taluk": "Maddur",
        "hobli": "Maddur",
        "village": "Kestur",
        "survey_number": "307/6",
        "khata_number": "0004",
        "landholder_name": "Mahadevaiah Setty (synthetic)",
        "land_type": "Dry (Khushki)",
        "soil_type": "Red Sandy",
        "crop": "Ragi",
        "area_acres_guntas": "3A 17G",
        "area_acres_decimal": 3.42
      },
      "geometry": {
        "type": "Polygon",
        "coordinates": [
          [
            [76.685098, 12.392233],
            [76.686198, 12.392233],
            [76.686198, 12.393261],
            [76.685098, 12.393261],
            [76.685098, 12.392233]
          ]
        ]
      }
    },
    {
      "type": "Feature",
      "properties": {
        "data_source": "SYNTHETIC - not an official record",
        "state": "Karnataka",
        "district": "Mysuru",
        "taluk": "T. Narasipura",
        "hobli": "Bannur",
        "village": "Suttur",
        "survey_number": "194",
        "khata_number": "0003",
        "landholder_name": "Ramesh Gowda (synthetic)",
        "land_type": "Wet (Baagayat)",
        "soil_type": "Black Cotton",
        "crop": "Sugarcane",
        "area_acres_guntas": "0A 15G",
        "area_acres_decimal": 0.38
      },
      "geometry": {
        "type": "Polygon",
        "coordinates": [
          [
            [76.412541, 12.340605],
            [76.412852, 12.340605],
            [76.412852, 12.340956],
            [76.412541, 12.340956],
            [76.412541, 12.340605]
          ]
        ]
      }
    },
    {
      "type": "Feature",
      "properties": {
        "data_source": "SYNTHETIC - not an official record",
        "state": "Karnataka",
        "district": "Tumakuru",
        "taluk": "Sira",
        "hobli": "Sira",
        "village": "Hagalavadi",
        "survey_number": "215",
        "khata_number": "0004",
        "landholder_name": "Suresh Gowda (synthetic)",
        "land_type": "Wet (Baagayat)",
        "soil_type": "Red Sandy",
        "crop": "Coconut",
        "area_acres_guntas": "3A 9G",
        "area_acres_decimal": 3.23
      },
      "geometry": {
        "type": "Polygon",
        "coordinates": [
          [
            [77.117431, 13.170756],
            [77.118544, 13.170756],
            [77.118544, 13.171774],
            [77.117431, 13.171774],
            [77.117431, 13.170756]
          ]
        ]
      }
    },
    {
      "type": "Feature",
      "properties": {
        "data_source": "SYNTHETIC - not an official record",
        "state": "Karnataka",
        "district": "Bengaluru Rural",
        "taluk": "Doddaballapura",
        "hobli": "Doddaballapura",
        "village": "Doddaballapura",
        "survey_number": "85",
        "khata_number": "0004",
        "landholder_name": "Gowramma Rao (synthetic)",
        "land_type": "Garden (Tota)",
        "soil_type": "Red Sandy",
        "crop": "Fallow",
        "area_acres_guntas": "3A 0G",
        "area_acres_decimal": 3.0
      },
      "geometry": {
        "type": "Polygon",
        "coordinates": [
          [
            [77.487201, 13.473642],
            [77.488169, 13.473642],
            [77.488169, 13.474752],
            [77.487201, 13.474752],
            [77.487201, 13.473642]
          ]
        ]
      }
    },
    {
      "type": "Feature",
      "properties": {
        "data_source": "SYNTHETIC - not an official record",
        "state": "Karnataka",
        "district": "Mandya",
        "taluk": "Srirangapatna",
        "hobli": "Srirangapatna",
        "village": "Pandavapura Road",
        "survey_number": "302/9",
        "khata_number": "0004",
        "landholder_name": "Venkatesh Reddy (synthetic)",
        "land_type": "Wet (Baagayat)",
        "soil_type": "Red Sandy",
        "crop": "Coffee",
        "area_acres_guntas": "1A 6G",
        "area_acres_decimal": 1.15
      },
      "geometry": {
        "type": "Polygon",
        "coordinates": [
          [
            [76.880498, 12.734912],
            [76.881143, 12.734912],
            [76.881143, 12.735505],
            [76.880498, 12.735505],
            [76.880498, 12.734912]
          ]
        ]
      }
    },
    {
      "type": "Feature",
      "properties": {
        "data_source": "SYNTHETIC - not an official record",
        "state": "Karnataka",
        "district": "Dharwad",
        "taluk": "Hubballi",
        "hobli": "Hubballi",
        "village": "Amargol",
        "survey_number": "94/7B",
        "khata_number": "0007",
        "landholder_name": "Chandrashekar Naik (synthetic)",
        "land_type": "Wet (Baagayat)",
        "soil_type": "Laterite",
        "crop": "Groundnut",
        "area_acres_guntas": "1A 38G",
        "area_acres_decimal": 1.95
      },
      "geometry": {
        "type": "Polygon",
        "coordinates": [
          [
            [75.225964, 15.460303],
            [75.226747, 15.460303],
            [75.226747, 15.460988],
            [75.225964, 15.460988],
            [75.225964, 15.460303]
          ]
        ]
      }
    },
    {
      "type": "Feature",
      "properties": {
        "data_source": "SYNTHETIC - not an official record",
        "state": "Karnataka",
        "district": "Kodagu",
        "taluk": "Somwarpet",
        "hobli": "Somwarpet",
        "village": "Suntikoppa",
        "survey_number": "337",
        "khata_number": "0002",
        "landholder_name": "Shivakumar Reddy (synthetic)",
        "land_type": "Dry (Khushki)",
        "soil_type": "Red Loamy",
        "crop": "Coffee",
        "area_acres_guntas": "1A 6G",
        "area_acres_decimal": 1.15
      },
      "geometry": {
        "type": "Polygon",
        "coordinates": [
          [
            [75.790814, 12.521406],
            [75.791395, 12.521406],
            [75.791395, 12.522074],
            [75.790814, 12.522074],
            [75.790814, 12.521406]
          ]
        ]
      }
    },
    {
      "type": "Feature",
      "properties": {
        "data_source": "SYNTHETIC - not an official record",
        "state": "Karnataka",
        "district": "Dharwad",
        "taluk": "Kalghatgi",
        "hobli": "Kalghatgi",
        "village": "Hebsur",
        "survey_number": "180/5B",
        "khata_number": "0002",
        "landholder_name": "Nagaraj Gowda (synthetic)",
        "land_type": "Garden (Tota)",
        "soil_type": "Black Cotton",
        "crop": "Areca Nut",
        "area_acres_guntas": "2A 13G",
        "area_acres_decimal": 2.33
      },
      "geometry": {
        "type": "Polygon",
        "coordinates": [
          [
            [75.239864, 15.273527],
            [75.240682, 15.273527],
            [75.240682, 15.274466],
            [75.239864, 15.274466],
            [75.239864, 15.273527]
          ]
        ]
      }
    },
    {
      "type": "Feature",
      "properties": {
        "data_source": "SYNTHETIC - not an official record",
        "state": "Karnataka",
        "district": "Belagavi",
        "taluk": "Athani",
        "hobli": "Athani",
        "village": "Ugar Khurd",
        "survey_number": "31/7A",
        "khata_number": "0002",
        "landholder_name": "Sharadamma Gowda (synthetic)",
        "land_type": "Garden (Tota)",
        "soil_type": "Red Loamy",
        "crop": "Cotton",
        "area_acres_guntas": "3A 12G",
        "area_acres_decimal": 3.3
      },
      "geometry": {
        "type": "Polygon",
        "coordinates": [
          [
            [74.882773, 15.656588],
            [74.883908, 15.656588],
            [74.883908, 15.657689],
            [74.882773, 15.657689],
            [74.882773, 15.656588]
          ]
        ]
      }
    },
    {
      "type": "Feature",
      "properties": {
        "data_source": "SYNTHETIC - not an official record",
        "state": "Karnataka",
        "district": "Mandya",
        "taluk": "Srirangapatna",
        "hobli": "Srirangapatna",
        "village": "Pandavapura Road",
        "survey_number": "106/8B",
        "khata_number": "0005",
        "landholder_name": "Krishnappa Naik (synthetic)",
        "land_type": "Garden (Tota)",
        "soil_type": "Black Cotton",
        "crop": "Paddy",
        "area_acres_guntas": "0A 25G",
        "area_acres_decimal": 0.62
      },
      "geometry": {
        "type": "Polygon",
        "coordinates": [
          [
            [77.007512, 12.47232],
            [77.008033, 12.47232],
            [77.008033, 12.472816],
            [77.007512, 12.472816],
            [77.007512, 12.47232]
          ]
        ]
      }
    },
    {
      "type": "Feature",
      "properties": {
        "data_source": "SYNTHETIC - not an official record",
        "state": "Karnataka",
        "district": "Belagavi",
        "taluk": "Athani",
        "hobli": "Athani",
        "village": "Kagwad",
        "survey_number": "11/3",
        "khata_number": "0004",
        "landholder_name": "Suresh Poojary (synthetic)",
        "land_type": "Dry (Khushki)",
        "soil_type": "Red Loamy",
        "crop": "Maize",
        "area_acres_guntas": "2A 3G",
        "area_acres_decimal": 2.08
      },
      "geometry": {
        "type": "Polygon",
        "coordinates": [
          [
            [75.056045, 15.957923],
            [75.056995, 15.957923],
            [75.056995, 15.958762],
            [75.056045, 15.958762],
            [75.056045, 15.957923]
          ]
        ]
      }
    },
    {
      "type": "Feature",
      "properties": {
        "data_source": "SYNTHETIC - not an official record",
        "state": "Karnataka",
        "district": "Bengaluru Rural",
        "taluk": "Doddaballapura",
        "hobli": "Doddaballapura",
        "village": "Doddaballapura",
        "survey_number": "237/1A",
        "khata_number": "0005",
        "landholder_name": "Puttaswamy Gowda (synthetic)",
        "land_type": "Wet (Baagayat)",
        "soil_type": "Red Loamy",
        "crop": "Maize",
        "area_acres_guntas": "0A 20G",
        "area_acres_decimal": 0.5
      },
      "geometry": {
        "type": "Polygon",
        "coordinates": [
          [
            [77.779619, 13.406063],
            [77.780051, 13.406063],
            [77.780051, 13.406528],
            [77.779619, 13.406528],
            [77.779619, 13.406063]
          ]
        ]
      }
    },
    {
      "type": "Feature",
      "properties": {
        "data_source": "SYNTHETIC - not an official record",
        "state": "Karnataka",
        "district": "Bengaluru Rural",
        "taluk": "Devanahalli",
        "hobli": "Devanahalli",
        "village": "Vishwanathapura",
        "survey_number": "6",
        "khata_number": "0003",
        "landholder_name": "Mahadevaiah Achar (synthetic)",
        "land_type": "Garden (Tota)",
        "soil_type": "Red Sandy",
        "crop": "Coconut",
        "area_acres_guntas": "2A 4G",
        "area_acres_decimal": 2.1
      },
      "geometry": {
        "type": "Polygon",
        "coordinates": [
          [
            [77.749666, 13.316661],
            [77.750568, 13.316661],
            [77.750568, 13.317391],
            [77.749666, 13.317391],
            [77.749666, 13.316661]
          ]
        ]
      }
    },
    {
      "type": "Feature",
      "properties": {
        "data_source": "SYNTHETIC - not an official record",
        "state": "Karnataka",
        "district": "Mandya",
        "taluk": "Malavalli",
        "hobli": "Malavalli",
        "village": "Basaralu",
        "survey_number": "24",
        "khata_number": "0007",
        "landholder_name": "Shivakumar Setty (synthetic)",
        "land_type": "Wet (Baagayat)",
        "soil_type": "Red Sandy",
        "crop": "Ragi",
        "area_acres_guntas": "3A 18G",
        "area_acres_decimal": 3.45
      },
      "geometry": {
        "type": "Polygon",
        "coordinates": [
          [
            [76.904385, 12.447861],
            [76.905422, 12.447861],
            [76.905422, 12.449038],
            [76.904385, 12.449038],
            [76.904385, 12.447861]
          ]
        ]
      }
    },
    {
      "type": "Feature",
      "properties": {
        "data_source": "SYNTHETIC - not an official record",
        "state": "Karnataka",
        "district": "Mandya",
        "taluk": "Srirangapatna",
        "hobli": "Srirangapatna",
        "village": "Ganjam",
        "survey_number": "305",
        "khata_number": "0005",
        "landholder_name": "Nagaraj Poojary (synthetic)",
        "land_type": "Wet (Baagayat)",
        "soil_type": "Black Cotton",
        "crop": "Areca Nut",
        "area_acres_guntas": "0A 34G",
        "area_acres_decimal": 0.85
      },
      "geometry": {
        "type": "Polygon",
        "coordinates": [
          [
            [77.096614, 12.745777],
            [77.0972, 12.745777],
            [77.0972, 12.746251],
            [77.096614, 12.746251],
            [77.096614, 12.745777]
          ]
        ]
      }
    },
    {
      "type": "Feature",
      "properties": {
        "data_source": "SYNTHETIC - not an official record",
        "state": "Karnataka",
        "district": "Bengaluru Rural",
        "taluk": "Doddaballapura",
        "hobli": "Doddaballapura",
        "village": "Doddaballapura",
        "survey_number": "138",
        "khata_number": "0006",
        "landholder_name": "Rathnamma Setty (synthetic)",
        "land_type": "Garden (Tota)",
        "soil_type": "Red Loamy",
        "crop": "Fallow",
        "area_acres_guntas": "2A 6G",
        "area_acres_decimal": 2.15
      },
      "geometry": {
        "type": "Polygon",
        "coordinates": [
          [
            [77.49122, 13.155857],
            [77.49201, 13.155857],
            [77.49201, 13.156647],
            [77.49122, 13.156647],
            [77.49122, 13.155857]
          ]
        ]
      }
    },
    {
      "type": "Feature",
      "properties": {
        "data_source": "SYNTHETIC - not an official record",
        "state": "Karnataka",
        "district": "Shivamogga",
        "taluk": "Bhadravati",
        "hobli": "Bhadravati",
        "village": "Tarikere Road",
        "survey_number": "184",
        "khata_number": "0003",
        "landholder_name": "Siddappa Poojary (synthetic)",
        "land_type": "Garden (Tota)",
        "soil_type": "Black Cotton",
        "crop": "Areca Nut",
        "area_acres_guntas": "0A 8G",
        "area_acres_decimal": 0.2
      },
      "geometry": {
        "type": "Polygon",
        "coordinates": [
          [
            [75.780609, 13.806437],
            [75.780838, 13.806437],
            [75.780838, 13.806723],
            [75.780609, 13.806723],
            [75.780609, 13.806437]
          ]
        ]
      }
    },
    {
      "type": "Feature",
      "properties": {
        "data_source": "SYNTHETIC - not an official record",
        "state": "Karnataka",
        "district": "Dharwad",
        "taluk": "Hubballi",
        "hobli": "Hubballi",
        "village": "Amargol",
        "survey_number": "270/1",
        "khata_number": "0008",
        "landholder_name": "Shivakumar Rao (synthetic)",
        "land_type": "Garden (Tota)",
        "soil_type": "Laterite",
        "crop": "Areca Nut",
        "area_acres_guntas": "2A 37G",
        "area_acres_decimal": 2.92
      },
      "geometry": {
        "type": "Polygon",
        "coordinates": [
          [
            [75.299544, 15.22906],
            [75.300446, 15.22906],
            [75.300446, 15.230044],
            [75.299544, 15.230044],
            [75.299544, 15.22906]
          ]
        ]
      }
    },
    {
      "type": "Feature",
      "properties": {
        "data_source": "SYNTHETIC - not an official record",
        "state": "Karnataka",
        "district": "Chamarajanagar",
        "taluk": "Gundlupet",
        "hobli": "Gundlupet",
        "village": "Gundlupet",
        "survey_number": "98/2A",
        "khata_number": "0002",
        "landholder_name": "Gowramma Rao (synthetic)",
        "land_type": "Wet (Baagayat)",
        "soil_type": "Laterite",
        "crop": "Ragi",
        "area_acres_guntas": "1A 3G",
        "area_acres_decimal": 1.07
      },
      "geometry": {
        "type": "Polygon",
        "coordinates": [
          [
            [77.075284, 11.853134],
            [77.075928, 11.853134],
            [77.075928, 11.853697],
            [77.075284, 11.853697],
            [77.075284, 11.853134]
          ]
        ]
      }
    },
    {
      "type": "Feature",
      "properties": {
        "data_source": "SYNTHETIC - not an official record",
        "state": "Karnataka",
        "district": "Chamarajanagar",
        "taluk": "Kollegal",
        "hobli": "Kollegal",
        "village": "Kollegal",
        "survey_number": "15/3",
        "khata_number": "0002",
        "landholder_name": "Ramesh Setty (synthetic)",
        "land_type": "Wet (Baagayat)",
        "soil_type": "Red Sandy",
        "crop": "Groundnut",
        "area_acres_guntas": "2A 12G",
        "area_acres_decimal": 2.3
      },
      "geometry": {
        "type": "Polygon",
        "coordinates": [
          [
            [76.800147, 11.743209],
            [76.801043, 11.743209],
            [76.801043, 11.743975],
            [76.800147, 11.743975],
            [76.800147, 11.743209]
          ]
        ]
      }
    },
    {
      "type": "Feature",
      "properties": {
        "data_source": "SYNTHETIC - not an official record",
        "state": "Karnataka",
        "district": "Bengaluru Rural",
        "taluk": "Hoskote",
        "hobli": "Hoskote",
        "village": "Nandagudi",
        "survey_number": "120/6",
        "khata_number": "0005",
        "landholder_name": "Sharadamma Naik (synthetic)",
        "land_type": "Dry (Khushki)",
        "soil_type": "Laterite",
        "crop": "Groundnut",
        "area_acres_guntas": "0A 13G",
        "area_acres_decimal": 0.33
      },
      "geometry": {
        "type": "Polygon",
        "coordinates": [
          [
            [77.324982, 13.350886],
            [77.325325, 13.350886],
            [77.325325, 13.351171],
            [77.324982, 13.351171],
            [77.324982, 13.350886]
          ]
        ]
      }
    },
    {
      "type": "Feature",
      "properties": {
        "data_source": "SYNTHETIC - not an official record",
        "state": "Karnataka",
        "district": "Mandya",
        "taluk": "Malavalli",
        "hobli": "Malavalli",
        "village": "Keragodu",
        "survey_number": "182",
        "khata_number": "0002",
        "landholder_name": "Venkatesh Reddy (synthetic)",
        "land_type": "Wet (Baagayat)",
        "soil_type": "Black Cotton",
        "crop": "Coffee",
        "area_acres_guntas": "0A 22G",
        "area_acres_decimal": 0.55
      },
      "geometry": {
        "type": "Polygon",
        "coordinates": [
          [
            [76.991085, 12.271058],
            [76.991524, 12.271058],
            [76.991524, 12.271426],
            [76.991085, 12.271426],
            [76.991085, 12.271058]
          ]
        ]
      }
    },
    {
      "type": "Feature",
      "properties": {
        "data_source": "SYNTHETIC - not an official record",
        "state": "Karnataka",
        "district": "Chamarajanagar",
        "taluk": "Gundlupet",
        "hobli": "Gundlupet",
        "village": "Gundlupet",
        "survey_number": "136/9B",
        "khata_number": "0003",
        "landholder_name": "Mahadevaiah Naik (synthetic)",
        "land_type": "Dry (Khushki)",
        "soil_type": "Black Cotton",
        "crop": "Cotton",
        "area_acres_guntas": "3A 14G",
        "area_acres_decimal": 3.35
      },
      "geometry": {
        "type": "Polygon",
        "coordinates": [
          [
            [76.811424, 11.866159],
            [76.812649, 11.866159],
            [76.812649, 11.86709],
            [76.811424, 11.86709],
            [76.811424, 11.866159]
          ]
        ]
      }
    },
    {
      "type": "Feature",
      "properties": {
        "data_source": "SYNTHETIC - not an official record",
        "state": "Karnataka",
        "district": "Shivamogga",
        "taluk": "Bhadravati",
        "hobli": "Bhadravati",
        "village": "Tarikere Road",
        "survey_number": "26/2A",
        "khata_number": "0004",
        "landholder_name": "Puttaswamy Gowda (synthetic)",
        "land_type": "Wet (Baagayat)",
        "soil_type": "Black Cotton",
        "crop": "Coconut",
        "area_acres_guntas": "1A 4G",
        "area_acres_decimal": 1.1
      },
      "geometry": {
        "type": "Polygon",
        "coordinates": [
          [
            [75.666619, 13.887981],
            [75.667281, 13.887981],
            [75.667281, 13.888662],
            [75.666619, 13.888662],
            [75.666619, 13.887981]
          ]
        ]
      }
    },
    {
      "type": "Feature",
      "properties": {
        "data_source": "SYNTHETIC - not an official record",
        "state": "Karnataka",
        "district": "Kodagu",
        "taluk": "Madikeri",
        "hobli": "Madikeri",
        "village": "Napoklu",
        "survey_number": "311/7A",
        "khata_number": "0001",
        "landholder_name": "Krishnappa Rao (synthetic)",
        "land_type": "Dry (Khushki)",
        "soil_type": "Red Sandy",
        "crop": "Areca Nut",
        "area_acres_guntas": "1A 1G",
        "area_acres_decimal": 1.02
      },
      "geometry": {
        "type": "Polygon",
        "coordinates": [
          [
            [75.591474, 12.571478],
            [75.592084, 12.571478],
            [75.592084, 12.572082],
            [75.591474, 12.572082],
            [75.591474, 12.571478]
          ]
        ]
      }
    },
    {
      "type": "Feature",
      "properties": {
        "data_source": "SYNTHETIC - not an official record",
        "state": "Karnataka",
        "district": "Dharwad",
        "taluk": "Hubballi",
        "hobli": "Hubballi",
        "village": "Amargol",
        "survey_number": "82/3B",
        "khata_number": "0009",
        "landholder_name": "Venkatesh Shetty (synthetic)",
        "land_type": "Dry (Khushki)",
        "soil_type": "Red Sandy",
        "crop": "Maize",
        "area_acres_guntas": "1A 3G",
        "area_acres_decimal": 1.07
      },
      "geometry": {
        "type": "Polygon",
        "coordinates": [
          [
            [75.195293, 15.223882],
            [75.195897, 15.223882],
            [75.195897, 15.224468],
            [75.195293, 15.224468],
            [75.195293, 15.223882]
          ]
        ]
      }
    },
    {
      "type": "Feature",
      "properties": {
        "data_source": "SYNTHETIC - not an official record",
        "state": "Karnataka",
        "district": "Chamarajanagar",
        "taluk": "Gundlupet",
        "hobli": "Gundlupet",
        "village": "Bandipur",
        "survey_number": "150/5B",
        "khata_number": "0004",
        "landholder_name": "Rathnamma Poojary (synthetic)",
        "land_type": "Garden (Tota)",
        "soil_type": "Black Cotton",
        "crop": "Paddy",
        "area_acres_guntas": "0A 23G",
        "area_acres_decimal": 0.57
      },
      "geometry": {
        "type": "Polygon",
        "coordinates": [
          [
            [77.074255, 12.152827],
            [77.074692, 12.152827],
            [77.074692, 12.153205],
            [77.074255, 12.153205],
            [77.074255, 12.152827]
          ]
        ]
      }
    },
    {
      "type": "Feature",
      "properties": {
        "data_source": "SYNTHETIC - not an official record",
        "state": "Karnataka",
        "district": "Kodagu",
        "taluk": "Virajpet",
        "hobli": "Virajpet",
        "village": "Virajpet",
        "survey_number": "226",
        "khata_number": "0002",
        "landholder_name": "Nagaraj Shetty (synthetic)",
        "land_type": "Garden (Tota)",
        "soil_type": "Red Loamy",
        "crop": "Cotton",
        "area_acres_guntas": "1A 7G",
        "area_acres_decimal": 1.18
      },
      "geometry": {
        "type": "Polygon",
        "coordinates": [
          [
            [75.976431, 12.398369],
            [75.97707, 12.398369],
            [75.97707, 12.39902],
            [75.976431, 12.39902],
            [75.976431, 12.398369]
          ]
        ]
      }
    },
    {
      "type": "Feature",
      "properties": {
        "data_source": "SYNTHETIC - not an official record",
        "state": "Karnataka",
        "district": "Mandya",
        "taluk": "Malavalli",
        "hobli": "Malavalli",
        "village": "Basaralu",
        "survey_number": "349",
        "khata_number": "0008",
        "landholder_name": "Suresh Naik (synthetic)",
        "land_type": "Dry (Khushki)",
        "soil_type": "Laterite",
        "crop": "Maize",
        "area_acres_guntas": "0A 8G",
        "area_acres_decimal": 0.2
      },
      "geometry": {
        "type": "Polygon",
        "coordinates": [
          [
            [76.686583, 12.492493],
            [76.686853, 12.492493],
            [76.686853, 12.49273],
            [76.686583, 12.49273],
            [76.686583, 12.492493]
          ]
        ]
      }
    },
    {
      "type": "Feature",
      "properties": {
        "data_source": "SYNTHETIC - not an official record",
        "state": "Karnataka",
        "district": "Shivamogga",
        "taluk": "Sagar",
        "hobli": "Sagar",
        "village": "Anandapuram",
        "survey_number": "241/4",
        "khata_number": "0005",
        "landholder_name": "Basavaraj Naik (synthetic)",
        "land_type": "Dry (Khushki)",
        "soil_type": "Laterite",
        "crop": "Paddy",
        "area_acres_guntas": "1A 0G",
        "area_acres_decimal": 1.0
      },
      "geometry": {
        "type": "Polygon",
        "coordinates": [
          [
            [75.742154, 13.935814],
            [75.742718, 13.935814],
            [75.742718, 13.93636],
            [75.742154, 13.93636],
            [75.742154, 13.935814]
          ]
        ]
      }
    },
    {
      "type": "Feature",
      "properties": {
        "data_source": "SYNTHETIC - not an official record",
        "state": "Karnataka",
        "district": "Shivamogga",
        "taluk": "Sagar",
        "hobli": "Sagar",
        "village": "Ikkeri",
        "survey_number": "102",
        "khata_number": "0003",
        "landholder_name": "Suresh Naik (synthetic)",
        "land_type": "Garden (Tota)",
        "soil_type": "Red Loamy",
        "crop": "Mulberry",
        "area_acres_guntas": "2A 2G",
        "area_acres_decimal": 2.05
      },
      "geometry": {
        "type": "Polygon",
        "coordinates": [
          [
            [75.622917, 13.824409],
            [75.623714, 13.824409],
            [75.623714, 13.825135],
            [75.622917, 13.825135],
            [75.622917, 13.824409]
          ]
        ]
      }
    },
    {
      "type": "Feature",
      "properties": {
        "data_source": "SYNTHETIC - not an official record",
        "state": "Karnataka",
        "district": "Kodagu",
        "taluk": "Madikeri",
        "hobli": "Madikeri",
        "village": "Madikeri",
        "survey_number": "240",
        "khata_number": "0004",
        "landholder_name": "Mahadevaiah Naik (synthetic)",
        "land_type": "Garden (Tota)",
        "soil_type": "Black Cotton",
        "crop": "Areca Nut",
        "area_acres_guntas": "1A 37G",
        "area_acres_decimal": 1.93
      },
      "geometry": {
        "type": "Polygon",
        "coordinates": [
          [
            [75.645026, 12.505638],
            [75.64587, 12.505638],
            [75.64587, 12.506339],
            [75.645026, 12.506339],
            [75.645026, 12.505638]
          ]
        ]
      }
    },
    {
      "type": "Feature",
      "properties": {
        "data_source": "SYNTHETIC - not an official record",
        "state": "Karnataka",
        "district": "Belagavi",
        "taluk": "Chikodi",
        "hobli": "Chikodi",
        "village": "Kognoli",
        "survey_number": "125",
        "khata_number": "0003",
        "landholder_name": "Mahadevaiah Reddy (synthetic)",
        "land_type": "Garden (Tota)",
        "soil_type": "Red Loamy",
        "crop": "Sugarcane",
        "area_acres_guntas": "1A 35G",
        "area_acres_decimal": 1.88
      },
      "geometry": {
        "type": "Polygon",
        "coordinates": [
          [
            [75.035782, 15.952108],
            [75.036669, 15.952108],
            [75.036669, 15.952917],
            [75.035782, 15.952917],
            [75.035782, 15.952108]
          ]
        ]
      }
    },
    {
      "type": "Feature",
      "properties": {
        "data_source": "SYNTHETIC - not an official record",
        "state": "Karnataka",
        "district": "Bengaluru Rural",
        "taluk": "Doddaballapura",
        "hobli": "Doddaballapura",
        "village": "Madhure",
        "survey_number": "151/1",
        "khata_number": "0003",
        "landholder_name": "Manjunath Shetty (synthetic)",
        "land_type": "Dry (Khushki)",
        "soil_type": "Red Loamy",
        "crop": "Mulberry",
        "area_acres_guntas": "1A 17G",
        "area_acres_decimal": 1.43
      },
      "geometry": {
        "type": "Polygon",
        "coordinates": [
          [
            [77.742904, 13.473068],
            [77.743678, 13.473068],
            [77.743678, 13.473652],
            [77.742904, 13.473652],
            [77.742904, 13.473068]
          ]
        ]
      }
    },
    {
      "type": "Feature",
      "properties": {
        "data_source": "SYNTHETIC - not an official record",
        "state": "Karnataka",
        "district": "Shivamogga",
        "taluk": "Thirthahalli",
        "hobli": "Thirthahalli",
        "village": "Thirthahalli",
        "survey_number": "320/8",
        "khata_number": "0005",
        "landholder_name": "Shivakumar Naik (synthetic)",
        "land_type": "Garden (Tota)",
        "soil_type": "Black Cotton",
        "crop": "Cotton",
        "area_acres_guntas": "2A 6G",
        "area_acres_decimal": 2.15
      },
      "geometry": {
        "type": "Polygon",
        "coordinates": [
          [
            [75.612137, 14.021746],
            [75.613026, 14.021746],
            [75.613026, 14.022706],
            [75.612137, 14.022706],
            [75.612137, 14.021746]
          ]
        ]
      }
    },
    {
      "type": "Feature",
      "properties": {
        "data_source": "SYNTHETIC - not an official record",
        "state": "Karnataka",
        "district": "Chamarajanagar",
        "taluk": "Gundlupet",
        "hobli": "Gundlupet",
        "village": "Bandipur",
        "survey_number": "282/6A",
        "khata_number": "0005",
        "landholder_name": "Lakshmi Naik (synthetic)",
        "land_type": "Wet (Baagayat)",
        "soil_type": "Red Sandy",
        "crop": "Groundnut",
        "area_acres_guntas": "1A 24G",
        "area_acres_decimal": 1.6
      },
      "geometry": {
        "type": "Polygon",
        "coordinates": [
          [
            [77.071053, 11.916105],
            [77.07178, 11.916105],
            [77.07178, 11.916747],
            [77.071053, 11.916747],
            [77.071053, 11.916105]
          ]
        ]
      }
    },
    {
      "type": "Feature",
      "properties": {
        "data_source": "SYNTHETIC - not an official record",
        "state": "Karnataka",
        "district": "Belagavi",
        "taluk": "Athani",
        "hobli": "Athani",
        "village": "Ugar Khurd",
        "survey_number": "281",
        "khata_number": "0003",
        "landholder_name": "Basavaraj Achar (synthetic)",
        "land_type": "Garden (Tota)",
        "soil_type": "Red Loamy",
        "crop": "Groundnut",
        "area_acres_guntas": "3A 30G",
        "area_acres_decimal": 3.75
      },
      "geometry": {
        "type": "Polygon",
        "coordinates": [
          [
            [74.901314, 15.936552],
            [74.902631, 15.936552],
            [74.902631, 15.937655],
            [74.901314, 15.937655],
            [74.901314, 15.936552]
          ]
        ]
      }
    },
    {
      "type": "Feature",
      "properties": {
        "data_source": "SYNTHETIC - not an official record",
        "state": "Karnataka",
        "district": "Shivamogga",
        "taluk": "Thirthahalli",
        "hobli": "Thirthahalli",
        "village": "Agumbe",
        "survey_number": "79/3A",
        "khata_number": "0003",
        "landholder_name": "Venkatesh Reddy (synthetic)",
        "land_type": "Garden (Tota)",
        "soil_type": "Red Sandy",
        "crop": "Coffee",
        "area_acres_guntas": "0A 28G",
        "area_acres_decimal": 0.7
      },
      "geometry": {
        "type": "Polygon",
        "coordinates": [
          [
            [75.46884, 13.693362],
            [75.46926, 13.693362],
            [75.46926, 13.693911],
            [75.46884, 13.693911],
            [75.46884, 13.693362]
          ]
        ]
      }
    },
    {
      "type": "Feature",
      "properties": {
        "data_source": "SYNTHETIC - not an official record",
        "state": "Karnataka",
        "district": "Dharwad",
        "taluk": "Hubballi",
        "hobli": "Hubballi",
        "village": "Amargol",
        "survey_number": "59/8A",
        "khata_number": "0010",
        "landholder_name": "Suresh Naik (synthetic)",
        "land_type": "Garden (Tota)",
        "soil_type": "Red Sandy",
        "crop": "Coconut",
        "area_acres_guntas": "1A 38G",
        "area_acres_decimal": 1.95
      },
      "geometry": {
        "type": "Polygon",
        "coordinates": [
          [
            [75.134244, 15.3526],
            [75.135119, 15.3526],
            [75.135119, 15.353362],
            [75.134244, 15.353362],
            [75.134244, 15.3526]
          ]
        ]
      }
    },
    {
      "type": "Feature",
      "properties": {
        "data_source": "SYNTHETIC - not an official record",
        "state": "Karnataka",
        "district": "Dharwad",
        "taluk": "Kalghatgi",
        "hobli": "Kalghatgi",
        "village": "Tabakhana",
        "survey_number": "107/8",
        "khata_number": "0006",
        "landholder_name": "Lakshmi Setty (synthetic)",
        "land_type": "Garden (Tota)",
        "soil_type": "Laterite",
        "crop": "Sugarcane",
        "area_acres_guntas": "3A 11G",
        "area_acres_decimal": 3.27
      },
      "geometry": {
        "type": "Polygon",
        "coordinates": [
          [
            [75.196381, 15.430961],
            [75.197371, 15.430961],
            [75.197371, 15.432146],
            [75.196381, 15.432146],
            [75.196381, 15.430961]
          ]
        ]
      }
    },
    {
      "type": "Feature",
      "properties": {
        "data_source": "SYNTHETIC - not an official record",
        "state": "Karnataka",
        "district": "Chamarajanagar",
        "taluk": "Gundlupet",
        "hobli": "Gundlupet",
        "village": "Terakanambi",
        "survey_number": "132/5",
        "khata_number": "0004",
        "landholder_name": "Puttaswamy Reddy (synthetic)",
        "land_type": "Wet (Baagayat)",
        "soil_type": "Black Cotton",
        "crop": "Coconut",
        "area_acres_guntas": "3A 35G",
        "area_acres_decimal": 3.88
      },
      "geometry": {
        "type": "Polygon",
        "coordinates": [
          [
            [77.182993, 11.917879],
            [77.184055, 11.917879],
            [77.184055, 11.91889],
            [77.182993, 11.91889],
            [77.182993, 11.917879]
          ]
        ]
      }
    },
    {
      "type": "Feature",
      "properties": {
        "data_source": "SYNTHETIC - not an official record",
        "state": "Karnataka",
        "district": "Tumakuru",
        "taluk": "Sira",
        "hobli": "Sira",
        "village": "Sira",
        "survey_number": "142",
        "khata_number": "0002",
        "landholder_name": "Siddappa Poojary (synthetic)",
        "land_type": "Wet (Baagayat)",
        "soil_type": "Black Cotton",
        "crop": "Ragi",
        "area_acres_guntas": "2A 0G",
        "area_acres_decimal": 2.0
      },
      "geometry": {
        "type": "Polygon",
        "coordinates": [
          [
            [77.112773, 13.526458],
            [77.113653, 13.526458],
            [77.113653, 13.527242],
            [77.112773, 13.527242],
            [77.112773, 13.526458]
          ]
        ]
      }
    },
    {
      "type": "Feature",
      "properties": {
        "data_source": "SYNTHETIC - not an official record",
        "state": "Karnataka",
        "district": "Bengaluru Rural",
        "taluk": "Hoskote",
        "hobli": "Hoskote",
        "village": "Nandagudi",
        "survey_number": "18/4",
        "khata_number": "0006",
        "landholder_name": "Siddappa Rao (synthetic)",
        "land_type": "Wet (Baagayat)",
        "soil_type": "Laterite",
        "crop": "Paddy",
        "area_acres_guntas": "3A 30G",
        "area_acres_decimal": 3.75
      },
      "geometry": {
        "type": "Polygon",
        "coordinates": [
          [
            [77.72682, 13.294888],
            [77.727866, 13.294888],
            [77.727866, 13.295884],
            [77.72682, 13.295884],
            [77.72682, 13.294888]
          ]
        ]
      }
    },
    {
      "type": "Feature",
      "properties": {
        "data_source": "SYNTHETIC - not an official record",
        "state": "Karnataka",
        "district": "Kodagu",
        "taluk": "Virajpet",
        "hobli": "Virajpet",
        "village": "Virajpet",
        "survey_number": "96/9B",
        "khata_number": "0003",
        "landholder_name": "Venkatesh Naik (synthetic)",
        "land_type": "Dry (Khushki)",
        "soil_type": "Red Loamy",
        "crop": "Coffee",
        "area_acres_guntas": "2A 2G",
        "area_acres_decimal": 2.05
      },
      "geometry": {
        "type": "Polygon",
        "coordinates": [
          [
            [75.595377, 12.290215],
            [75.596175, 12.290215],
            [75.596175, 12.291158],
            [75.595377, 12.291158],
            [75.595377, 12.290215]
          ]
        ]
      }
    },
    {
      "type": "Feature",
      "properties": {
        "data_source": "SYNTHETIC - not an official record",
        "state": "Karnataka",
        "district": "Shivamogga",
        "taluk": "Thirthahalli",
        "hobli": "Thirthahalli",
        "village": "Thirthahalli",
        "survey_number": "53",
        "khata_number": "0006",
        "landholder_name": "Chandrashekar Poojary (synthetic)",
        "land_type": "Garden (Tota)",
        "soil_type": "Black Cotton",
        "crop": "Ragi",
        "area_acres_guntas": "2A 37G",
        "area_acres_decimal": 2.92
      },
      "geometry": {
        "type": "Polygon",
        "coordinates": [
          [
            [75.445124, 14.05109],
            [75.446118, 14.05109],
            [75.446118, 14.051965],
            [75.445124, 14.051965],
            [75.445124, 14.05109]
          ]
        ]
      }
    },
    {
      "type": "Feature",
      "properties": {
        "data_source": "SYNTHETIC - not an official record",
        "state": "Karnataka",
        "district": "Shivamogga",
        "taluk": "Bhadravati",
        "hobli": "Bhadravati",
        "village": "Tarikere Road",
        "survey_number": "271",
        "khata_number": "0005",
        "landholder_name": "Sharadamma Achar (synthetic)",
        "land_type": "Dry (Khushki)",
        "soil_type": "Black Cotton",
        "crop": "Groundnut",
        "area_acres_guntas": "1A 39G",
        "area_acres_decimal": 1.98
      },
      "geometry": {
        "type": "Polygon",
        "coordinates": [
          [
            [75.694584, 13.894622],
            [75.69543, 13.894622],
            [75.69543, 13.895377],
            [75.694584, 13.895377],
            [75.694584, 13.894622]
          ]
        ]
      }
    },
    {
      "type": "Feature",
      "properties": {
        "data_source": "SYNTHETIC - not an official record",
        "state": "Karnataka",
        "district": "Dharwad",
        "taluk": "Kalghatgi",
        "hobli": "Kalghatgi",
        "village": "Kalghatgi",
        "survey_number": "64/7",
        "khata_number": "0002",
        "landholder_name": "Siddappa Rao (synthetic)",
        "land_type": "Dry (Khushki)",
        "soil_type": "Red Sandy",
        "crop": "Groundnut",
        "area_acres_guntas": "3A 14G",
        "area_acres_decimal": 3.35
      },
      "geometry": {
        "type": "Polygon",
        "coordinates": [
          [
            [75.195529, 15.409236],
            [75.196706, 15.409236],
            [75.196706, 15.410129],
            [75.195529, 15.410129],
            [75.195529, 15.409236]
          ]
        ]
      }
    },
    {
      "type": "Feature",
      "properties": {
        "data_source": "SYNTHETIC - not an official record",
        "state": "Karnataka",
        "district": "Shivamogga",
        "taluk": "Bhadravati",
        "hobli": "Bhadravati",
        "village": "Holehonnur",
        "survey_number": "207/4B",
        "khata_number": "0002",
        "landholder_name": "Shivakumar Rao (synthetic)",
        "land_type": "Garden (Tota)",
        "soil_type": "Laterite",
        "crop": "Coconut",
        "area_acres_guntas": "2A 35G",
        "area_acres_decimal": 2.88
      },
      "geometry": {
        "type": "Polygon",
        "coordinates": [
          [
            [75.68555, 13.806305],
            [75.686616, 13.806305],
            [75.686616, 13.807275],
            [75.68555, 13.807275],
            [75.68555, 13.806305]
          ]
        ]
      }
    },
    {
      "type": "Feature",
      "properties": {
        "data_source": "SYNTHETIC - not an official record",
        "state": "Karnataka",
        "district": "Belagavi",
        "taluk": "Athani",
        "hobli": "Athani",
        "village": "Ugar Khurd",
        "survey_number": "294",
        "khata_number": "0004",
        "landholder_name": "Siddappa Shetty (synthetic)",
        "land_type": "Garden (Tota)",
        "soil_type": "Black Cotton",
        "crop": "Ragi",
        "area_acres_guntas": "2A 23G",
        "area_acres_decimal": 2.58
      },
      "geometry": {
        "type": "Polygon",
        "coordinates": [
          [
            [74.638722, 15.797105],
            [74.639744, 15.797105],
            [74.639744, 15.798099],
            [74.638722, 15.798099],
            [74.638722, 15.797105]
          ]
        ]
      }
    },
    {
      "type": "Feature",
      "properties": {
        "data_source": "SYNTHETIC - not an official record",
        "state": "Karnataka",
        "district": "Mysuru",
        "taluk": "Hunsur",
        "hobli": "Hunsur",
        "village": "Bilikere",
        "survey_number": "259/8A",
        "khata_number": "0002",
        "landholder_name": "Siddappa Poojary (synthetic)",
        "land_type": "Garden (Tota)",
        "soil_type": "Black Cotton",
        "crop": "Areca Nut",
        "area_acres_guntas": "1A 4G",
        "area_acres_decimal": 1.1
      },
      "geometry": {
        "type": "Polygon",
        "coordinates": [
          [
            [76.423417, 12.166259],
            [76.424082, 12.166259],
            [76.424082, 12.166822],
            [76.423417, 12.166822],
            [76.423417, 12.166259]
          ]
        ]
      }
    },
    {
      "type": "Feature",
      "properties": {
        "data_source": "SYNTHETIC - not an official record",
        "state": "Karnataka",
        "district": "Belagavi",
        "taluk": "Athani",
        "hobli": "Athani",
        "village": "Kagwad",
        "survey_number": "211",
        "khata_number": "0005",
        "landholder_name": "Krishnappa Achar (synthetic)",
        "land_type": "Dry (Khushki)",
        "soil_type": "Black Cotton",
        "crop": "Groundnut",
        "area_acres_guntas": "0A 4G",
        "area_acres_decimal": 0.1
      },
      "geometry": {
        "type": "Polygon",
        "coordinates": [
          [
            [74.881888, 15.942703],
            [74.882085, 15.942703],
            [74.882085, 15.94287],
            [74.881888, 15.94287],
            [74.881888, 15.942703]
          ]
        ]
      }
    },
    {
      "type": "Feature",
      "properties": {
        "data_source": "SYNTHETIC - not an official record",
        "state": "Karnataka",
        "district": "Bengaluru Rural",
        "taluk": "Doddaballapura",
        "hobli": "Doddaballapura",
        "village": "Madhure",
        "survey_number": "4/3",
        "khata_number": "0004",
        "landholder_name": "Rathnamma Poojary (synthetic)",
        "land_type": "Garden (Tota)",
        "soil_type": "Red Loamy",
        "crop": "Cotton",
        "area_acres_guntas": "3A 36G",
        "area_acres_decimal": 3.9
      },
      "geometry": {
        "type": "Polygon",
        "coordinates": [
          [
            [77.749694, 13.085521],
            [77.750902, 13.085521],
            [77.750902, 13.086739],
            [77.749694, 13.086739],
            [77.749694, 13.085521]
          ]
        ]
      }
    },
    {
      "type": "Feature",
      "properties": {
        "data_source": "SYNTHETIC - not an official record",
        "state": "Karnataka",
        "district": "Dharwad",
        "taluk": "Kalghatgi",
        "hobli": "Kalghatgi",
        "village": "Tabakhana",
        "survey_number": "120/9",
        "khata_number": "0007",
        "landholder_name": "Manjunath Rao (synthetic)",
        "land_type": "Wet (Baagayat)",
        "soil_type": "Red Sandy",
        "crop": "Ragi",
        "area_acres_guntas": "3A 34G",
        "area_acres_decimal": 3.85
      },
      "geometry": {
        "type": "Polygon",
        "coordinates": [
          [
            [75.053467, 15.343649],
            [75.054791, 15.343649],
            [75.054791, 15.344651],
            [75.053467, 15.344651],
            [75.053467, 15.343649]
          ]
        ]
      }
    },
    {
      "type": "Feature",
      "properties": {
        "data_source": "SYNTHETIC - not an official record",
        "state": "Karnataka",
        "district": "Mysuru",
        "taluk": "Hunsur",
        "hobli": "Hunsur",
        "village": "Kadakola",
        "survey_number": "329/9",
        "khata_number": "0006",
        "landholder_name": "Rathnamma Poojary (synthetic)",
        "land_type": "Dry (Khushki)",
        "soil_type": "Red Sandy",
        "crop": "Cotton",
        "area_acres_guntas": "2A 9G",
        "area_acres_decimal": 2.23
      },
      "geometry": {
        "type": "Polygon",
        "coordinates": [
          [
            [76.423772, 12.198687],
            [76.424635, 12.198687],
            [76.424635, 12.199612],
            [76.423772, 12.199612],
            [76.423772, 12.198687]
          ]
        ]
      }
    },
    {
      "type": "Feature",
      "properties": {
        "data_source": "SYNTHETIC - not an official record",
        "state": "Karnataka",
        "district": "Belagavi",
        "taluk": "Athani",
        "hobli": "Athani",
        "village": "Athani",
        "survey_number": "93/5A",
        "khata_number": "0004",
        "landholder_name": "Krishnappa Rao (synthetic)",
        "land_type": "Wet (Baagayat)",
        "soil_type": "Laterite",
        "crop": "Fallow",
        "area_acres_guntas": "0A 21G",
        "area_acres_decimal": 0.53
      },
      "geometry": {
        "type": "Polygon",
        "coordinates": [
          [
            [74.883967, 16.05655],
            [74.884397, 16.05655],
            [74.884397, 16.056931],
            [74.883967, 16.056931],
            [74.883967, 16.05655]
          ]
        ]
      }
    },
    {
      "type": "Feature",
      "properties": {
        "data_source": "SYNTHETIC - not an official record",
        "state": "Karnataka",
        "district": "Chamarajanagar",
        "taluk": "Chamarajanagar",
        "hobli": "Chamarajanagar",
        "village": "Yelandur",
        "survey_number": "283",
        "khata_number": "0004",
        "landholder_name": "Sharadamma Setty (synthetic)",
        "land_type": "Dry (Khushki)",
        "soil_type": "Red Loamy",
        "crop": "Coconut",
        "area_acres_guntas": "3A 25G",
        "area_acres_decimal": 3.62
      },
      "geometry": {
        "type": "Polygon",
        "coordinates": [
          [
            [76.810442, 11.691024],
            [76.811663, 11.691024],
            [76.811663, 11.691997],
            [76.810442, 11.691997],
            [76.810442, 11.691024]
          ]
        ]
      }
    },
    {
      "type": "Feature",
      "properties": {
        "data_source": "SYNTHETIC - not an official record",
        "state": "Karnataka",
        "district": "Chamarajanagar",
        "taluk": "Chamarajanagar",
        "hobli": "Chamarajanagar",
        "village": "Yelandur",
        "survey_number": "101",
        "khata_number": "0005",
        "landholder_name": "Mahadevaiah Setty (synthetic)",
        "land_type": "Garden (Tota)",
        "soil_type": "Black Cotton",
        "crop": "Paddy",
        "area_acres_guntas": "2A 24G",
        "area_acres_decimal": 2.6
      },
      "geometry": {
        "type": "Polygon",
        "coordinates": [
          [
            [77.061558, 12.023977],
            [77.062466, 12.023977],
            [77.062466, 12.02483],
            [77.061558, 12.02483],
            [77.061558, 12.023977]
          ]
        ]
      }
    },
    {
      "type": "Feature",
      "properties": {
        "data_source": "SYNTHETIC - not an official record",
        "state": "Karnataka",
        "district": "Kodagu",
        "taluk": "Madikeri",
        "hobli": "Madikeri",
        "village": "Madikeri",
        "survey_number": "182",
        "khata_number": "0005",
        "landholder_name": "Manjunath Gowda (synthetic)",
        "land_type": "Dry (Khushki)",
        "soil_type": "Red Sandy",
        "crop": "Cotton",
        "area_acres_guntas": "3A 28G",
        "area_acres_decimal": 3.7
      },
      "geometry": {
        "type": "Polygon",
        "coordinates": [
          [
            [75.749538, 12.216151],
            [75.750636, 12.216151],
            [75.750636, 12.217284],
            [75.749538, 12.217284],
            [75.749538, 12.216151]
          ]
        ]
      }
    },
    {
      "type": "Feature",
      "properties": {
        "data_source": "SYNTHETIC - not an official record",
        "state": "Karnataka",
        "district": "Tumakuru",
        "taluk": "Pavagada",
        "hobli": "Pavagada",
        "village": "Nagalamadike",
        "survey_number": "251/2",
        "khata_number": "0004",
        "landholder_name": "Rathnamma Poojary (synthetic)",
        "land_type": "Garden (Tota)",
        "soil_type": "Red Loamy",
        "crop": "Ragi",
        "area_acres_guntas": "1A 20G",
        "area_acres_decimal": 1.5
      },
      "geometry": {
        "type": "Polygon",
        "coordinates": [
          [
            [77.049655, 13.269382],
            [77.050319, 13.269382],
            [77.050319, 13.270108],
            [77.049655, 13.270108],
            [77.049655, 13.269382]
          ]
        ]
      }
    },
    {
      "type": "Feature",
      "properties": {
        "data_source": "SYNTHETIC - not an official record",
        "state": "Karnataka",
        "district": "Kodagu",
        "taluk": "Somwarpet",
        "hobli": "Somwarpet",
        "village": "Suntikoppa",
        "survey_number": "179/4A",
        "khata_number": "0003",
        "landholder_name": "Manjunath Gowda (synthetic)",
        "land_type": "Garden (Tota)",
        "soil_type": "Red Loamy",
        "crop": "Fallow",
        "area_acres_guntas": "2A 31G",
        "area_acres_decimal": 2.77
      },
      "geometry": {
        "type": "Polygon",
        "coordinates": [
          [
            [75.70451, 12.648276],
            [75.705582, 12.648276],
            [75.705582, 12.649291],
            [75.70451, 12.649291],
            [75.70451, 12.648276]
          ]
        ]
      }
    },
    {
      "type": "Feature",
      "properties": {
        "data_source": "SYNTHETIC - not an official record",
        "state": "Karnataka",
        "district": "Hassan",
        "taluk": "Belur",
        "hobli": "Belur",
        "village": "Halebeedu",
        "survey_number": "59/1A",
        "khata_number": "0003",
        "landholder_name": "Mahadevaiah Setty (synthetic)",
        "land_type": "Dry (Khushki)",
        "soil_type": "Red Loamy",
        "crop": "Cotton",
        "area_acres_guntas": "1A 31G",
        "area_acres_decimal": 1.77
      },
      "geometry": {
        "type": "Polygon",
        "coordinates": [
          [
            [75.966218, 12.959253],
            [75.96692, 12.959253],
            [75.96692, 12.960001],
            [75.966218, 12.960001],
            [75.966218, 12.959253]
          ]
        ]
      }
    },
    {
      "type": "Feature",
      "properties": {
        "data_source": "SYNTHETIC - not an official record",
        "state": "Karnataka",
        "district": "Chamarajanagar",
        "taluk": "Kollegal",
        "hobli": "Kollegal",
        "village": "Ramapura",
        "survey_number": "55/9A",
        "khata_number": "0001",
        "landholder_name": "Krishnappa Poojary (synthetic)",
        "land_type": "Dry (Khushki)",
        "soil_type": "Red Sandy",
        "crop": "Cotton",
        "area_acres_guntas": "3A 34G",
        "area_acres_decimal": 3.85
      },
      "geometry": {
        "type": "Polygon",
        "coordinates": [
          [
            [77.099896, 11.864222],
            [77.100919, 11.864222],
            [77.100919, 11.865268],
            [77.099896, 11.865268],
            [77.099896, 11.864222]
          ]
        ]
      }
    },
    {
      "type": "Feature",
      "properties": {
        "data_source": "SYNTHETIC - not an official record",
        "state": "Karnataka",
        "district": "Mandya",
        "taluk": "Malavalli",
        "hobli": "Malavalli",
        "village": "Basaralu",
        "survey_number": "273/1B",
        "khata_number": "0009",
        "landholder_name": "Mahadevaiah Setty (synthetic)",
        "land_type": "Dry (Khushki)",
        "soil_type": "Laterite",
        "crop": "Coconut",
        "area_acres_guntas": "2A 18G",
        "area_acres_decimal": 2.45
      },
      "geometry": {
        "type": "Polygon",
        "coordinates": [
          [
            [76.878061, 12.768895],
            [76.878909, 12.768895],
            [76.878909, 12.769743],
            [76.878061, 12.769743],
            [76.878061, 12.768895]
          ]
        ]
      }
    },
    {
      "type": "Feature",
      "properties": {
        "data_source": "SYNTHETIC - not an official record",
        "state": "Karnataka",
        "district": "Belagavi",
        "taluk": "Gokak",
        "hobli": "Gokak",
        "village": "Gokak",
        "survey_number": "198/9A",
        "khata_number": "0004",
        "landholder_name": "Puttaswamy Poojary (synthetic)",
        "land_type": "Garden (Tota)",
        "soil_type": "Laterite",
        "crop": "Paddy",
        "area_acres_guntas": "3A 6G",
        "area_acres_decimal": 3.15
      },
      "geometry": {
        "type": "Polygon",
        "coordinates": [
          [
            [74.782309, 15.970289],
            [74.783415, 15.970289],
            [74.783415, 15.971259],
            [74.782309, 15.971259],
            [74.782309, 15.970289]
          ]
        ]
      }
    },
    {
      "type": "Feature",
      "properties": {
        "data_source": "SYNTHETIC - not an official record",
        "state": "Karnataka",
        "district": "Dharwad",
        "taluk": "Kalghatgi",
        "hobli": "Kalghatgi",
        "village": "Kalghatgi",
        "survey_number": "125/8B",
        "khata_number": "0003",
        "landholder_name": "Venkatesh Shetty (synthetic)",
        "land_type": "Garden (Tota)",
        "soil_type": "Laterite",
        "crop": "Groundnut",
        "area_acres_guntas": "3A 25G",
        "area_acres_decimal": 3.62
      },
      "geometry": {
        "type": "Polygon",
        "coordinates": [
          [
            [75.212449, 15.236994],
            [75.213665, 15.236994],
            [75.213665, 15.238068],
            [75.212449, 15.238068],
            [75.212449, 15.236994]
          ]
        ]
      }
    },
    {
      "type": "Feature",
      "properties": {
        "data_source": "SYNTHETIC - not an official record",
        "state": "Karnataka",
        "district": "Chamarajanagar",
        "taluk": "Chamarajanagar",
        "hobli": "Chamarajanagar",
        "village": "Santemarahalli",
        "survey_number": "260/2A",
        "khata_number": "0002",
        "landholder_name": "Siddappa Gowda (synthetic)",
        "land_type": "Wet (Baagayat)",
        "soil_type": "Red Loamy",
        "crop": "Sugarcane",
        "area_acres_guntas": "3A 11G",
        "area_acres_decimal": 3.27
      },
      "geometry": {
        "type": "Polygon",
        "coordinates": [
          [
            [77.055813, 12.099974],
            [77.056815, 12.099974],
            [77.056815, 12.101139],
            [77.055813, 12.101139],
            [77.055813, 12.099974]
          ]
        ]
      }
    },
    {
      "type": "Feature",
      "properties": {
        "data_source": "SYNTHETIC - not an official record",
        "state": "Karnataka",
        "district": "Bengaluru Rural",
        "taluk": "Hoskote",
        "hobli": "Hoskote",
        "village": "Anugondanahalli",
        "survey_number": "56/3",
        "khata_number": "0002",
        "landholder_name": "Suresh Gowda (synthetic)",
        "land_type": "Dry (Khushki)",
        "soil_type": "Laterite",
        "crop": "Areca Nut",
        "area_acres_guntas": "2A 31G",
        "area_acres_decimal": 2.77
      },
      "geometry": {
        "type": "Polygon",
        "coordinates": [
          [
            [77.625122, 13.089693],
            [77.626009, 13.089693],
            [77.626009, 13.090552],
            [77.625122, 13.090552],
            [77.625122, 13.089693]
          ]
        ]
      }
    },
    {
      "type": "Feature",
      "properties": {
        "data_source": "SYNTHETIC - not an official record",
        "state": "Karnataka",
        "district": "Kodagu",
        "taluk": "Somwarpet",
        "hobli": "Somwarpet",
        "village": "Suntikoppa",
        "survey_number": "234/2B",
        "khata_number": "0004",
        "landholder_name": "Nagaraj Shetty (synthetic)",
        "land_type": "Garden (Tota)",
        "soil_type": "Red Loamy",
        "crop": "Sugarcane",
        "area_acres_guntas": "2A 5G",
        "area_acres_decimal": 2.12
      },
      "geometry": {
        "type": "Polygon",
        "coordinates": [
          [
            [76.025387, 12.381233],
            [76.026305, 12.381233],
            [76.026305, 12.382092],
            [76.025387, 12.382092],
            [76.025387, 12.381233]
          ]
        ]
      }
    },
    {
      "type": "Feature",
      "properties": {
        "data_source": "SYNTHETIC - not an official record",
        "state": "Karnataka",
        "district": "Chamarajanagar",
        "taluk": "Kollegal",
        "hobli": "Kollegal",
        "village": "Kollegal",
        "survey_number": "326/6A",
        "khata_number": "0003",
        "landholder_name": "Gowramma Naik (synthetic)",
        "land_type": "Dry (Khushki)",
        "soil_type": "Laterite",
        "crop": "Coconut",
        "area_acres_guntas": "0A 14G",
        "area_acres_decimal": 0.35
      },
      "geometry": {
        "type": "Polygon",
        "coordinates": [
          [
            [77.088713, 11.980739],
            [77.089034, 11.980739],
            [77.089034, 11.981105],
            [77.088713, 11.981105],
            [77.088713, 11.980739]
          ]
        ]
      }
    },
    {
      "type": "Feature",
      "properties": {
        "data_source": "SYNTHETIC - not an official record",
        "state": "Karnataka",
        "district": "Belagavi",
        "taluk": "Gokak",
        "hobli": "Gokak",
        "village": "Gokak",
        "survey_number": "19/3",
        "khata_number": "0005",
        "landholder_name": "Manjunath Poojary (synthetic)",
        "land_type": "Wet (Baagayat)",
        "soil_type": "Red Loamy",
        "crop": "Areca Nut",
        "area_acres_guntas": "3A 5G",
        "area_acres_decimal": 3.12
      },
      "geometry": {
        "type": "Polygon",
        "coordinates": [
          [
            [75.01589, 16.088095],
            [75.017092, 16.088095],
            [75.017092, 16.089231],
            [75.01589, 16.089231],
            [75.01589, 16.088095]
          ]
        ]
      }
    },
    {
      "type": "Feature",
      "properties": {
        "data_source": "SYNTHETIC - not an official record",
        "state": "Karnataka",
        "district": "Shivamogga",
        "taluk": "Sagar",
        "hobli": "Sagar",
        "village": "Sagar",
        "survey_number": "327/6",
        "khata_number": "0003",
        "landholder_name": "Chandrashekar Shetty (synthetic)",
        "land_type": "Wet (Baagayat)",
        "soil_type": "Red Sandy",
        "crop": "Cotton",
        "area_acres_guntas": "0A 19G",
        "area_acres_decimal": 0.47
      },
      "geometry": {
        "type": "Polygon",
        "coordinates": [
          [
            [75.5507, 13.902825],
            [75.551117, 13.902825],
            [75.551117, 13.903232],
            [75.5507, 13.903232],
            [75.5507, 13.902825]
          ]
        ]
      }
    },
    {
      "type": "Feature",
      "properties": {
        "data_source": "SYNTHETIC - not an official record",
        "state": "Karnataka",
        "district": "Dharwad",
        "taluk": "Hubballi",
        "hobli": "Hubballi",
        "village": "Amargol",
        "survey_number": "148",
        "khata_number": "0011",
        "landholder_name": "Puttaswamy Gowda (synthetic)",
        "land_type": "Garden (Tota)",
        "soil_type": "Red Loamy",
        "crop": "Areca Nut",
        "area_acres_guntas": "2A 29G",
        "area_acres_decimal": 2.73
      },
      "geometry": {
        "type": "Polygon",
        "coordinates": [
          [
            [75.435175, 15.667243],
            [75.436018, 15.667243],
            [75.436018, 15.668183],
            [75.435175, 15.668183],
            [75.435175, 15.667243]
          ]
        ]
      }
    },
    {
      "type": "Feature",
      "properties": {
        "data_source": "SYNTHETIC - not an official record",
        "state": "Karnataka",
        "district": "Tumakuru",
        "taluk": "Madhugiri",
        "hobli": "Madhugiri",
        "village": "Koratagere",
        "survey_number": "311/9",
        "khata_number": "0002",
        "landholder_name": "Siddappa Rao (synthetic)",
        "land_type": "Garden (Tota)",
        "soil_type": "Red Loamy",
        "crop": "Cotton",
        "area_acres_guntas": "2A 8G",
        "area_acres_decimal": 2.2
      },
      "geometry": {
        "type": "Polygon",
        "coordinates": [
          [
            [76.874847, 13.103911],
            [76.875647, 13.103911],
            [76.875647, 13.104673],
            [76.874847, 13.104673],
            [76.874847, 13.103911]
          ]
        ]
      }
    },
    {
      "type": "Feature",
      "properties": {
        "data_source": "SYNTHETIC - not an official record",
        "state": "Karnataka",
        "district": "Tumakuru",
        "taluk": "Madhugiri",
        "hobli": "Madhugiri",
        "village": "Dobbaspet",
        "survey_number": "99/5B",
        "khata_number": "0002",
        "landholder_name": "Krishnappa Shetty (synthetic)",
        "land_type": "Dry (Khushki)",
        "soil_type": "Laterite",
        "crop": "Mulberry",
        "area_acres_guntas": "2A 20G",
        "area_acres_decimal": 2.5
      },
      "geometry": {
        "type": "Polygon",
        "coordinates": [
          [
            [77.344992, 13.580304],
            [77.345885, 13.580304],
            [77.345885, 13.581146],
            [77.344992, 13.581146],
            [77.344992, 13.580304]
          ]
        ]
      }
    },
    {
      "type": "Feature",
      "properties": {
        "data_source": "SYNTHETIC - not an official record",
        "state": "Karnataka",
        "district": "Hassan",
        "taluk": "Sakleshpur",
        "hobli": "Sakleshpur",
        "village": "Heggadde",
        "survey_number": "272/9",
        "khata_number": "0004",
        "landholder_name": "Ramesh Achar (synthetic)",
        "land_type": "Wet (Baagayat)",
        "soil_type": "Black Cotton",
        "crop": "Ragi",
        "area_acres_guntas": "0A 24G",
        "area_acres_decimal": 0.6
      },
      "geometry": {
        "type": "Polygon",
        "coordinates": [
          [
            [76.175186, 12.9434],
            [76.175693, 12.9434],
            [76.175693, 12.943817],
            [76.175186, 12.943817],
            [76.175186, 12.9434]
          ]
        ]
      }
    },
    {
      "type": "Feature",
      "properties": {
        "data_source": "SYNTHETIC - not an official record",
        "state": "Karnataka",
        "district": "Chamarajanagar",
        "taluk": "Gundlupet",
        "hobli": "Gundlupet",
        "village": "Terakanambi",
        "survey_number": "42/8A",
        "khata_number": "0005",
        "landholder_name": "Manjunath Poojary (synthetic)",
        "land_type": "Wet (Baagayat)",
        "soil_type": "Red Sandy",
        "crop": "Ragi",
        "area_acres_guntas": "0A 39G",
        "area_acres_decimal": 0.97
      },
      "geometry": {
        "type": "Polygon",
        "coordinates": [
          [
            [77.077096, 11.89631],
            [77.0776, 11.89631],
            [77.0776, 11.896803],
            [77.077096, 11.896803],
            [77.077096, 11.89631]
          ]
        ]
      }
    },
    {
      "type": "Feature",
      "properties": {
        "data_source": "SYNTHETIC - not an official record",
        "state": "Karnataka",
        "district": "Hassan",
        "taluk": "Arsikere",
        "hobli": "Arsikere",
        "village": "Javagal",
        "survey_number": "63/2A",
        "khata_number": "0003",
        "landholder_name": "Mahadevaiah Gowda (synthetic)",
        "land_type": "Wet (Baagayat)",
        "soil_type": "Black Cotton",
        "crop": "Mulberry",
        "area_acres_guntas": "1A 37G",
        "area_acres_decimal": 1.93
      },
      "geometry": {
        "type": "Polygon",
        "coordinates": [
          [
            [76.028103, 12.895523],
            [76.028817, 12.895523],
            [76.028817, 12.896303],
            [76.028103, 12.896303],
            [76.028103, 12.895523]
          ]
        ]
      }
    },
    {
      "type": "Feature",
      "properties": {
        "data_source": "SYNTHETIC - not an official record",
        "state": "Karnataka",
        "district": "Belagavi",
        "taluk": "Chikodi",
        "hobli": "Chikodi",
        "village": "Chikodi",
        "survey_number": "216/4",
        "khata_number": "0001",
        "landholder_name": "Manjunath Reddy (synthetic)",
        "land_type": "Dry (Khushki)",
        "soil_type": "Black Cotton",
        "crop": "Maize",
        "area_acres_guntas": "2A 0G",
        "area_acres_decimal": 2.0
      },
      "geometry": {
        "type": "Polygon",
        "coordinates": [
          [
            [74.635467, 15.856394],
            [74.636335, 15.856394],
            [74.636335, 15.857282],
            [74.635467, 15.857282],
            [74.635467, 15.856394]
          ]
        ]
      }
    },
    {
      "type": "Feature",
      "properties": {
        "data_source": "SYNTHETIC - not an official record",
        "state": "Karnataka",
        "district": "Belagavi",
        "taluk": "Athani",
        "hobli": "Athani",
        "village": "Ugar Khurd",
        "survey_number": "226",
        "khata_number": "0005",
        "landholder_name": "Puttaswamy Poojary (synthetic)",
        "land_type": "Dry (Khushki)",
        "soil_type": "Red Sandy",
        "crop": "Groundnut",
        "area_acres_guntas": "0A 20G",
        "area_acres_decimal": 0.5
      },
      "geometry": {
        "type": "Polygon",
        "coordinates": [
          [
            [74.628889, 15.913871],
            [74.629265, 15.913871],
            [74.629265, 15.914278],
            [74.628889, 15.914278],
            [74.628889, 15.913871]
          ]
        ]
      }
    },
    {
      "type": "Feature",
      "properties": {
        "data_source": "SYNTHETIC - not an official record",
        "state": "Karnataka",
        "district": "Bengaluru Rural",
        "taluk": "Doddaballapura",
        "hobli": "Doddaballapura",
        "village": "Madhure",
        "survey_number": "306/8",
        "khata_number": "0005",
        "landholder_name": "Manjunath Poojary (synthetic)",
        "land_type": "Wet (Baagayat)",
        "soil_type": "Red Loamy",
        "crop": "Fallow",
        "area_acres_guntas": "0A 27G",
        "area_acres_decimal": 0.68
      },
      "geometry": {
        "type": "Polygon",
        "coordinates": [
          [
            [77.651126, 13.025952],
            [77.651571, 13.025952],
            [77.651571, 13.026412],
            [77.651126, 13.026412],
            [77.651126, 13.025952]
          ]
        ]
      }
    },
    {
      "type": "Feature",
      "properties": {
        "data_source": "SYNTHETIC - not an official record",
        "state": "Karnataka",
        "district": "Hassan",
        "taluk": "Arsikere",
        "hobli": "Arsikere",
        "village": "Arsikere",
        "survey_number": "131/4A",
        "khata_number": "0003",
        "landholder_name": "Puttaswamy Rao (synthetic)",
        "land_type": "Dry (Khushki)",
        "soil_type": "Red Loamy",
        "crop": "Coffee",
        "area_acres_guntas": "1A 19G",
        "area_acres_decimal": 1.48
      },
      "geometry": {
        "type": "Polygon",
        "coordinates": [
          [
            [76.09128, 13.20807],
            [76.092062, 13.20807],
            [76.092062, 13.208842],
            [76.09128, 13.208842],
            [76.09128, 13.20807]
          ]
        ]
      }
    },
    {
      "type": "Feature",
      "properties": {
        "data_source": "SYNTHETIC - not an official record",
        "state": "Karnataka",
        "district": "Bengaluru Rural",
        "taluk": "Hoskote",
        "hobli": "Hoskote",
        "village": "Nandagudi",
        "survey_number": "120",
        "khata_number": "0007",
        "landholder_name": "Shivakumar Shetty (synthetic)",
        "land_type": "Wet (Baagayat)",
        "soil_type": "Red Sandy",
        "crop": "Ragi",
        "area_acres_guntas": "3A 5G",
        "area_acres_decimal": 3.12
      },
      "geometry": {
        "type": "Polygon",
        "coordinates": [
          [
            [77.552562, 13.132779],
            [77.553647, 13.132779],
            [77.553647, 13.133684],
            [77.552562, 13.133684],
            [77.552562, 13.132779]
          ]
        ]
      }
    },
    {
      "type": "Feature",
      "properties": {
        "data_source": "SYNTHETIC - not an official record",
        "state": "Karnataka",
        "district": "Dharwad",
        "taluk": "Hubballi",
        "hobli": "Hubballi",
        "village": "Amargol",
        "survey_number": "159",
        "khata_number": "0012",
        "landholder_name": "Puttaswamy Poojary (synthetic)",
        "land_type": "Dry (Khushki)",
        "soil_type": "Laterite",
        "crop": "Cotton",
        "area_acres_guntas": "2A 14G",
        "area_acres_decimal": 2.35
      },
      "geometry": {
        "type": "Polygon",
        "coordinates": [
          [
            [75.141164, 15.390087],
            [75.142139, 15.390087],
            [75.142139, 15.390957],
            [75.141164, 15.390957],
            [75.141164, 15.390087]
          ]
        ]
      }
    },
    {
      "type": "Feature",
      "properties": {
        "data_source": "SYNTHETIC - not an official record",
        "state": "Karnataka",
        "district": "Dharwad",
        "taluk": "Kalghatgi",
        "hobli": "Kalghatgi",
        "village": "Tabakhana",
        "survey_number": "66/6",
        "khata_number": "0008",
        "landholder_name": "Nagaraj Setty (synthetic)",
        "land_type": "Dry (Khushki)",
        "soil_type": "Red Loamy",
        "crop": "Sugarcane",
        "area_acres_guntas": "2A 30G",
        "area_acres_decimal": 2.75
      },
      "geometry": {
        "type": "Polygon",
        "coordinates": [
          [
            [75.338429, 15.385485],
            [75.339414, 15.385485],
            [75.339414, 15.386523],
            [75.338429, 15.386523],
            [75.338429, 15.385485]
          ]
        ]
      }
    },
    {
      "type": "Feature",
      "properties": {
        "data_source": "SYNTHETIC - not an official record",
        "state": "Karnataka",
        "district": "Dharwad",
        "taluk": "Hubballi",
        "hobli": "Hubballi",
        "village": "Rayapur",
        "survey_number": "339/8B",
        "khata_number": "0004",
        "landholder_name": "Sharadamma Poojary (synthetic)",
        "land_type": "Wet (Baagayat)",
        "soil_type": "Black Cotton",
        "crop": "Coffee",
        "area_acres_guntas": "0A 32G",
        "area_acres_decimal": 0.8
      },
      "geometry": {
        "type": "Polygon",
        "coordinates": [
          [
            [75.187329, 15.639497],
            [75.187874, 15.639497],
            [75.187874, 15.639966],
            [75.187329, 15.639966],
            [75.187329, 15.639497]
          ]
        ]
      }
    },
    {
      "type": "Feature",
      "properties": {
        "data_source": "SYNTHETIC - not an official record",
        "state": "Karnataka",
        "district": "Mysuru",
        "taluk": "T. Narasipura",
        "hobli": "Bannur",
        "village": "Bannur",
        "survey_number": "255/6A",
        "khata_number": "0004",
        "landholder_name": "Shivakumar Achar (synthetic)",
        "land_type": "Wet (Baagayat)",
        "soil_type": "Red Loamy",
        "crop": "Maize",
        "area_acres_guntas": "3A 39G",
        "area_acres_decimal": 3.98
      },
      "geometry": {
        "type": "Polygon",
        "coordinates": [
          [
            [76.477889, 12.449225],
            [76.479176, 12.449225],
            [76.479176, 12.450252],
            [76.477889, 12.450252],
            [76.477889, 12.449225]
          ]
        ]
      }
    },
    {
      "type": "Feature",
      "properties": {
        "data_source": "SYNTHETIC - not an official record",
        "state": "Karnataka",
        "district": "Chamarajanagar",
        "taluk": "Chamarajanagar",
        "hobli": "Chamarajanagar",
        "village": "Yelandur",
        "survey_number": "37/4",
        "khata_number": "0006",
        "landholder_name": "Manjunath Reddy (synthetic)",
        "land_type": "Garden (Tota)",
        "soil_type": "Laterite",
        "crop": "Coffee",
        "area_acres_guntas": "1A 14G",
        "area_acres_decimal": 1.35
      },
      "geometry": {
        "type": "Polygon",
        "coordinates": [
          [
            [77.092263, 12.168597],
            [77.092962, 12.168597],
            [77.092962, 12.169342],
            [77.092263, 12.169342],
            [77.092263, 12.168597]
          ]
        ]
      }
    },
    {
      "type": "Feature",
      "properties": {
        "data_source": "SYNTHETIC - not an official record",
        "state": "Karnataka",
        "district": "Mysuru",
        "taluk": "T. Narasipura",
        "hobli": "Bannur",
        "village": "Bannur",
        "survey_number": "151",
        "khata_number": "0005",
        "landholder_name": "Shivakumar Rao (synthetic)",
        "land_type": "Dry (Khushki)",
        "soil_type": "Red Loamy",
        "crop": "Groundnut",
        "area_acres_guntas": "2A 17G",
        "area_acres_decimal": 2.42
      },
      "geometry": {
        "type": "Polygon",
        "coordinates": [
          [
            [76.696683, 12.426058],
            [76.697721, 12.426058],
            [76.697721, 12.42701],
            [76.696683, 12.42701],
            [76.696683, 12.426058]
          ]
        ]
      }
    },
    {
      "type": "Feature",
      "properties": {
        "data_source": "SYNTHETIC - not an official record",
        "state": "Karnataka",
        "district": "Mandya",
        "taluk": "Malavalli",
        "hobli": "Malavalli",
        "village": "Keragodu",
        "survey_number": "166",
        "khata_number": "0003",
        "landholder_name": "Shivakumar Setty (synthetic)",
        "land_type": "Wet (Baagayat)",
        "soil_type": "Laterite",
        "crop": "Fallow",
        "area_acres_guntas": "1A 7G",
        "area_acres_decimal": 1.18
      },
      "geometry": {
        "type": "Polygon",
        "coordinates": [
          [
            [76.779151, 12.555018],
            [76.779858, 12.555018],
            [76.779858, 12.555553],
            [76.779151, 12.555553],
            [76.779151, 12.555018]
          ]
        ]
      }
    },
    {
      "type": "Feature",
      "properties": {
        "data_source": "SYNTHETIC - not an official record",
        "state": "Karnataka",
        "district": "Mandya",
        "taluk": "Maddur",
        "hobli": "Maddur",
        "village": "Belagola",
        "survey_number": "273/3B",
        "khata_number": "0005",
        "landholder_name": "Chandrashekar Rao (synthetic)",
        "land_type": "Dry (Khushki)",
        "soil_type": "Red Loamy",
        "crop": "Groundnut",
        "area_acres_guntas": "1A 34G",
        "area_acres_decimal": 1.85
      },
      "geometry": {
        "type": "Polygon",
        "coordinates": [
          [
            [77.055026, 12.28145],
            [77.05575, 12.28145],
            [77.05575, 12.28222],
            [77.055026, 12.28222],
            [77.055026, 12.28145]
          ]
        ]
      }
    },
    {
      "type": "Feature",
      "properties": {
        "data_source": "SYNTHETIC - not an official record",
        "state": "Karnataka",
        "district": "Shivamogga",
        "taluk": "Bhadravati",
        "hobli": "Bhadravati",
        "village": "Tarikere Road",
        "survey_number": "47",
        "khata_number": "0006",
        "landholder_name": "Krishnappa Setty (synthetic)",
        "land_type": "Wet (Baagayat)",
        "soil_type": "Black Cotton",
        "crop": "Maize",
        "area_acres_guntas": "0A 9G",
        "area_acres_decimal": 0.23
      },
      "geometry": {
        "type": "Polygon",
        "coordinates": [
          [
            [75.419503, 13.972686],
            [75.419825, 13.972686],
            [75.419825, 13.972972],
            [75.419503, 13.972972],
            [75.419503, 13.972686]
          ]
        ]
      }
    },
    {
      "type": "Feature",
      "properties": {
        "data_source": "SYNTHETIC - not an official record",
        "state": "Karnataka",
        "district": "Kodagu",
        "taluk": "Virajpet",
        "hobli": "Virajpet",
        "village": "Gonikoppal",
        "survey_number": "348",
        "khata_number": "0002",
        "landholder_name": "Krishnappa Reddy (synthetic)",
        "land_type": "Dry (Khushki)",
        "soil_type": "Black Cotton",
        "crop": "Groundnut",
        "area_acres_guntas": "0A 22G",
        "area_acres_decimal": 0.55
      },
      "geometry": {
        "type": "Polygon",
        "coordinates": [
          [
            [75.971051, 12.247479],
            [75.971505, 12.247479],
            [75.971505, 12.247894],
            [75.971051, 12.247894],
            [75.971051, 12.247479]
          ]
        ]
      }
    },
    {
      "type": "Feature",
      "properties": {
        "data_source": "SYNTHETIC - not an official record",
        "state": "Karnataka",
        "district": "Chamarajanagar",
        "taluk": "Kollegal",
        "hobli": "Kollegal",
        "village": "Ramapura",
        "survey_number": "61/3A",
        "khata_number": "0002",
        "landholder_name": "Gowramma Setty (synthetic)",
        "land_type": "Garden (Tota)",
        "soil_type": "Red Loamy",
        "crop": "Paddy",
        "area_acres_guntas": "2A 28G",
        "area_acres_decimal": 2.7
      },
      "geometry": {
        "type": "Polygon",
        "coordinates": [
          [
            [76.926083, 11.7243],
            [76.927052, 11.7243],
            [76.927052, 11.725227],
            [76.926083, 11.725227],
            [76.926083, 11.7243]
          ]
        ]
      }
    },
    {
      "type": "Feature",
      "properties": {
        "data_source": "SYNTHETIC - not an official record",
        "state": "Karnataka",
        "district": "Tumakuru",
        "taluk": "Pavagada",
        "hobli": "Pavagada",
        "village": "Pavagada",
        "survey_number": "22/4",
        "khata_number": "0005",
        "landholder_name": "Rathnamma Poojary (synthetic)",
        "land_type": "Wet (Baagayat)",
        "soil_type": "Laterite",
        "crop": "Cotton",
        "area_acres_guntas": "1A 30G",
        "area_acres_decimal": 1.75
      },
      "geometry": {
        "type": "Polygon",
        "coordinates": [
          [
            [76.969502, 13.4833],
            [76.970215, 13.4833],
            [76.970215, 13.48414],
            [76.969502, 13.48414],
            [76.969502, 13.4833]
          ]
        ]
      }
    },
    {
      "type": "Feature",
      "properties": {
        "data_source": "SYNTHETIC - not an official record",
        "state": "Karnataka",
        "district": "Chamarajanagar",
        "taluk": "Kollegal",
        "hobli": "Kollegal",
        "village": "Ramapura",
        "survey_number": "149",
        "khata_number": "0003",
        "landholder_name": "Basavaraj Shetty (synthetic)",
        "land_type": "Wet (Baagayat)",
        "soil_type": "Laterite",
        "crop": "Mulberry",
        "area_acres_guntas": "0A 13G",
        "area_acres_decimal": 0.33
      },
      "geometry": {
        "type": "Polygon",
        "coordinates": [
          [
            [76.916883, 11.796277],
            [76.917193, 11.796277],
            [76.917193, 11.796582],
            [76.916883, 11.796582],
            [76.916883, 11.796277]
          ]
        ]
      }
    },
    {
      "type": "Feature",
      "properties": {
        "data_source": "SYNTHETIC - not an official record",
        "state": "Karnataka",
        "district": "Mysuru",
        "taluk": "Mysuru",
        "hobli": "Kasaba",
        "village": "Varuna",
        "survey_number": "261",
        "khata_number": "0002",
        "landholder_name": "Krishnappa Gowda (synthetic)",
        "land_type": "Dry (Khushki)",
        "soil_type": "Red Sandy",
        "crop": "Ragi",
        "area_acres_guntas": "1A 27G",
        "area_acres_decimal": 1.68
      },
      "geometry": {
        "type": "Polygon",
        "coordinates": [
          [
            [76.483536, 12.206352],
            [76.484257, 12.206352],
            [76.484257, 12.207055],
            [76.483536, 12.207055],
            [76.483536, 12.206352]
          ]
        ]
      }
    },
    {
      "type": "Feature",
      "properties": {
        "data_source": "SYNTHETIC - not an official record",
        "state": "Karnataka",
        "district": "Bengaluru Rural",
        "taluk": "Devanahalli",
        "hobli": "Devanahalli",
        "village": "Vishwanathapura",
        "survey_number": "172/2",
        "khata_number": "0004",
        "landholder_name": "Chandrashekar Gowda (synthetic)",
        "land_type": "Dry (Khushki)",
        "soil_type": "Red Loamy",
        "crop": "Coffee",
        "area_acres_guntas": "1A 20G",
        "area_acres_decimal": 1.5
      },
      "geometry": {
        "type": "Polygon",
        "coordinates": [
          [
            [77.45893, 13.087107],
            [77.459702, 13.087107],
            [77.459702, 13.087778],
            [77.45893, 13.087778],
            [77.45893, 13.087107]
          ]
        ]
      }
    },
    {
      "type": "Feature",
      "properties": {
        "data_source": "SYNTHETIC - not an official record",
        "state": "Karnataka",
        "district": "Belagavi",
        "taluk": "Athani",
        "hobli": "Athani",
        "village": "Athani",
        "survey_number": "323",
        "khata_number": "0005",
        "landholder_name": "Mahadevaiah Setty (synthetic)",
        "land_type": "Garden (Tota)",
        "soil_type": "Red Loamy",
        "crop": "Paddy",
        "area_acres_guntas": "1A 19G",
        "area_acres_decimal": 1.48
      },
      "geometry": {
        "type": "Polygon",
        "coordinates": [
          [
            [74.842842, 16.051092],
            [74.843603, 16.051092],
            [74.843603, 16.051689],
            [74.842842, 16.051689],
            [74.842842, 16.051092]
          ]
        ]
      }
    },
    {
      "type": "Feature",
      "properties": {
        "data_source": "SYNTHETIC - not an official record",
        "state": "Karnataka",
        "district": "Shivamogga",
        "taluk": "Sagar",
        "hobli": "Sagar",
        "village": "Anandapuram",
        "survey_number": "2/7",
        "khata_number": "0006",
        "landholder_name": "Siddappa Shetty (synthetic)",
        "land_type": "Garden (Tota)",
        "soil_type": "Red Loamy",
        "crop": "Maize",
        "area_acres_guntas": "3A 0G",
        "area_acres_decimal": 3.0
      },
      "geometry": {
        "type": "Polygon",
        "coordinates": [
          [
            [75.36375, 14.134047],
            [75.364843, 14.134047],
            [75.364843, 14.135018],
            [75.36375, 14.135018],
            [75.36375, 14.134047]
          ]
        ]
      }
    },
    {
      "type": "Feature",
      "properties": {
        "data_source": "SYNTHETIC - not an official record",
        "state": "Karnataka",
        "district": "Mysuru",
        "taluk": "T. Narasipura",
        "hobli": "Bannur",
        "village": "Talakadu",
        "survey_number": "297/9B",
        "khata_number": "0004",
        "landholder_name": "Basavaraj Setty (synthetic)",
        "land_type": "Wet (Baagayat)",
        "soil_type": "Laterite",
        "crop": "Coconut",
        "area_acres_guntas": "2A 33G",
        "area_acres_decimal": 2.83
      },
      "geometry": {
        "type": "Polygon",
        "coordinates": [
          [
            [76.836187, 12.252813],
            [76.837049, 12.252813],
            [76.837049, 12.253897],
            [76.836187, 12.253897],
            [76.836187, 12.252813]
          ]
        ]
      }
    },
    {
      "type": "Feature",
      "properties": {
        "data_source": "SYNTHETIC - not an official record",
        "state": "Karnataka",
        "district": "Bengaluru Rural",
        "taluk": "Devanahalli",
        "hobli": "Devanahalli",
        "village": "Devanahalli",
        "survey_number": "183/8B",
        "khata_number": "0003",
        "landholder_name": "Mahadevaiah Naik (synthetic)",
        "land_type": "Wet (Baagayat)",
        "soil_type": "Red Sandy",
        "crop": "Maize",
        "area_acres_guntas": "1A 4G",
        "area_acres_decimal": 1.1
      },
      "geometry": {
        "type": "Polygon",
        "coordinates": [
          [
            [77.541261, 13.333872],
            [77.541969, 13.333872],
            [77.541969, 13.334408],
            [77.541261, 13.334408],
            [77.541261, 13.333872]
          ]
        ]
      }
    },
    {
      "type": "Feature",
      "properties": {
        "data_source": "SYNTHETIC - not an official record",
        "state": "Karnataka",
        "district": "Hassan",
        "taluk": "Sakleshpur",
        "hobli": "Sakleshpur",
        "village": "Sakleshpur",
        "survey_number": "171/2A",
        "khata_number": "0002",
        "landholder_name": "Rathnamma Gowda (synthetic)",
        "land_type": "Wet (Baagayat)",
        "soil_type": "Laterite",
        "crop": "Coconut",
        "area_acres_guntas": "2A 5G",
        "area_acres_decimal": 2.12
      },
      "geometry": {
        "type": "Polygon",
        "coordinates": [
          [
            [76.296299, 13.140026],
            [76.297255, 13.140026],
            [76.297255, 13.140784],
            [76.296299, 13.140784],
            [76.296299, 13.140026]
          ]
        ]
      }
    },
    {
      "type": "Feature",
      "properties": {
        "data_source": "SYNTHETIC - not an official record",
        "state": "Karnataka",
        "district": "Chamarajanagar",
        "taluk": "Chamarajanagar",
        "hobli": "Chamarajanagar",
        "village": "Yelandur",
        "survey_number": "294/6B",
        "khata_number": "0007",
        "landholder_name": "Nagaraj Naik (synthetic)",
        "land_type": "Dry (Khushki)",
        "soil_type": "Red Loamy",
        "crop": "Coconut",
        "area_acres_guntas": "3A 6G",
        "area_acres_decimal": 3.15
      },
      "geometry": {
        "type": "Polygon",
        "coordinates": [
          [
            [77.038826, 11.961604],
            [77.039995, 11.961604],
            [77.039995, 11.962512],
            [77.038826, 11.962512],
            [77.038826, 11.961604]
          ]
        ]
      }
    },
    {
      "type": "Feature",
      "properties": {
        "data_source": "SYNTHETIC - not an official record",
        "state": "Karnataka",
        "district": "Mandya",
        "taluk": "Malavalli",
        "hobli": "Malavalli",
        "village": "Basaralu",
        "survey_number": "40/3",
        "khata_number": "0010",
        "landholder_name": "Suresh Naik (synthetic)",
        "land_type": "Dry (Khushki)",
        "soil_type": "Red Sandy",
        "crop": "Paddy",
        "area_acres_guntas": "3A 11G",
        "area_acres_decimal": 3.27
      },
      "geometry": {
        "type": "Polygon",
        "coordinates": [
          [
            [76.752436, 12.447461],
            [76.7535, 12.447461],
            [76.7535, 12.44847],
            [76.752436, 12.44847],
            [76.752436, 12.447461]
          ]
        ]
      }
    },
    {
      "type": "Feature",
      "properties": {
        "data_source": "SYNTHETIC - not an official record",
        "state": "Karnataka",
        "district": "Dharwad",
        "taluk": "Kalghatgi",
        "hobli": "Kalghatgi",
        "village": "Tabakhana",
        "survey_number": "259/5A",
        "khata_number": "0009",
        "landholder_name": "Basavaraj Achar (synthetic)",
        "land_type": "Wet (Baagayat)",
        "soil_type": "Black Cotton",
        "crop": "Fallow",
        "area_acres_guntas": "2A 39G",
        "area_acres_decimal": 2.98
      },
      "geometry": {
        "type": "Polygon",
        "coordinates": [
          [
            [74.991791, 15.565898],
            [74.992826, 15.565898],
            [74.992826, 15.566807],
            [74.991791, 15.566807],
            [74.991791, 15.565898]
          ]
        ]
      }
    },
    {
      "type": "Feature",
      "properties": {
        "data_source": "SYNTHETIC - not an official record",
        "state": "Karnataka",
        "district": "Bengaluru Rural",
        "taluk": "Hoskote",
        "hobli": "Hoskote",
        "village": "Anugondanahalli",
        "survey_number": "140",
        "khata_number": "0003",
        "landholder_name": "Shivakumar Achar (synthetic)",
        "land_type": "Dry (Khushki)",
        "soil_type": "Laterite",
        "crop": "Paddy",
        "area_acres_guntas": "2A 37G",
        "area_acres_decimal": 2.92
      },
      "geometry": {
        "type": "Polygon",
        "coordinates": [
          [
            [77.623258, 13.193825],
            [77.624299, 13.193825],
            [77.624299, 13.194872],
            [77.623258, 13.194872],
            [77.623258, 13.193825]
          ]
        ]
      }
    },
    {
      "type": "Feature",
      "properties": {
        "data_source": "SYNTHETIC - not an official record",
        "state": "Karnataka",
        "district": "Mandya",
        "taluk": "Srirangapatna",
        "hobli": "Srirangapatna",
        "village": "Pandavapura Road",
        "survey_number": "176",
        "khata_number": "0006",
        "landholder_name": "Basavaraj Setty (synthetic)",
        "land_type": "Garden (Tota)",
        "soil_type": "Red Sandy",
        "crop": "Fallow",
        "area_acres_guntas": "2A 0G",
        "area_acres_decimal": 2.0
      },
      "geometry": {
        "type": "Polygon",
        "coordinates": [
          [
            [76.970048, 12.584578],
            [76.970774, 12.584578],
            [76.970774, 12.585395],
            [76.970048, 12.585395],
            [76.970048, 12.584578]
          ]
        ]
      }
    },
    {
      "type": "Feature",
      "properties": {
        "data_source": "SYNTHETIC - not an official record",
        "state": "Karnataka",
        "district": "Hassan",
        "taluk": "Belur",
        "hobli": "Belur",
        "village": "Gandasi",
        "survey_number": "182/5A",
        "khata_number": "0004",
        "landholder_name": "Shivakumar Reddy (synthetic)",
        "land_type": "Wet (Baagayat)",
        "soil_type": "Red Loamy",
        "crop": "Mulberry",
        "area_acres_guntas": "0A 23G",
        "area_acres_decimal": 0.57
      },
      "geometry": {
        "type": "Polygon",
        "coordinates": [
          [
            [76.249442, 12.84129],
            [76.249824, 12.84129],
            [76.249824, 12.841725],
            [76.249442, 12.841725],
            [76.249442, 12.84129]
          ]
        ]
      }
    },
    {
      "type": "Feature",
      "properties": {
        "data_source": "SYNTHETIC - not an official record",
        "state": "Karnataka",
        "district": "Dharwad",
        "taluk": "Kalghatgi",
        "hobli": "Kalghatgi",
        "village": "Tabakhana",
        "survey_number": "117",
        "khata_number": "0010",
        "landholder_name": "Suresh Reddy (synthetic)",
        "land_type": "Garden (Tota)",
        "soil_type": "Black Cotton",
        "crop": "Cotton",
        "area_acres_guntas": "3A 13G",
        "area_acres_decimal": 3.33
      },
      "geometry": {
        "type": "Polygon",
        "coordinates": [
          [
            [75.075439, 15.629926],
            [75.076611, 15.629926],
            [75.076611, 15.630827],
            [75.075439, 15.630827],
            [75.075439, 15.629926]
          ]
        ]
      }
    },
    {
      "type": "Feature",
      "properties": {
        "data_source": "SYNTHETIC - not an official record",
        "state": "Karnataka",
        "district": "Dharwad",
        "taluk": "Hubballi",
        "hobli": "Hubballi",
        "village": "Gokul",
        "survey_number": "112",
        "khata_number": "0004",
        "landholder_name": "Krishnappa Poojary (synthetic)",
        "land_type": "Dry (Khushki)",
        "soil_type": "Black Cotton",
        "crop": "Coffee",
        "area_acres_guntas": "1A 0G",
        "area_acres_decimal": 1.0
      },
      "geometry": {
        "type": "Polygon",
        "coordinates": [
          [
            [75.122416, 15.447376],
            [75.123078, 15.447376],
            [75.123078, 15.447866],
            [75.122416, 15.447866],
            [75.122416, 15.447376]
          ]
        ]
      }
    },
    {
      "type": "Feature",
      "properties": {
        "data_source": "SYNTHETIC - not an official record",
        "state": "Karnataka",
        "district": "Belagavi",
        "taluk": "Athani",
        "hobli": "Athani",
        "village": "Ugar Khurd",
        "survey_number": "170/1B",
        "khata_number": "0006",
        "landholder_name": "Mahadevaiah Poojary (synthetic)",
        "land_type": "Wet (Baagayat)",
        "soil_type": "Red Loamy",
        "crop": "Mulberry",
        "area_acres_guntas": "0A 14G",
        "area_acres_decimal": 0.35
      },
      "geometry": {
        "type": "Polygon",
        "coordinates": [
          [
            [74.640347, 15.899744],
            [74.640694, 15.899744],
            [74.640694, 15.900121],
            [74.640347, 15.900121],
            [74.640347, 15.899744]
          ]
        ]
      }
    },
    {
      "type": "Feature",
      "properties": {
        "data_source": "SYNTHETIC - not an official record",
        "state": "Karnataka",
        "district": "Dharwad",
        "taluk": "Kalghatgi",
        "hobli": "Kalghatgi",
        "village": "Kalghatgi",
        "survey_number": "4",
        "khata_number": "0004",
        "landholder_name": "Krishnappa Gowda (synthetic)",
        "land_type": "Dry (Khushki)",
        "soil_type": "Red Loamy",
        "crop": "Ragi",
        "area_acres_guntas": "2A 19G",
        "area_acres_decimal": 2.48
      },
      "geometry": {
        "type": "Polygon",
        "coordinates": [
          [
            [75.331909, 15.686142],
            [75.332764, 15.686142],
            [75.332764, 15.68708],
            [75.331909, 15.68708],
            [75.331909, 15.686142]
          ]
        ]
      }
    },
    {
      "type": "Feature",
      "properties": {
        "data_source": "SYNTHETIC - not an official record",
        "state": "Karnataka",
        "district": "Mandya",
        "taluk": "Srirangapatna",
        "hobli": "Srirangapatna",
        "village": "Ganjam",
        "survey_number": "216/9B",
        "khata_number": "0006",
        "landholder_name": "Chandrashekar Naik (synthetic)",
        "land_type": "Garden (Tota)",
        "soil_type": "Red Loamy",
        "crop": "Fallow",
        "area_acres_guntas": "2A 10G",
        "area_acres_decimal": 2.25
      },
      "geometry": {
        "type": "Polygon",
        "coordinates": [
          [
            [76.924744, 12.644143],
            [76.925751, 12.644143],
            [76.925751, 12.645116],
            [76.924744, 12.645116],
            [76.924744, 12.644143]
          ]
        ]
      }
    },
    {
      "type": "Feature",
      "properties": {
        "data_source": "SYNTHETIC - not an official record",
        "state": "Karnataka",
        "district": "Hassan",
        "taluk": "Belur",
        "hobli": "Belur",
        "village": "Belur",
        "survey_number": "192/3",
        "khata_number": "0003",
        "landholder_name": "Venkatesh Achar (synthetic)",
        "land_type": "Garden (Tota)",
        "soil_type": "Red Loamy",
        "crop": "Ragi",
        "area_acres_guntas": "3A 34G",
        "area_acres_decimal": 3.85
      },
      "geometry": {
        "type": "Polygon",
        "coordinates": [
          [
            [76.211781, 13.246535],
            [76.212953, 13.246535],
            [76.212953, 13.2478],
            [76.211781, 13.2478],
            [76.211781, 13.246535]
          ]
        ]
      }
    },
    {
      "type": "Feature",
      "properties": {
        "data_source": "SYNTHETIC - not an official record",
        "state": "Karnataka",
        "district": "Kodagu",
        "taluk": "Madikeri",
        "hobli": "Madikeri",
        "village": "Napoklu",
        "survey_number": "30/1",
        "khata_number": "0002",
        "landholder_name": "Lakshmi Gowda (synthetic)",
        "land_type": "Wet (Baagayat)",
        "soil_type": "Laterite",
        "crop": "Mulberry",
        "area_acres_guntas": "0A 35G",
        "area_acres_decimal": 0.88
      },
      "geometry": {
        "type": "Polygon",
        "coordinates": [
          [
            [75.858359, 12.476913],
            [75.858966, 12.476913],
            [75.858966, 12.477449],
            [75.858359, 12.477449],
            [75.858359, 12.476913]
          ]
        ]
      }
    },
    {
      "type": "Feature",
      "properties": {
        "data_source": "SYNTHETIC - not an official record",
        "state": "Karnataka",
        "district": "Dharwad",
        "taluk": "Hubballi",
        "hobli": "Hubballi",
        "village": "Gokul",
        "survey_number": "12/6",
        "khata_number": "0005",
        "landholder_name": "Rathnamma Achar (synthetic)",
        "land_type": "Dry (Khushki)",
        "soil_type": "Red Loamy",
        "crop": "Coconut",
        "area_acres_guntas": "1A 15G",
        "area_acres_decimal": 1.38
      },
      "geometry": {
        "type": "Polygon",
        "coordinates": [
          [
            [75.064622, 15.617823],
            [75.065363, 15.617823],
            [75.065363, 15.618512],
            [75.064622, 15.618512],
            [75.064622, 15.617823]
          ]
        ]
      }
    },
    {
      "type": "Feature",
      "properties": {
        "data_source": "SYNTHETIC - not an official record",
        "state": "Karnataka",
        "district": "Mandya",
        "taluk": "Malavalli",
        "hobli": "Malavalli",
        "village": "Keragodu",
        "survey_number": "133/9",
        "khata_number": "0004",
        "landholder_name": "Puttaswamy Achar (synthetic)",
        "land_type": "Garden (Tota)",
        "soil_type": "Red Loamy",
        "crop": "Cotton",
        "area_acres_guntas": "3A 12G",
        "area_acres_decimal": 3.3
      },
      "geometry": {
        "type": "Polygon",
        "coordinates": [
          [
            [76.961815, 12.604844],
            [76.962862, 12.604844],
            [76.962862, 12.605733],
            [76.961815, 12.605733],
            [76.961815, 12.604844]
          ]
        ]
      }
    },
    {
      "type": "Feature",
      "properties": {
        "data_source": "SYNTHETIC - not an official record",
        "state": "Karnataka",
        "district": "Bengaluru Rural",
        "taluk": "Doddaballapura",
        "hobli": "Doddaballapura",
        "village": "Madhure",
        "survey_number": "200/9A",
        "khata_number": "0006",
        "landholder_name": "Siddappa Rao (synthetic)",
        "land_type": "Dry (Khushki)",
        "soil_type": "Black Cotton",
        "crop": "Coconut",
        "area_acres_guntas": "2A 1G",
        "area_acres_decimal": 2.02
      },
      "geometry": {
        "type": "Polygon",
        "coordinates": [
          [
            [77.649097, 13.183983],
            [77.649872, 13.183983],
            [77.649872, 13.18491],
            [77.649097, 13.18491],
            [77.649097, 13.183983]
          ]
        ]
      }
    },
    {
      "type": "Feature",
      "properties": {
        "data_source": "SYNTHETIC - not an official record",
        "state": "Karnataka",
        "district": "Dharwad",
        "taluk": "Kalghatgi",
        "hobli": "Kalghatgi",
        "village": "Kalghatgi",
        "survey_number": "65",
        "khata_number": "0005",
        "landholder_name": "Manjunath Shetty (synthetic)",
        "land_type": "Wet (Baagayat)",
        "soil_type": "Red Loamy",
        "crop": "Coconut",
        "area_acres_guntas": "3A 30G",
        "area_acres_decimal": 3.75
      },
      "geometry": {
        "type": "Polygon",
        "coordinates": [
          [
            [75.378931, 15.461033],
            [75.380048, 15.461033],
            [75.380048, 15.462088],
            [75.378931, 15.462088],
            [75.378931, 15.461033]
          ]
        ]
      }
    },
    {
      "type": "Feature",
      "properties": {
        "data_source": "SYNTHETIC - not an official record",
        "state": "Karnataka",
        "district": "Tumakuru",
        "taluk": "Sira",
        "hobli": "Sira",
        "village": "Bukkapatna",
        "survey_number": "210/7B",
        "khata_number": "0005",
        "landholder_name": "Venkatesh Setty (synthetic)",
        "land_type": "Dry (Khushki)",
        "soil_type": "Black Cotton",
        "crop": "Ragi",
        "area_acres_guntas": "3A 34G",
        "area_acres_decimal": 3.85
      },
      "geometry": {
        "type": "Polygon",
        "coordinates": [
          [
            [77.189337, 13.347374],
            [77.190407, 13.347374],
            [77.190407, 13.348526],
            [77.189337, 13.348526],
            [77.189337, 13.347374]
          ]
        ]
      }
    },
    {
      "type": "Feature",
      "properties": {
        "data_source": "SYNTHETIC - not an official record",
        "state": "Karnataka",
        "district": "Shivamogga",
        "taluk": "Bhadravati",
        "hobli": "Bhadravati",
        "village": "Bhadravati",
        "survey_number": "195",
        "khata_number": "0003",
        "landholder_name": "Krishnappa Poojary (synthetic)",
        "land_type": "Garden (Tota)",
        "soil_type": "Red Loamy",
        "crop": "Groundnut",
        "area_acres_guntas": "2A 29G",
        "area_acres_decimal": 2.73
      },
      "geometry": {
        "type": "Polygon",
        "coordinates": [
          [
            [75.616057, 13.908174],
            [75.617031, 13.908174],
            [75.617031, 13.909135],
            [75.616057, 13.909135],
            [75.616057, 13.908174]
          ]
        ]
      }
    },
    {
      "type": "Feature",
      "properties": {
        "data_source": "SYNTHETIC - not an official record",
        "state": "Karnataka",
        "district": "Dharwad",
        "taluk": "Hubballi",
        "hobli": "Hubballi",
        "village": "Amargol",
        "survey_number": "328",
        "khata_number": "0013",
        "landholder_name": "Basavaraj Reddy (synthetic)",
        "land_type": "Wet (Baagayat)",
        "soil_type": "Red Loamy",
        "crop": "Groundnut",
        "area_acres_guntas": "3A 39G",
        "area_acres_decimal": 3.98
      },
      "geometry": {
        "type": "Polygon",
        "coordinates": [
          [
            [75.224738, 15.523487],
            [75.22608, 15.523487],
            [75.22608, 15.524691],
            [75.224738, 15.524691],
            [75.224738, 15.523487]
          ]
        ]
      }
    },
    {
      "type": "Feature",
      "properties": {
        "data_source": "SYNTHETIC - not an official record",
        "state": "Karnataka",
        "district": "Dharwad",
        "taluk": "Kalghatgi",
        "hobli": "Kalghatgi",
        "village": "Tabakhana",
        "survey_number": "279",
        "khata_number": "0011",
        "landholder_name": "Gowramma Rao (synthetic)",
        "land_type": "Garden (Tota)",
        "soil_type": "Red Sandy",
        "crop": "Cotton",
        "area_acres_guntas": "2A 26G",
        "area_acres_decimal": 2.65
      },
      "geometry": {
        "type": "Polygon",
        "coordinates": [
          [
            [75.226543, 15.700193],
            [75.227487, 15.700193],
            [75.227487, 15.701258],
            [75.226543, 15.701258],
            [75.226543, 15.700193]
          ]
        ]
      }
    },
    {
      "type": "Feature",
      "properties": {
        "data_source": "SYNTHETIC - not an official record",
        "state": "Karnataka",
        "district": "Chamarajanagar",
        "taluk": "Gundlupet",
        "hobli": "Gundlupet",
        "village": "Bandipur",
        "survey_number": "342/2",
        "khata_number": "0006",
        "landholder_name": "Sharadamma Gowda (synthetic)",
        "land_type": "Garden (Tota)",
        "soil_type": "Black Cotton",
        "crop": "Paddy",
        "area_acres_guntas": "2A 16G",
        "area_acres_decimal": 2.4
      },
      "geometry": {
        "type": "Polygon",
        "coordinates": [
          [
            [76.883203, 12.027049],
            [76.884015, 12.027049],
            [76.884015, 12.027924],
            [76.883203, 12.027924],
            [76.883203, 12.027049]
          ]
        ]
      }
    },
    {
      "type": "Feature",
      "properties": {
        "data_source": "SYNTHETIC - not an official record",
        "state": "Karnataka",
        "district": "Shivamogga",
        "taluk": "Bhadravati",
        "hobli": "Bhadravati",
        "village": "Holehonnur",
        "survey_number": "45/1A",
        "khata_number": "0003",
        "landholder_name": "Manjunath Rao (synthetic)",
        "land_type": "Dry (Khushki)",
        "soil_type": "Black Cotton",
        "crop": "Fallow",
        "area_acres_guntas": "1A 39G",
        "area_acres_decimal": 1.98
      },
      "geometry": {
        "type": "Polygon",
        "coordinates": [
          [
            [75.518312, 14.071331],
            [75.519128, 14.071331],
            [75.519128, 14.072087],
            [75.518312, 14.072087],
            [75.518312, 14.071331]
          ]
        ]
      }
    },
    {
      "type": "Feature",
      "properties": {
        "data_source": "SYNTHETIC - not an official record",
        "state": "Karnataka",
        "district": "Shivamogga",
        "taluk": "Thirthahalli",
        "hobli": "Thirthahalli",
        "village": "Thirthahalli",
        "survey_number": "194/8B",
        "khata_number": "0007",
        "landholder_name": "Chandrashekar Rao (synthetic)",
        "land_type": "Wet (Baagayat)",
        "soil_type": "Laterite",
        "crop": "Paddy",
        "area_acres_guntas": "0A 4G",
        "area_acres_decimal": 0.1
      },
      "geometry": {
        "type": "Polygon",
        "coordinates": [
          [
            [75.628262, 14.068611],
            [75.628446, 14.068611],
            [75.628446, 14.068802],
            [75.628262, 14.068802],
            [75.628262, 14.068611]
          ]
        ]
      }
    },
    {
      "type": "Feature",
      "properties": {
        "data_source": "SYNTHETIC - not an official record",
        "state": "Karnataka",
        "district": "Shivamogga",
        "taluk": "Sagar",
        "hobli": "Sagar",
        "village": "Anandapuram",
        "survey_number": "180",
        "khata_number": "0007",
        "landholder_name": "Mahadevaiah Reddy (synthetic)",
        "land_type": "Wet (Baagayat)",
        "soil_type": "Black Cotton",
        "crop": "Cotton",
        "area_acres_guntas": "3A 17G",
        "area_acres_decimal": 3.42
      },
      "geometry": {
        "type": "Polygon",
        "coordinates": [
          [
            [75.570725, 13.781877],
            [75.571842, 13.781877],
            [75.571842, 13.782856],
            [75.570725, 13.782856],
            [75.570725, 13.781877]
          ]
        ]
      }
    },
    {
      "type": "Feature",
      "properties": {
        "data_source": "SYNTHETIC - not an official record",
        "state": "Karnataka",
        "district": "Bengaluru Rural",
        "taluk": "Devanahalli",
        "hobli": "Devanahalli",
        "village": "Devanahalli",
        "survey_number": "225/1",
        "khata_number": "0004",
        "landholder_name": "Gowramma Naik (synthetic)",
        "land_type": "Wet (Baagayat)",
        "soil_type": "Red Loamy",
        "crop": "Coffee",
        "area_acres_guntas": "2A 16G",
        "area_acres_decimal": 2.4
      },
      "geometry": {
        "type": "Polygon",
        "coordinates": [
          [
            [77.565317, 13.162078],
            [77.566141, 13.162078],
            [77.566141, 13.163028],
            [77.565317, 13.163028],
            [77.565317, 13.162078]
          ]
        ]
      }
    },
    {
      "type": "Feature",
      "properties": {
        "data_source": "SYNTHETIC - not an official record",
        "state": "Karnataka",
        "district": "Chamarajanagar",
        "taluk": "Kollegal",
        "hobli": "Kollegal",
        "village": "Hanur",
        "survey_number": "180/2A",
        "khata_number": "0003",
        "landholder_name": "Rathnamma Shetty (synthetic)",
        "land_type": "Dry (Khushki)",
        "soil_type": "Red Loamy",
        "crop": "Cotton",
        "area_acres_guntas": "1A 7G",
        "area_acres_decimal": 1.18
      },
      "geometry": {
        "type": "Polygon",
        "coordinates": [
          [
            [77.128991, 11.694595],
            [77.129605, 11.694595],
            [77.129605, 11.695279],
            [77.128991, 11.695279],
            [77.128991, 11.694595]
          ]
        ]
      }
    },
    {
      "type": "Feature",
      "properties": {
        "data_source": "SYNTHETIC - not an official record",
        "state": "Karnataka",
        "district": "Kodagu",
        "taluk": "Virajpet",
        "hobli": "Virajpet",
        "village": "Gonikoppal",
        "survey_number": "312",
        "khata_number": "0003",
        "landholder_name": "Venkatesh Poojary (synthetic)",
        "land_type": "Dry (Khushki)",
        "soil_type": "Laterite",
        "crop": "Groundnut",
        "area_acres_guntas": "0A 29G",
        "area_acres_decimal": 0.72
      },
      "geometry": {
        "type": "Polygon",
        "coordinates": [
          [
            [75.70108, 12.443285],
            [75.701508, 12.443285],
            [75.701508, 12.443738],
            [75.70108, 12.443738],
            [75.70108, 12.443285]
          ]
        ]
      }
    },
    {
      "type": "Feature",
      "properties": {
        "data_source": "SYNTHETIC - not an official record",
        "state": "Karnataka",
        "district": "Chamarajanagar",
        "taluk": "Gundlupet",
        "hobli": "Gundlupet",
        "village": "Gundlupet",
        "survey_number": "103",
        "khata_number": "0004",
        "landholder_name": "Chandrashekar Naik (synthetic)",
        "land_type": "Wet (Baagayat)",
        "soil_type": "Red Loamy",
        "crop": "Areca Nut",
        "area_acres_guntas": "2A 28G",
        "area_acres_decimal": 2.7
      },
      "geometry": {
        "type": "Polygon",
        "coordinates": [
          [
            [76.947139, 12.100945],
            [76.948202, 12.100945],
            [76.948202, 12.101998],
            [76.947139, 12.101998],
            [76.947139, 12.100945]
          ]
        ]
      }
    },
    {
      "type": "Feature",
      "properties": {
        "data_source": "SYNTHETIC - not an official record",
        "state": "Karnataka",
        "district": "Shivamogga",
        "taluk": "Bhadravati",
        "hobli": "Bhadravati",
        "village": "Holehonnur",
        "survey_number": "259/7",
        "khata_number": "0004",
        "landholder_name": "Rathnamma Rao (synthetic)",
        "land_type": "Garden (Tota)",
        "soil_type": "Red Sandy",
        "crop": "Coffee",
        "area_acres_guntas": "2A 12G",
        "area_acres_decimal": 2.3
      },
      "geometry": {
        "type": "Polygon",
        "coordinates": [
          [
            [75.56947, 13.830791],
            [75.570355, 13.830791],
            [75.570355, 13.831718],
            [75.56947, 13.831718],
            [75.56947, 13.830791]
          ]
        ]
      }
    },
    {
      "type": "Feature",
      "properties": {
        "data_source": "SYNTHETIC - not an official record",
        "state": "Karnataka",
        "district": "Shivamogga",
        "taluk": "Bhadravati",
        "hobli": "Bhadravati",
        "village": "Tarikere Road",
        "survey_number": "152/9A",
        "khata_number": "0007",
        "landholder_name": "Krishnappa Rao (synthetic)",
        "land_type": "Garden (Tota)",
        "soil_type": "Laterite",
        "crop": "Ragi",
        "area_acres_guntas": "3A 37G",
        "area_acres_decimal": 3.92
      },
      "geometry": {
        "type": "Polygon",
        "coordinates": [
          [
            [75.810618, 13.810044],
            [75.811658, 13.810044],
            [75.811658, 13.811168],
            [75.810618, 13.811168],
            [75.810618, 13.810044]
          ]
        ]
      }
    },
    {
      "type": "Feature",
      "properties": {
        "data_source": "SYNTHETIC - not an official record",
        "state": "Karnataka",
        "district": "Tumakuru",
        "taluk": "Sira",
        "hobli": "Sira",
        "village": "Bukkapatna",
        "survey_number": "36",
        "khata_number": "0006",
        "landholder_name": "Puttaswamy Poojary (synthetic)",
        "land_type": "Dry (Khushki)",
        "soil_type": "Red Sandy",
        "crop": "Mulberry",
        "area_acres_guntas": "2A 35G",
        "area_acres_decimal": 2.88
      },
      "geometry": {
        "type": "Polygon",
        "coordinates": [
          [
            [76.902885, 13.209683],
            [76.904005, 13.209683],
            [76.904005, 13.210695],
            [76.902885, 13.210695],
            [76.902885, 13.209683]
          ]
        ]
      }
    },
    {
      "type": "Feature",
      "properties": {
        "data_source": "SYNTHETIC - not an official record",
        "state": "Karnataka",
        "district": "Bengaluru Rural",
        "taluk": "Doddaballapura",
        "hobli": "Doddaballapura",
        "village": "Doddaballapura",
        "survey_number": "131",
        "khata_number": "0007",
        "landholder_name": "Siddappa Poojary (synthetic)",
        "land_type": "Dry (Khushki)",
        "soil_type": "Black Cotton",
        "crop": "Ragi",
        "area_acres_guntas": "2A 32G",
        "area_acres_decimal": 2.8
      },
      "geometry": {
        "type": "Polygon",
        "coordinates": [
          [
            [77.617703, 13.13695],
            [77.618754, 13.13695],
            [77.618754, 13.137838],
            [77.617703, 13.137838],
            [77.617703, 13.13695]
          ]
        ]
      }
    },
    {
      "type": "Feature",
      "properties": {
        "data_source": "SYNTHETIC - not an official record",
        "state": "Karnataka",
        "district": "Tumakuru",
        "taluk": "Pavagada",
        "hobli": "Pavagada",
        "village": "Rajapura",
        "survey_number": "334",
        "khata_number": "0004",
        "landholder_name": "Shivakumar Achar (synthetic)",
        "land_type": "Garden (Tota)",
        "soil_type": "Red Sandy",
        "crop": "Coconut",
        "area_acres_guntas": "0A 21G",
        "area_acres_decimal": 0.53
      },
      "geometry": {
        "type": "Polygon",
        "coordinates": [
          [
            [77.000635, 13.24001],
            [77.001061, 13.24001],
            [77.001061, 13.240468],
            [77.000635, 13.240468],
            [77.000635, 13.24001]
          ]
        ]
      }
    },
    {
      "type": "Feature",
      "properties": {
        "data_source": "SYNTHETIC - not an official record",
        "state": "Karnataka",
        "district": "Shivamogga",
        "taluk": "Thirthahalli",
        "hobli": "Thirthahalli",
        "village": "Agumbe",
        "survey_number": "289/9",
        "khata_number": "0004",
        "landholder_name": "Gowramma Reddy (synthetic)",
        "land_type": "Dry (Khushki)",
        "soil_type": "Laterite",
        "crop": "Sugarcane",
        "area_acres_guntas": "2A 4G",
        "area_acres_decimal": 2.1
      },
      "geometry": {
        "type": "Polygon",
        "coordinates": [
          [
            [75.536878, 14.150657],
            [75.537674, 14.150657],
            [75.537674, 14.151531],
            [75.536878, 14.151531],
            [75.536878, 14.150657]
          ]
        ]
      }
    },
    {
      "type": "Feature",
      "properties": {
        "data_source": "SYNTHETIC - not an official record",
        "state": "Karnataka",
        "district": "Bengaluru Rural",
        "taluk": "Doddaballapura",
        "hobli": "Doddaballapura",
        "village": "Madhure",
        "survey_number": "150/5",
        "khata_number": "0007",
        "landholder_name": "Sharadamma Reddy (synthetic)",
        "land_type": "Garden (Tota)",
        "soil_type": "Black Cotton",
        "crop": "Ragi",
        "area_acres_guntas": "0A 11G",
        "area_acres_decimal": 0.28
      },
      "geometry": {
        "type": "Polygon",
        "coordinates": [
          [
            [77.727355, 13.321833],
            [77.727684, 13.321833],
            [77.727684, 13.322115],
            [77.727355, 13.322115],
            [77.727355, 13.321833]
          ]
        ]
      }
    },
    {
      "type": "Feature",
      "properties": {
        "data_source": "SYNTHETIC - not an official record",
        "state": "Karnataka",
        "district": "Chamarajanagar",
        "taluk": "Chamarajanagar",
        "hobli": "Chamarajanagar",
        "village": "Santemarahalli",
        "survey_number": "37/9A",
        "khata_number": "0003",
        "landholder_name": "Rathnamma Reddy (synthetic)",
        "land_type": "Dry (Khushki)",
        "soil_type": "Laterite",
        "crop": "Paddy",
        "area_acres_guntas": "3A 6G",
        "area_acres_decimal": 3.15
      },
      "geometry": {
        "type": "Polygon",
        "coordinates": [
          [
            [76.85349, 11.778861],
            [76.8545, 11.778861],
            [76.8545, 11.780021],
            [76.85349, 11.780021],
            [76.85349, 11.778861]
          ]
        ]
      }
    },
    {
      "type": "Feature",
      "properties": {
        "data_source": "SYNTHETIC - not an official record",
        "state": "Karnataka",
        "district": "Chamarajanagar",
        "taluk": "Kollegal",
        "hobli": "Kollegal",
        "village": "Hanur",
        "survey_number": "93",
        "khata_number": "0004",
        "landholder_name": "Lakshmi Poojary (synthetic)",
        "land_type": "Wet (Baagayat)",
        "soil_type": "Black Cotton",
        "crop": "Areca Nut",
        "area_acres_guntas": "3A 1G",
        "area_acres_decimal": 3.02
      },
      "geometry": {
        "type": "Polygon",
        "coordinates": [
          [
            [77.05561, 12.169485],
            [77.056747, 12.169485],
            [77.056747, 12.170395],
            [77.05561, 12.170395],
            [77.05561, 12.169485]
          ]
        ]
      }
    },
    {
      "type": "Feature",
      "properties": {
        "data_source": "SYNTHETIC - not an official record",
        "state": "Karnataka",
        "district": "Mysuru",
        "taluk": "T. Narasipura",
        "hobli": "Bannur",
        "village": "Bannur",
        "survey_number": "32",
        "khata_number": "0006",
        "landholder_name": "Gowramma Setty (synthetic)",
        "land_type": "Garden (Tota)",
        "soil_type": "Black Cotton",
        "crop": "Paddy",
        "area_acres_guntas": "0A 15G",
        "area_acres_decimal": 0.38
      },
      "geometry": {
        "type": "Polygon",
        "coordinates": [
          [
            [76.761413, 12.334484],
            [76.761794, 12.334484],
            [76.761794, 12.33487],
            [76.761413, 12.33487],
            [76.761413, 12.334484]
          ]
        ]
      }
    },
    {
      "type": "Feature",
      "properties": {
        "data_source": "SYNTHETIC - not an official record",
        "state": "Karnataka",
        "district": "Belagavi",
        "taluk": "Chikodi",
        "hobli": "Chikodi",
        "village": "Kognoli",
        "survey_number": "101",
        "khata_number": "0004",
        "landholder_name": "Lakshmi Gowda (synthetic)",
        "land_type": "Wet (Baagayat)",
        "soil_type": "Red Loamy",
        "crop": "Groundnut",
        "area_acres_guntas": "3A 39G",
        "area_acres_decimal": 3.98
      },
      "geometry": {
        "type": "Polygon",
        "coordinates": [
          [
            [74.924582, 15.794051],
            [74.925636, 15.794051],
            [74.925636, 15.795336],
            [74.924582, 15.795336],
            [74.924582, 15.794051]
          ]
        ]
      }
    },
    {
      "type": "Feature",
      "properties": {
        "data_source": "SYNTHETIC - not an official record",
        "state": "Karnataka",
        "district": "Chamarajanagar",
        "taluk": "Kollegal",
        "hobli": "Kollegal",
        "village": "Ramapura",
        "survey_number": "86/8",
        "khata_number": "0004",
        "landholder_name": "Gowramma Rao (synthetic)",
        "land_type": "Dry (Khushki)",
        "soil_type": "Black Cotton",
        "crop": "Coffee",
        "area_acres_guntas": "1A 38G",
        "area_acres_decimal": 1.95
      },
      "geometry": {
        "type": "Polygon",
        "coordinates": [
          [
            [77.077594, 11.826328],
            [77.078383, 11.826328],
            [77.078383, 11.827147],
            [77.077594, 11.827147],
            [77.077594, 11.826328]
          ]
        ]
      }
    },
    {
      "type": "Feature",
      "properties": {
        "data_source": "SYNTHETIC - not an official record",
        "state": "Karnataka",
        "district": "Shivamogga",
        "taluk": "Sagar",
        "hobli": "Sagar",
        "village": "Anandapuram",
        "survey_number": "20/4",
        "khata_number": "0008",
        "landholder_name": "Lakshmi Naik (synthetic)",
        "land_type": "Wet (Baagayat)",
        "soil_type": "Red Loamy",
        "crop": "Ragi",
        "area_acres_guntas": "3A 6G",
        "area_acres_decimal": 3.15
      },
      "geometry": {
        "type": "Polygon",
        "coordinates": [
          [
            [75.531304, 13.812717],
            [75.53241, 13.812717],
            [75.53241, 13.813599],
            [75.531304, 13.813599],
            [75.531304, 13.812717]
          ]
        ]
      }
    },
    {
      "type": "Feature",
      "properties": {
        "data_source": "SYNTHETIC - not an official record",
        "state": "Karnataka",
        "district": "Hassan",
        "taluk": "Arsikere",
        "hobli": "Arsikere",
        "village": "Banavara",
        "survey_number": "67/9",
        "khata_number": "0002",
        "landholder_name": "Venkatesh Rao (synthetic)",
        "land_type": "Wet (Baagayat)",
        "soil_type": "Red Sandy",
        "crop": "Maize",
        "area_acres_guntas": "3A 16G",
        "area_acres_decimal": 3.4
      },
      "geometry": {
        "type": "Polygon",
        "coordinates": [
          [
            [76.027442, 12.757598],
            [76.028429, 12.757598],
            [76.028429, 12.758579],
            [76.027442, 12.758579],
            [76.027442, 12.757598]
          ]
        ]
      }
    },
    {
      "type": "Feature",
      "properties": {
        "data_source": "SYNTHETIC - not an official record",
        "state": "Karnataka",
        "district": "Shivamogga",
        "taluk": "Thirthahalli",
        "hobli": "Thirthahalli",
        "village": "Agumbe",
        "survey_number": "195/8A",
        "khata_number": "0005",
        "landholder_name": "Rathnamma Achar (synthetic)",
        "land_type": "Garden (Tota)",
        "soil_type": "Laterite",
        "crop": "Sugarcane",
        "area_acres_guntas": "3A 2G",
        "area_acres_decimal": 3.05
      },
      "geometry": {
        "type": "Polygon",
        "coordinates": [
          [
            [75.526983, 13.79204],
            [75.528101, 13.79204],
            [75.528101, 13.79293],
            [75.526983, 13.79293],
            [75.526983, 13.79204]
          ]
        ]
      }
    },
    {
      "type": "Feature",
      "properties": {
        "data_source": "SYNTHETIC - not an official record",
        "state": "Karnataka",
        "district": "Shivamogga",
        "taluk": "Thirthahalli",
        "hobli": "Thirthahalli",
        "village": "Thirthahalli",
        "survey_number": "248/2A",
        "khata_number": "0008",
        "landholder_name": "Sharadamma Setty (synthetic)",
        "land_type": "Wet (Baagayat)",
        "soil_type": "Black Cotton",
        "crop": "Mulberry",
        "area_acres_guntas": "3A 6G",
        "area_acres_decimal": 3.15
      },
      "geometry": {
        "type": "Polygon",
        "coordinates": [
          [
            [75.570302, 14.064654],
            [75.571456, 14.064654],
            [75.571456, 14.065522],
            [75.570302, 14.065522],
            [75.570302, 14.064654]
          ]
        ]
      }
    },
    {
      "type": "Feature",
      "properties": {
        "data_source": "SYNTHETIC - not an official record",
        "state": "Karnataka",
        "district": "Bengaluru Rural",
        "taluk": "Hoskote",
        "hobli": "Hoskote",
        "village": "Nandagudi",
        "survey_number": "80/1A",
        "khata_number": "0008",
        "landholder_name": "Gowramma Naik (synthetic)",
        "land_type": "Dry (Khushki)",
        "soil_type": "Black Cotton",
        "crop": "Cotton",
        "area_acres_guntas": "1A 9G",
        "area_acres_decimal": 1.23
      },
      "geometry": {
        "type": "Polygon",
        "coordinates": [
          [
            [77.586466, 13.143513],
            [77.587051, 13.143513],
            [77.587051, 13.144234],
            [77.586466, 13.144234],
            [77.586466, 13.143513]
          ]
        ]
      }
    },
    {
      "type": "Feature",
      "properties": {
        "data_source": "SYNTHETIC - not an official record",
        "state": "Karnataka",
        "district": "Shivamogga",
        "taluk": "Bhadravati",
        "hobli": "Bhadravati",
        "village": "Bhadravati",
        "survey_number": "240",
        "khata_number": "0004",
        "landholder_name": "Gowramma Naik (synthetic)",
        "land_type": "Wet (Baagayat)",
        "soil_type": "Red Sandy",
        "crop": "Cotton",
        "area_acres_guntas": "3A 12G",
        "area_acres_decimal": 3.3
      },
      "geometry": {
        "type": "Polygon",
        "coordinates": [
          [
            [75.555775, 13.955431],
            [75.556701, 13.955431],
            [75.556701, 13.95643],
            [75.555775, 13.95643],
            [75.555775, 13.955431]
          ]
        ]
      }
    },
    {
      "type": "Feature",
      "properties": {
        "data_source": "SYNTHETIC - not an official record",
        "state": "Karnataka",
        "district": "Belagavi",
        "taluk": "Gokak",
        "hobli": "Gokak",
        "village": "Ankalagi",
        "survey_number": "349",
        "khata_number": "0004",
        "landholder_name": "Rathnamma Gowda (synthetic)",
        "land_type": "Garden (Tota)",
        "soil_type": "Red Loamy",
        "crop": "Maize",
        "area_acres_guntas": "2A 7G",
        "area_acres_decimal": 2.17
      },
      "geometry": {
        "type": "Polygon",
        "coordinates": [
          [
            [74.608504, 16.012674],
            [74.609485, 16.012674],
            [74.609485, 16.013438],
            [74.608504, 16.013438],
            [74.608504, 16.012674]
          ]
        ]
      }
    },
    {
      "type": "Feature",
      "properties": {
        "data_source": "SYNTHETIC - not an official record",
        "state": "Karnataka",
        "district": "Mysuru",
        "taluk": "T. Narasipura",
        "hobli": "Bannur",
        "village": "Suttur",
        "survey_number": "142",
        "khata_number": "0004",
        "landholder_name": "Krishnappa Setty (synthetic)",
        "land_type": "Wet (Baagayat)",
        "soil_type": "Red Sandy",
        "crop": "Mulberry",
        "area_acres_guntas": "1A 33G",
        "area_acres_decimal": 1.82
      },
      "geometry": {
        "type": "Polygon",
        "coordinates": [
          [
            [76.544343, 12.437076],
            [76.545017, 12.437076],
            [76.545017, 12.437858],
            [76.544343, 12.437858],
            [76.544343, 12.437076]
          ]
        ]
      }
    },
    {
      "type": "Feature",
      "properties": {
        "data_source": "SYNTHETIC - not an official record",
        "state": "Karnataka",
        "district": "Chamarajanagar",
        "taluk": "Gundlupet",
        "hobli": "Gundlupet",
        "village": "Gundlupet",
        "survey_number": "220",
        "khata_number": "0005",
        "landholder_name": "Nagaraj Poojary (synthetic)",
        "land_type": "Garden (Tota)",
        "soil_type": "Red Sandy",
        "crop": "Fallow",
        "area_acres_guntas": "2A 33G",
        "area_acres_decimal": 2.83
      },
      "geometry": {
        "type": "Polygon",
        "coordinates": [
          [
            [77.158954, 12.037623],
            [77.160073, 12.037623],
            [77.160073, 12.038657],
            [77.158954, 12.038657],
            [77.158954, 12.037623]
          ]
        ]
      }
    },
    {
      "type": "Feature",
      "properties": {
        "data_source": "SYNTHETIC - not an official record",
        "state": "Karnataka",
        "district": "Bengaluru Rural",
        "taluk": "Doddaballapura",
        "hobli": "Doddaballapura",
        "village": "Madhure",
        "survey_number": "265",
        "khata_number": "0008",
        "landholder_name": "Mahadevaiah Setty (synthetic)",
        "land_type": "Garden (Tota)",
        "soil_type": "Laterite",
        "crop": "Coffee",
        "area_acres_guntas": "0A 36G",
        "area_acres_decimal": 0.9
      },
      "geometry": {
        "type": "Polygon",
        "coordinates": [
          [
            [77.719576, 13.297967],
            [77.720064, 13.297967],
            [77.720064, 13.298483],
            [77.719576, 13.298483],
            [77.719576, 13.297967]
          ]
        ]
      }
    },
    {
      "type": "Feature",
      "properties": {
        "data_source": "SYNTHETIC - not an official record",
        "state": "Karnataka",
        "district": "Belagavi",
        "taluk": "Chikodi",
        "hobli": "Chikodi",
        "village": "Chikodi",
        "survey_number": "212",
        "khata_number": "0002",
        "landholder_name": "Siddappa Gowda (synthetic)",
        "land_type": "Dry (Khushki)",
        "soil_type": "Red Sandy",
        "crop": "Fallow",
        "area_acres_guntas": "1A 27G",
        "area_acres_decimal": 1.68
      },
      "geometry": {
        "type": "Polygon",
        "coordinates": [
          [
            [74.787163, 15.802898],
            [74.787923, 15.802898],
            [74.787923, 15.80361],
            [74.787163, 15.80361],
            [74.787163, 15.802898]
          ]
        ]
      }
    },
    {
      "type": "Feature",
      "properties": {
        "data_source": "SYNTHETIC - not an official record",
        "state": "Karnataka",
        "district": "Hassan",
        "taluk": "Arsikere",
        "hobli": "Arsikere",
        "village": "Arsikere",
        "survey_number": "85/9",
        "khata_number": "0004",
        "landholder_name": "Suresh Achar (synthetic)",
        "land_type": "Garden (Tota)",
        "soil_type": "Laterite",
        "crop": "Paddy",
        "area_acres_guntas": "0A 10G",
        "area_acres_decimal": 0.25
      },
      "geometry": {
        "type": "Polygon",
        "coordinates": [
          [
            [76.316328, 13.063977],
            [76.316582, 13.063977],
            [76.316582, 13.064291],
            [76.316328, 13.064291],
            [76.316328, 13.063977]
          ]
        ]
      }
    },
    {
      "type": "Feature",
      "properties": {
        "data_source": "SYNTHETIC - not an official record",
        "state": "Karnataka",
        "district": "Shivamogga",
        "taluk": "Sagar",
        "hobli": "Sagar",
        "village": "Sagar",
        "survey_number": "315/4B",
        "khata_number": "0004",
        "landholder_name": "Mahadevaiah Rao (synthetic)",
        "land_type": "Dry (Khushki)",
        "soil_type": "Red Loamy",
        "crop": "Ragi",
        "area_acres_guntas": "0A 5G",
        "area_acres_decimal": 0.12
      },
      "geometry": {
        "type": "Polygon",
        "coordinates": [
          [
            [75.510006, 13.744937],
            [75.510189, 13.744937],
            [75.510189, 13.745112],
            [75.510006, 13.745112],
            [75.510006, 13.744937]
          ]
        ]
      }
    },
    {
      "type": "Feature",
      "properties": {
        "data_source": "SYNTHETIC - not an official record",
        "state": "Karnataka",
        "district": "Hassan",
        "taluk": "Sakleshpur",
        "hobli": "Sakleshpur",
        "village": "Yeslur",
        "survey_number": "80/9A",
        "khata_number": "0001",
        "landholder_name": "Siddappa Naik (synthetic)",
        "land_type": "Wet (Baagayat)",
        "soil_type": "Laterite",
        "crop": "Mulberry",
        "area_acres_guntas": "2A 32G",
        "area_acres_decimal": 2.8
      },
      "geometry": {
        "type": "Polygon",
        "coordinates": [
          [
            [76.029243, 12.989253],
            [76.030267, 12.989253],
            [76.030267, 12.990212],
            [76.029243, 12.990212],
            [76.029243, 12.989253]
          ]
        ]
      }
    },
    {
      "type": "Feature",
      "properties": {
        "data_source": "SYNTHETIC - not an official record",
        "state": "Karnataka",
        "district": "Bengaluru Rural",
        "taluk": "Doddaballapura",
        "hobli": "Doddaballapura",
        "village": "Kasaba",
        "survey_number": "350",
        "khata_number": "0001",
        "landholder_name": "Puttaswamy Reddy (synthetic)",
        "land_type": "Wet (Baagayat)",
        "soil_type": "Laterite",
        "crop": "Paddy",
        "area_acres_guntas": "0A 19G",
        "area_acres_decimal": 0.47
      },
      "geometry": {
        "type": "Polygon",
        "coordinates": [
          [
            [77.780516, 13.405022],
            [77.780876, 13.405022],
            [77.780876, 13.405389],
            [77.780516, 13.405389],
            [77.780516, 13.405022]
          ]
        ]
      }
    },
    {
      "type": "Feature",
      "properties": {
        "data_source": "SYNTHETIC - not an official record",
        "state": "Karnataka",
        "district": "Chamarajanagar",
        "taluk": "Chamarajanagar",
        "hobli": "Chamarajanagar",
        "village": "Yelandur",
        "survey_number": "247/4A",
        "khata_number": "0008",
        "landholder_name": "Nagaraj Achar (synthetic)",
        "land_type": "Wet (Baagayat)",
        "soil_type": "Black Cotton",
        "crop": "Areca Nut",
        "area_acres_guntas": "1A 30G",
        "area_acres_decimal": 1.75
      },
      "geometry": {
        "type": "Polygon",
        "coordinates": [
          [
            [76.880292, 11.950702],
            [76.880986, 11.950702],
            [76.880986, 11.951441],
            [76.880292, 11.951441],
            [76.880292, 11.950702]
          ]
        ]
      }
    },
    {
      "type": "Feature",
      "properties": {
        "data_source": "SYNTHETIC - not an official record",
        "state": "Karnataka",
        "district": "Bengaluru Rural",
        "taluk": "Devanahalli",
        "hobli": "Devanahalli",
        "village": "Vishwanathapura",
        "survey_number": "249/9",
        "khata_number": "0005",
        "landholder_name": "Mahadevaiah Setty (synthetic)",
        "land_type": "Dry (Khushki)",
        "soil_type": "Black Cotton",
        "crop": "Cotton",
        "area_acres_guntas": "0A 11G",
        "area_acres_decimal": 0.28
      },
      "geometry": {
        "type": "Polygon",
        "coordinates": [
          [
            [77.399255, 13.328739],
            [77.399524, 13.328739],
            [77.399524, 13.329024],
            [77.399255, 13.329024],
            [77.399255, 13.328739]
          ]
        ]
      }
    },
    {
      "type": "Feature",
      "properties": {
        "data_source": "SYNTHETIC - not an official record",
        "state": "Karnataka",
        "district": "Chamarajanagar",
        "taluk": "Gundlupet",
        "hobli": "Gundlupet",
        "village": "Terakanambi",
        "survey_number": "79/5B",
        "khata_number": "0006",
        "landholder_name": "Ramesh Setty (synthetic)",
        "land_type": "Dry (Khushki)",
        "soil_type": "Red Sandy",
        "crop": "Paddy",
        "area_acres_guntas": "0A 25G",
        "area_acres_decimal": 0.62
      },
      "geometry": {
        "type": "Polygon",
        "coordinates": [
          [
            [76.992277, 12.159157],
            [76.992788, 12.159157],
            [76.992788, 12.159613],
            [76.992277, 12.159613],
            [76.992277, 12.159157]
          ]
        ]
      }
    },
    {
      "type": "Feature",
      "properties": {
        "data_source": "SYNTHETIC - not an official record",
        "state": "Karnataka",
        "district": "Tumakuru",
        "taluk": "Sira",
        "hobli": "Sira",
        "village": "Bukkapatna",
        "survey_number": "92",
        "khata_number": "0007",
        "landholder_name": "Rathnamma Gowda (synthetic)",
        "land_type": "Garden (Tota)",
        "soil_type": "Black Cotton",
        "crop": "Groundnut",
        "area_acres_guntas": "0A 4G",
        "area_acres_decimal": 0.1
      },
      "geometry": {
        "type": "Polygon",
        "coordinates": [
          [
            [77.337103, 13.105257],
            [77.337263, 13.105257],
            [77.337263, 13.105448],
            [77.337103, 13.105448],
            [77.337103, 13.105257]
          ]
        ]
      }
    },
    {
      "type": "Feature",
      "properties": {
        "data_source": "SYNTHETIC - not an official record",
        "state": "Karnataka",
        "district": "Mysuru",
        "taluk": "Mysuru",
        "hobli": "Kasaba",
        "village": "Ilavala",
        "survey_number": "139",
        "khata_number": "0002",
        "landholder_name": "Gowramma Gowda (synthetic)",
        "land_type": "Garden (Tota)",
        "soil_type": "Red Sandy",
        "crop": "Maize",
        "area_acres_guntas": "1A 13G",
        "area_acres_decimal": 1.32
      },
      "geometry": {
        "type": "Polygon",
        "coordinates": [
          [
            [76.804725, 12.473133],
            [76.805462, 12.473133],
            [76.805462, 12.473731],
            [76.804725, 12.473731],
            [76.804725, 12.473133]
          ]
        ]
      }
    },
    {
      "type": "Feature",
      "properties": {
        "data_source": "SYNTHETIC - not an official record",
        "state": "Karnataka",
        "district": "Kodagu",
        "taluk": "Somwarpet",
        "hobli": "Somwarpet",
        "village": "Suntikoppa",
        "survey_number": "50",
        "khata_number": "0005",
        "landholder_name": "Basavaraj Setty (synthetic)",
        "land_type": "Garden (Tota)",
        "soil_type": "Black Cotton",
        "crop": "Cotton",
        "area_acres_guntas": "2A 29G",
        "area_acres_decimal": 2.73
      },
      "geometry": {
        "type": "Polygon",
        "coordinates": [
          [
            [75.806572, 12.536576],
            [75.807435, 12.536576],
            [75.807435, 12.537555],
            [75.806572, 12.537555],
            [75.806572, 12.536576]
          ]
        ]
      }
    },
    {
      "type": "Feature",
      "properties": {
        "data_source": "SYNTHETIC - not an official record",
        "state": "Karnataka",
        "district": "Chamarajanagar",
        "taluk": "Gundlupet",
        "hobli": "Gundlupet",
        "village": "Terakanambi",
        "survey_number": "139/8A",
        "khata_number": "0007",
        "landholder_name": "Shivakumar Shetty (synthetic)",
        "land_type": "Wet (Baagayat)",
        "soil_type": "Black Cotton",
        "crop": "Coffee",
        "area_acres_guntas": "0A 19G",
        "area_acres_decimal": 0.47
      },
      "geometry": {
        "type": "Polygon",
        "coordinates": [
          [
            [77.185059, 11.992376],
            [77.185422, 11.992376],
            [77.185422, 11.992772],
            [77.185059, 11.992772],
            [77.185059, 11.992376]
          ]
        ]
      }
    },
    {
      "type": "Feature",
      "properties": {
        "data_source": "SYNTHETIC - not an official record",
        "state": "Karnataka",
        "district": "Tumakuru",
        "taluk": "Madhugiri",
        "hobli": "Madhugiri",
        "village": "Koratagere",
        "survey_number": "251/7",
        "khata_number": "0003",
        "landholder_name": "Ramesh Reddy (synthetic)",
        "land_type": "Dry (Khushki)",
        "soil_type": "Laterite",
        "crop": "Ragi",
        "area_acres_guntas": "1A 33G",
        "area_acres_decimal": 1.82
      },
      "geometry": {
        "type": "Polygon",
        "coordinates": [
          [
            [76.931333, 13.219105],
            [76.932215, 13.219105],
            [76.932215, 13.21978],
            [76.931333, 13.21978],
            [76.931333, 13.219105]
          ]
        ]
      }
    },
    {
      "type": "Feature",
      "properties": {
        "data_source": "SYNTHETIC - not an official record",
        "state": "Karnataka",
        "district": "Shivamogga",
        "taluk": "Sagar",
        "hobli": "Sagar",
        "village": "Anandapuram",
        "survey_number": "106",
        "khata_number": "0009",
        "landholder_name": "Rathnamma Achar (synthetic)",
        "land_type": "Garden (Tota)",
        "soil_type": "Red Sandy",
        "crop": "Coffee",
        "area_acres_guntas": "2A 3G",
        "area_acres_decimal": 2.08
      },
      "geometry": {
        "type": "Polygon",
        "coordinates": [
          [
            [75.74285, 14.162296],
            [75.743704, 14.162296],
            [75.743704, 14.163026],
            [75.74285, 14.163026],
            [75.74285, 14.162296]
          ]
        ]
      }
    },
    {
      "type": "Feature",
      "properties": {
        "data_source": "SYNTHETIC - not an official record",
        "state": "Karnataka",
        "district": "Mysuru",
        "taluk": "Hunsur",
        "hobli": "Hunsur",
        "village": "Kadakola",
        "survey_number": "139/2B",
        "khata_number": "0007",
        "landholder_name": "Lakshmi Naik (synthetic)",
        "land_type": "Dry (Khushki)",
        "soil_type": "Black Cotton",
        "crop": "Coconut",
        "area_acres_guntas": "0A 32G",
        "area_acres_decimal": 0.8
      },
      "geometry": {
        "type": "Polygon",
        "coordinates": [
          [
            [76.853792, 12.151554],
            [76.854326, 12.151554],
            [76.854326, 12.152],
            [76.853792, 12.152],
            [76.853792, 12.151554]
          ]
        ]
      }
    },
    {
      "type": "Feature",
      "properties": {
        "data_source": "SYNTHETIC - not an official record",
        "state": "Karnataka",
        "district": "Tumakuru",
        "taluk": "Pavagada",
        "hobli": "Pavagada",
        "village": "Pavagada",
        "survey_number": "169",
        "khata_number": "0006",
        "landholder_name": "Chandrashekar Rao (synthetic)",
        "land_type": "Wet (Baagayat)",
        "soil_type": "Laterite",
        "crop": "Maize",
        "area_acres_guntas": "3A 22G",
        "area_acres_decimal": 3.55
      },
      "geometry": {
        "type": "Polygon",
        "coordinates": [
          [
            [77.068475, 13.239006],
            [77.06956, 13.239006],
            [77.06956, 13.240173],
            [77.068475, 13.240173],
            [77.068475, 13.239006]
          ]
        ]
      }
    },
    {
      "type": "Feature",
      "properties": {
        "data_source": "SYNTHETIC - not an official record",
        "state": "Karnataka",
        "district": "Shivamogga",
        "taluk": "Sagar",
        "hobli": "Sagar",
        "village": "Anandapuram",
        "survey_number": "282",
        "khata_number": "0010",
        "landholder_name": "Basavaraj Achar (synthetic)",
        "land_type": "Dry (Khushki)",
        "soil_type": "Red Sandy",
        "crop": "Sugarcane",
        "area_acres_guntas": "3A 11G",
        "area_acres_decimal": 3.27
      },
      "geometry": {
        "type": "Polygon",
        "coordinates": [
          [
            [75.743533, 14.164042],
            [75.744517, 14.164042],
            [75.744517, 14.165113],
            [75.743533, 14.165113],
            [75.743533, 14.164042]
          ]
        ]
      }
    },
    {
      "type": "Feature",
      "properties": {
        "data_source": "SYNTHETIC - not an official record",
        "state": "Karnataka",
        "district": "Chamarajanagar",
        "taluk": "Gundlupet",
        "hobli": "Gundlupet",
        "village": "Terakanambi",
        "survey_number": "224/1A",
        "khata_number": "0008",
        "landholder_name": "Suresh Shetty (synthetic)",
        "land_type": "Garden (Tota)",
        "soil_type": "Red Sandy",
        "crop": "Fallow",
        "area_acres_guntas": "0A 20G",
        "area_acres_decimal": 0.5
      },
      "geometry": {
        "type": "Polygon",
        "coordinates": [
          [
            [77.040864, 11.81597],
            [77.041291, 11.81597],
            [77.041291, 11.816382],
            [77.040864, 11.816382],
            [77.040864, 11.81597]
          ]
        ]
      }
    },
    {
      "type": "Feature",
      "properties": {
        "data_source": "SYNTHETIC - not an official record",
        "state": "Karnataka",
        "district": "Tumakuru",
        "taluk": "Madhugiri",
        "hobli": "Madhugiri",
        "village": "Dobbaspet",
        "survey_number": "5/3",
        "khata_number": "0003",
        "landholder_name": "Ramesh Shetty (synthetic)",
        "land_type": "Dry (Khushki)",
        "soil_type": "Red Loamy",
        "crop": "Paddy",
        "area_acres_guntas": "2A 13G",
        "area_acres_decimal": 2.33
      },
      "geometry": {
        "type": "Polygon",
        "coordinates": [
          [
            [76.914032, 13.449427],
            [76.914917, 13.449427],
            [76.914917, 13.450225],
            [76.914032, 13.450225],
            [76.914032, 13.449427]
          ]
        ]
      }
    },
    {
      "type": "Feature",
      "properties": {
        "data_source": "SYNTHETIC - not an official record",
        "state": "Karnataka",
        "district": "Mandya",
        "taluk": "Srirangapatna",
        "hobli": "Srirangapatna",
        "village": "Ganjam",
        "survey_number": "101/3",
        "khata_number": "0007",
        "landholder_name": "Venkatesh Reddy (synthetic)",
        "land_type": "Dry (Khushki)",
        "soil_type": "Red Loamy",
        "crop": "Groundnut",
        "area_acres_guntas": "2A 2G",
        "area_acres_decimal": 2.05
      },
      "geometry": {
        "type": "Polygon",
        "coordinates": [
          [
            [76.823994, 12.404126],
            [76.824905, 12.404126],
            [76.824905, 12.404878],
            [76.823994, 12.404878],
            [76.823994, 12.404126]
          ]
        ]
      }
    },
    {
      "type": "Feature",
      "properties": {
        "data_source": "SYNTHETIC - not an official record",
        "state": "Karnataka",
        "district": "Mandya",
        "taluk": "Malavalli",
        "hobli": "Malavalli",
        "village": "Basaralu",
        "survey_number": "342",
        "khata_number": "0011",
        "landholder_name": "Siddappa Achar (synthetic)",
        "land_type": "Garden (Tota)",
        "soil_type": "Laterite",
        "crop": "Coffee",
        "area_acres_guntas": "0A 22G",
        "area_acres_decimal": 0.55
      },
      "geometry": {
        "type": "Polygon",
        "coordinates": [
          [
            [77.129097, 12.389539],
            [77.129512, 12.389539],
            [77.129512, 12.389926],
            [77.129097, 12.389926],
            [77.129097, 12.389539]
          ]
        ]
      }
    },
    {
      "type": "Feature",
      "properties": {
        "data_source": "SYNTHETIC - not an official record",
        "state": "Karnataka",
        "district": "Chamarajanagar",
        "taluk": "Gundlupet",
        "hobli": "Gundlupet",
        "village": "Terakanambi",
        "survey_number": "99/1A",
        "khata_number": "0009",
        "landholder_name": "Siddappa Setty (synthetic)",
        "land_type": "Garden (Tota)",
        "soil_type": "Red Loamy",
        "crop": "Coffee",
        "area_acres_guntas": "3A 17G",
        "area_acres_decimal": 3.42
      },
      "geometry": {
        "type": "Polygon",
        "coordinates": [
          [
            [76.984609, 12.144749],
            [76.985602, 12.144749],
            [76.985602, 12.145874],
            [76.984609, 12.145874],
            [76.984609, 12.144749]
          ]
        ]
      }
    },
    {
      "type": "Feature",
      "properties": {
        "data_source": "SYNTHETIC - not an official record",
        "state": "Karnataka",
        "district": "Kodagu",
        "taluk": "Virajpet",
        "hobli": "Virajpet",
        "village": "Ponnampet",
        "survey_number": "165/4A",
        "khata_number": "0003",
        "landholder_name": "Gowramma Achar (synthetic)",
        "land_type": "Wet (Baagayat)",
        "soil_type": "Laterite",
        "crop": "Ragi",
        "area_acres_guntas": "2A 35G",
        "area_acres_decimal": 2.88
      },
      "geometry": {
        "type": "Polygon",
        "coordinates": [
          [
            [75.569652, 12.27687],
            [75.570584, 12.27687],
            [75.570584, 12.277828],
            [75.569652, 12.277828],
            [75.569652, 12.27687]
          ]
        ]
      }
    },
    {
      "type": "Feature",
      "properties": {
        "data_source": "SYNTHETIC - not an official record",
        "state": "Karnataka",
        "district": "Hassan",
        "taluk": "Sakleshpur",
        "hobli": "Sakleshpur",
        "village": "Heggadde",
        "survey_number": "120/1",
        "khata_number": "0005",
        "landholder_name": "Ramesh Poojary (synthetic)",
        "land_type": "Wet (Baagayat)",
        "soil_type": "Red Loamy",
        "crop": "Coconut",
        "area_acres_guntas": "1A 13G",
        "area_acres_decimal": 1.32
      },
      "geometry": {
        "type": "Polygon",
        "coordinates": [
          [
            [75.939868, 12.982995],
            [75.940621, 12.982995],
            [75.940621, 12.983632],
            [75.939868, 12.983632],
            [75.939868, 12.982995]
          ]
        ]
      }
    },
    {
      "type": "Feature",
      "properties": {
        "data_source": "SYNTHETIC - not an official record",
        "state": "Karnataka",
        "district": "Mysuru",
        "taluk": "Mysuru",
        "hobli": "Kasaba",
        "village": "Ilavala",
        "survey_number": "82/3",
        "khata_number": "0003",
        "landholder_name": "Shivakumar Rao (synthetic)",
        "land_type": "Wet (Baagayat)",
        "soil_type": "Black Cotton",
        "crop": "Areca Nut",
        "area_acres_guntas": "1A 30G",
        "area_acres_decimal": 1.75
      },
      "geometry": {
        "type": "Polygon",
        "coordinates": [
          [
            [76.634178, 12.523869],
            [76.634904, 12.523869],
            [76.634904, 12.524637],
            [76.634178, 12.524637],
            [76.634178, 12.523869]
          ]
        ]
      }
    },
    {
      "type": "Feature",
      "properties": {
        "data_source": "SYNTHETIC - not an official record",
        "state": "Karnataka",
        "district": "Shivamogga",
        "taluk": "Bhadravati",
        "hobli": "Bhadravati",
        "village": "Bhadravati",
        "survey_number": "225",
        "khata_number": "0005",
        "landholder_name": "Lakshmi Poojary (synthetic)",
        "land_type": "Wet (Baagayat)",
        "soil_type": "Laterite",
        "crop": "Ragi",
        "area_acres_guntas": "2A 2G",
        "area_acres_decimal": 2.05
      },
      "geometry": {
        "type": "Polygon",
        "coordinates": [
          [
            [75.354215, 14.135042],
            [75.355006, 14.135042],
            [75.355006, 14.135838],
            [75.354215, 14.135838],
            [75.354215, 14.135042]
          ]
        ]
      }
    },
    {
      "type": "Feature",
      "properties": {
        "data_source": "SYNTHETIC - not an official record",
        "state": "Karnataka",
        "district": "Mandya",
        "taluk": "Maddur",
        "hobli": "Maddur",
        "village": "Belagola",
        "survey_number": "35/5",
        "khata_number": "0006",
        "landholder_name": "Rathnamma Setty (synthetic)",
        "land_type": "Dry (Khushki)",
        "soil_type": "Red Loamy",
        "crop": "Coconut",
        "area_acres_guntas": "3A 8G",
        "area_acres_decimal": 3.2
      },
      "geometry": {
        "type": "Polygon",
        "coordinates": [
          [
            [76.934557, 12.620354],
            [76.935728, 12.620354],
            [76.935728, 12.621392],
            [76.934557, 12.621392],
            [76.934557, 12.620354]
          ]
        ]
      }
    },
    {
      "type": "Feature",
      "properties": {
        "data_source": "SYNTHETIC - not an official record",
        "state": "Karnataka",
        "district": "Kodagu",
        "taluk": "Virajpet",
        "hobli": "Virajpet",
        "village": "Gonikoppal",
        "survey_number": "252/7",
        "khata_number": "0004",
        "landholder_name": "Shivakumar Shetty (synthetic)",
        "land_type": "Dry (Khushki)",
        "soil_type": "Black Cotton",
        "crop": "Fallow",
        "area_acres_guntas": "3A 8G",
        "area_acres_decimal": 3.2
      },
      "geometry": {
        "type": "Polygon",
        "coordinates": [
          [
            [75.797456, 12.31402],
            [75.798578, 12.31402],
            [75.798578, 12.315043],
            [75.797456, 12.315043],
            [75.797456, 12.31402]
          ]
        ]
      }
    },
    {
      "type": "Feature",
      "properties": {
        "data_source": "SYNTHETIC - not an official record",
        "state": "Karnataka",
        "district": "Tumakuru",
        "taluk": "Sira",
        "hobli": "Sira",
        "village": "Bukkapatna",
        "survey_number": "13",
        "khata_number": "0008",
        "landholder_name": "Nagaraj Shetty (synthetic)",
        "land_type": "Wet (Baagayat)",
        "soil_type": "Red Loamy",
        "crop": "Maize",
        "area_acres_guntas": "3A 19G",
        "area_acres_decimal": 3.48
      },
      "geometry": {
        "type": "Polygon",
        "coordinates": [
          [
            [77.297389, 13.353051],
            [77.29842, 13.353051],
            [77.29842, 13.354231],
            [77.297389, 13.354231],
            [77.297389, 13.353051]
          ]
        ]
      }
    },
    {
      "type": "Feature",
      "properties": {
        "data_source": "SYNTHETIC - not an official record",
        "state": "Karnataka",
        "district": "Belagavi",
        "taluk": "Chikodi",
        "hobli": "Chikodi",
        "village": "Chikodi",
        "survey_number": "55",
        "khata_number": "0003",
        "landholder_name": "Sharadamma Shetty (synthetic)",
        "land_type": "Garden (Tota)",
        "soil_type": "Red Loamy",
        "crop": "Groundnut",
        "area_acres_guntas": "3A 6G",
        "area_acres_decimal": 3.15
      },
      "geometry": {
        "type": "Polygon",
        "coordinates": [
          [
            [75.003144, 16.060469],
            [75.004299, 16.060469],
            [75.004299, 16.061478],
            [75.003144, 16.061478],
            [75.003144, 16.060469]
          ]
        ]
      }
    },
    {
      "type": "Feature",
      "properties": {
        "data_source": "SYNTHETIC - not an official record",
        "state": "Karnataka",
        "district": "Shivamogga",
        "taluk": "Sagar",
        "hobli": "Sagar",
        "village": "Sagar",
        "survey_number": "206/2",
        "khata_number": "0005",
        "landholder_name": "Gowramma Setty (synthetic)",
        "land_type": "Dry (Khushki)",
        "soil_type": "Red Loamy",
        "crop": "Fallow",
        "area_acres_guntas": "3A 0G",
        "area_acres_decimal": 3.0
      },
      "geometry": {
        "type": "Polygon",
        "coordinates": [
          [
            [75.770196, 14.106453],
            [75.77118, 14.106453],
            [75.77118, 14.107527],
            [75.770196, 14.107527],
            [75.770196, 14.106453]
          ]
        ]
      }
    },
    {
      "type": "Feature",
      "properties": {
        "data_source": "SYNTHETIC - not an official record",
        "state": "Karnataka",
        "district": "Kodagu",
        "taluk": "Virajpet",
        "hobli": "Virajpet",
        "village": "Gonikoppal",
        "survey_number": "101",
        "khata_number": "0005",
        "landholder_name": "Suresh Setty (synthetic)",
        "land_type": "Wet (Baagayat)",
        "soil_type": "Red Sandy",
        "crop": "Groundnut",
        "area_acres_guntas": "2A 19G",
        "area_acres_decimal": 2.48
      },
      "geometry": {
        "type": "Polygon",
        "coordinates": [
          [
            [75.859729, 12.57992],
            [75.860774, 12.57992],
            [75.860774, 12.580912],
            [75.859729, 12.580912],
            [75.859729, 12.57992]
          ]
        ]
      }
    },
    {
      "type": "Feature",
      "properties": {
        "data_source": "SYNTHETIC - not an official record",
        "state": "Karnataka",
        "district": "Mysuru",
        "taluk": "T. Narasipura",
        "hobli": "Bannur",
        "village": "Suttur",
        "survey_number": "215/5",
        "khata_number": "0005",
        "landholder_name": "Manjunath Setty (synthetic)",
        "land_type": "Dry (Khushki)",
        "soil_type": "Red Loamy",
        "crop": "Fallow",
        "area_acres_guntas": "0A 32G",
        "area_acres_decimal": 0.8
      },
      "geometry": {
        "type": "Polygon",
        "coordinates": [
          [
            [76.639641, 12.439156],
            [76.640235, 12.439156],
            [76.640235, 12.439686],
            [76.639641, 12.439686],
            [76.639641, 12.439156]
          ]
        ]
      }
    },
    {
      "type": "Feature",
      "properties": {
        "data_source": "SYNTHETIC - not an official record",
        "state": "Karnataka",
        "district": "Mandya",
        "taluk": "Malavalli",
        "hobli": "Malavalli",
        "village": "Keragodu",
        "survey_number": "274",
        "khata_number": "0005",
        "landholder_name": "Rathnamma Rao (synthetic)",
        "land_type": "Garden (Tota)",
        "soil_type": "Red Sandy",
        "crop": "Areca Nut",
        "area_acres_guntas": "1A 23G",
        "area_acres_decimal": 1.57
      },
      "geometry": {
        "type": "Polygon",
        "coordinates": [
          [
            [76.90684, 12.701919],
            [76.907533, 12.701919],
            [76.907533, 12.702631],
            [76.90684, 12.702631],
            [76.90684, 12.701919]
          ]
        ]
      }
    },
    {
      "type": "Feature",
      "properties": {
        "data_source": "SYNTHETIC - not an official record",
        "state": "Karnataka",
        "district": "Kodagu",
        "taluk": "Madikeri",
        "hobli": "Madikeri",
        "village": "Kutta",
        "survey_number": "164",
        "khata_number": "0004",
        "landholder_name": "Siddappa Gowda (synthetic)",
        "land_type": "Dry (Khushki)",
        "soil_type": "Red Loamy",
        "crop": "Areca Nut",
        "area_acres_guntas": "1A 0G",
        "area_acres_decimal": 1.0
      },
      "geometry": {
        "type": "Polygon",
        "coordinates": [
          [
            [75.698259, 12.44741],
            [75.698799, 12.44741],
            [75.698799, 12.448036],
            [75.698259, 12.448036],
            [75.698259, 12.44741]
          ]
        ]
      }
    },
    {
      "type": "Feature",
      "properties": {
        "data_source": "SYNTHETIC - not an official record",
        "state": "Karnataka",
        "district": "Bengaluru Rural",
        "taluk": "Devanahalli",
        "hobli": "Devanahalli",
        "village": "Sadahalli",
        "survey_number": "143/3A",
        "khata_number": "0001",
        "landholder_name": "Lakshmi Reddy (synthetic)",
        "land_type": "Dry (Khushki)",
        "soil_type": "Black Cotton",
        "crop": "Sugarcane",
        "area_acres_guntas": "2A 9G",
        "area_acres_decimal": 2.23
      },
      "geometry": {
        "type": "Polygon",
        "coordinates": [
          [
            [77.69809, 13.39017],
            [77.698838, 13.39017],
            [77.698838, 13.390988],
            [77.69809, 13.390988],
            [77.69809, 13.39017]
          ]
        ]
      }
    },
    {
      "type": "Feature",
      "properties": {
        "data_source": "SYNTHETIC - not an official record",
        "state": "Karnataka",
        "district": "Shivamogga",
        "taluk": "Bhadravati",
        "hobli": "Bhadravati",
        "village": "Tarikere Road",
        "survey_number": "278",
        "khata_number": "0008",
        "landholder_name": "Venkatesh Rao (synthetic)",
        "land_type": "Wet (Baagayat)",
        "soil_type": "Laterite",
        "crop": "Cotton",
        "area_acres_guntas": "1A 17G",
        "area_acres_decimal": 1.43
      },
      "geometry": {
        "type": "Polygon",
        "coordinates": [
          [
            [75.530601, 13.728767],
            [75.531269, 13.728767],
            [75.531269, 13.729469],
            [75.530601, 13.729469],
            [75.530601, 13.728767]
          ]
        ]
      }
    },
    {
      "type": "Feature",
      "properties": {
        "data_source": "SYNTHETIC - not an official record",
        "state": "Karnataka",
        "district": "Tumakuru",
        "taluk": "Madhugiri",
        "hobli": "Madhugiri",
        "village": "Koratagere",
        "survey_number": "344/9",
        "khata_number": "0004",
        "landholder_name": "Krishnappa Achar (synthetic)",
        "land_type": "Garden (Tota)",
        "soil_type": "Red Loamy",
        "crop": "Ragi",
        "area_acres_guntas": "3A 14G",
        "area_acres_decimal": 3.35
      },
      "geometry": {
        "type": "Polygon",
        "coordinates": [
          [
            [77.089698, 13.381638],
            [77.090676, 13.381638],
            [77.090676, 13.38264],
            [77.089698, 13.38264],
            [77.089698, 13.381638]
          ]
        ]
      }
    },
    {
      "type": "Feature",
      "properties": {
        "data_source": "SYNTHETIC - not an official record",
        "state": "Karnataka",
        "district": "Belagavi",
        "taluk": "Athani",
        "hobli": "Athani",
        "village": "Athani",
        "survey_number": "130",
        "khata_number": "0006",
        "landholder_name": "Manjunath Poojary (synthetic)",
        "land_type": "Wet (Baagayat)",
        "soil_type": "Laterite",
        "crop": "Coconut",
        "area_acres_guntas": "2A 13G",
        "area_acres_decimal": 2.33
      },
      "geometry": {
        "type": "Polygon",
        "coordinates": [
          [
            [74.934022, 15.901683],
            [74.935064, 15.901683],
            [74.935064, 15.902533],
            [74.934022, 15.902533],
            [74.934022, 15.901683]
          ]
        ]
      }
    },
    {
      "type": "Feature",
      "properties": {
        "data_source": "SYNTHETIC - not an official record",
        "state": "Karnataka",
        "district": "Shivamogga",
        "taluk": "Sagar",
        "hobli": "Sagar",
        "village": "Ikkeri",
        "survey_number": "200/7",
        "khata_number": "0004",
        "landholder_name": "Rathnamma Setty (synthetic)",
        "land_type": "Garden (Tota)",
        "soil_type": "Black Cotton",
        "crop": "Mulberry",
        "area_acres_guntas": "0A 17G",
        "area_acres_decimal": 0.42
      },
      "geometry": {
        "type": "Polygon",
        "coordinates": [
          [
            [75.593771, 13.975532],
            [75.594129, 13.975532],
            [75.594129, 13.975848],
            [75.593771, 13.975848],
            [75.593771, 13.975532]
          ]
        ]
      }
    },
    {
      "type": "Feature",
      "properties": {
        "data_source": "SYNTHETIC - not an official record",
        "state": "Karnataka",
        "district": "Belagavi",
        "taluk": "Athani",
        "hobli": "Athani",
        "village": "Kagwad",
        "survey_number": "80",
        "khata_number": "0006",
        "landholder_name": "Krishnappa Gowda (synthetic)",
        "land_type": "Wet (Baagayat)",
        "soil_type": "Red Loamy",
        "crop": "Groundnut",
        "area_acres_guntas": "3A 38G",
        "area_acres_decimal": 3.95
      },
      "geometry": {
        "type": "Polygon",
        "coordinates": [
          [
            [74.721831, 16.031694],
            [74.722958, 16.031694],
            [74.722958, 16.03291],
            [74.721831, 16.03291],
            [74.721831, 16.031694]
          ]
        ]
      }
    },
    {
      "type": "Feature",
      "properties": {
        "data_source": "SYNTHETIC - not an official record",
        "state": "Karnataka",
        "district": "Tumakuru",
        "taluk": "Sira",
        "hobli": "Sira",
        "village": "Hagalavadi",
        "survey_number": "264/1A",
        "khata_number": "0005",
        "landholder_name": "Siddappa Achar (synthetic)",
        "land_type": "Dry (Khushki)",
        "soil_type": "Red Loamy",
        "crop": "Ragi",
        "area_acres_guntas": "0A 10G",
        "area_acres_decimal": 0.25
      },
      "geometry": {
        "type": "Polygon",
        "coordinates": [
          [
            [77.123078, 13.307319],
            [77.123373, 13.307319],
            [77.123373, 13.307569],
            [77.123078, 13.307569],
            [77.123078, 13.307319]
          ]
        ]
      }
    },
    {
      "type": "Feature",
      "properties": {
        "data_source": "SYNTHETIC - not an official record",
        "state": "Karnataka",
        "district": "Kodagu",
        "taluk": "Somwarpet",
        "hobli": "Somwarpet",
        "village": "Somwarpet",
        "survey_number": "249",
        "khata_number": "0006",
        "landholder_name": "Mahadevaiah Naik (synthetic)",
        "land_type": "Garden (Tota)",
        "soil_type": "Red Loamy",
        "crop": "Mulberry",
        "area_acres_guntas": "1A 19G",
        "area_acres_decimal": 1.48
      },
      "geometry": {
        "type": "Polygon",
        "coordinates": [
          [
            [75.986329, 12.349449],
            [75.986998, 12.349449],
            [75.986998, 12.350194],
            [75.986329, 12.350194],
            [75.986329, 12.349449]
          ]
        ]
      }
    },
    {
      "type": "Feature",
      "properties": {
        "data_source": "SYNTHETIC - not an official record",
        "state": "Karnataka",
        "district": "Chamarajanagar",
        "taluk": "Kollegal",
        "hobli": "Kollegal",
        "village": "Hanur",
        "survey_number": "8/6A",
        "khata_number": "0005",
        "landholder_name": "Gowramma Setty (synthetic)",
        "land_type": "Dry (Khushki)",
        "soil_type": "Red Loamy",
        "crop": "Ragi",
        "area_acres_guntas": "3A 14G",
        "area_acres_decimal": 3.35
      },
      "geometry": {
        "type": "Polygon",
        "coordinates": [
          [
            [77.174342, 11.959774],
            [77.175273, 11.959774],
            [77.175273, 11.960785],
            [77.174342, 11.960785],
            [77.174342, 11.959774]
          ]
        ]
      }
    },
    {
      "type": "Feature",
      "properties": {
        "data_source": "SYNTHETIC - not an official record",
        "state": "Karnataka",
        "district": "Mandya",
        "taluk": "Srirangapatna",
        "hobli": "Srirangapatna",
        "village": "Pandavapura Road",
        "survey_number": "341",
        "khata_number": "0007",
        "landholder_name": "Basavaraj Setty (synthetic)",
        "land_type": "Garden (Tota)",
        "soil_type": "Red Loamy",
        "crop": "Areca Nut",
        "area_acres_guntas": "1A 36G",
        "area_acres_decimal": 1.9
      },
      "geometry": {
        "type": "Polygon",
        "coordinates": [
          [
            [76.81512, 12.356614],
            [76.815964, 12.356614],
            [76.815964, 12.35748],
            [76.81512, 12.35748],
            [76.81512, 12.356614]
          ]
        ]
      }
    },
    {
      "type": "Feature",
      "properties": {
        "data_source": "SYNTHETIC - not an official record",
        "state": "Karnataka",
        "district": "Tumakuru",
        "taluk": "Sira",
        "hobli": "Sira",
        "village": "Sira",
        "survey_number": "207/9B",
        "khata_number": "0003",
        "landholder_name": "Puttaswamy Setty (synthetic)",
        "land_type": "Dry (Khushki)",
        "soil_type": "Red Sandy",
        "crop": "Cotton",
        "area_acres_guntas": "2A 33G",
        "area_acres_decimal": 2.83
      },
      "geometry": {
        "type": "Polygon",
        "coordinates": [
          [
            [77.109543, 13.521002],
            [77.110679, 13.521002],
            [77.110679, 13.521857],
            [77.109543, 13.521857],
            [77.109543, 13.521002]
          ]
        ]
      }
    },
    {
      "type": "Feature",
      "properties": {
        "data_source": "SYNTHETIC - not an official record",
        "state": "Karnataka",
        "district": "Mysuru",
        "taluk": "Mysuru",
        "hobli": "Kasaba",
        "village": "Hebbal",
        "survey_number": "197",
        "khata_number": "0003",
        "landholder_name": "Shivakumar Poojary (synthetic)",
        "land_type": "Wet (Baagayat)",
        "soil_type": "Black Cotton",
        "crop": "Sugarcane",
        "area_acres_guntas": "0A 18G",
        "area_acres_decimal": 0.45
      },
      "geometry": {
        "type": "Polygon",
        "coordinates": [
          [
            [76.706721, 12.364214],
            [76.707119, 12.364214],
            [76.707119, 12.364653],
            [76.706721, 12.364653],
            [76.706721, 12.364214]
          ]
        ]
      }
    },
    {
      "type": "Feature",
      "properties": {
        "data_source": "SYNTHETIC - not an official record",
        "state": "Karnataka",
        "district": "Tumakuru",
        "taluk": "Sira",
        "hobli": "Sira",
        "village": "Sira",
        "survey_number": "138/1",
        "khata_number": "0004",
        "landholder_name": "Ramesh Reddy (synthetic)",
        "land_type": "Wet (Baagayat)",
        "soil_type": "Red Sandy",
        "crop": "Fallow",
        "area_acres_guntas": "1A 10G",
        "area_acres_decimal": 1.25
      },
      "geometry": {
        "type": "Polygon",
        "coordinates": [
          [
            [76.946569, 13.237865],
            [76.947172, 13.237865],
            [76.947172, 13.238444],
            [76.946569, 13.238444],
            [76.946569, 13.237865]
          ]
        ]
      }
    },
    {
      "type": "Feature",
      "properties": {
        "data_source": "SYNTHETIC - not an official record",
        "state": "Karnataka",
        "district": "Chamarajanagar",
        "taluk": "Chamarajanagar",
        "hobli": "Chamarajanagar",
        "village": "Yelandur",
        "survey_number": "286/9B",
        "khata_number": "0009",
        "landholder_name": "Suresh Gowda (synthetic)",
        "land_type": "Garden (Tota)",
        "soil_type": "Black Cotton",
        "crop": "Groundnut",
        "area_acres_guntas": "1A 35G",
        "area_acres_decimal": 1.88
      },
      "geometry": {
        "type": "Polygon",
        "coordinates": [
          [
            [77.022428, 12.004678],
            [77.023343, 12.004678],
            [77.023343, 12.005477],
            [77.022428, 12.005477],
            [77.022428, 12.004678]
          ]
        ]
      }
    },
    {
      "type": "Feature",
      "properties": {
        "data_source": "SYNTHETIC - not an official record",
        "state": "Karnataka",
        "district": "Mysuru",
        "taluk": "Hunsur",
        "hobli": "Hunsur",
        "village": "Halepura",
        "survey_number": "242/7A",
        "khata_number": "0002",
        "landholder_name": "Ramesh Gowda (synthetic)",
        "land_type": "Wet (Baagayat)",
        "soil_type": "Red Loamy",
        "crop": "Coffee",
        "area_acres_guntas": "0A 13G",
        "area_acres_decimal": 0.33
      },
      "geometry": {
        "type": "Polygon",
        "coordinates": [
          [
            [76.863499, 12.258386],
            [76.863825, 12.258386],
            [76.863825, 12.25871],
            [76.863499, 12.25871],
            [76.863499, 12.258386]
          ]
        ]
      }
    },
    {
      "type": "Feature",
      "properties": {
        "data_source": "SYNTHETIC - not an official record",
        "state": "Karnataka",
        "district": "Kodagu",
        "taluk": "Madikeri",
        "hobli": "Madikeri",
        "village": "Napoklu",
        "survey_number": "158/5",
        "khata_number": "0003",
        "landholder_name": "Manjunath Shetty (synthetic)",
        "land_type": "Garden (Tota)",
        "soil_type": "Black Cotton",
        "crop": "Maize",
        "area_acres_guntas": "3A 35G",
        "area_acres_decimal": 3.88
      },
      "geometry": {
        "type": "Polygon",
        "coordinates": [
          [
            [75.957266, 12.505032],
            [75.958587, 12.505032],
            [75.958587, 12.506268],
            [75.957266, 12.506268],
            [75.957266, 12.505032]
          ]
        ]
      }
    },
    {
      "type": "Feature",
      "properties": {
        "data_source": "SYNTHETIC - not an official record",
        "state": "Karnataka",
        "district": "Chamarajanagar",
        "taluk": "Kollegal",
        "hobli": "Kollegal",
        "village": "Kollegal",
        "survey_number": "35/3A",
        "khata_number": "0004",
        "landholder_name": "Manjunath Setty (synthetic)",
        "land_type": "Wet (Baagayat)",
        "soil_type": "Red Loamy",
        "crop": "Cotton",
        "area_acres_guntas": "3A 23G",
        "area_acres_decimal": 3.58
      },
      "geometry": {
        "type": "Polygon",
        "coordinates": [
          [
            [76.789472, 12.125463],
            [76.790552, 12.125463],
            [76.790552, 12.126611],
            [76.789472, 12.126611],
            [76.789472, 12.125463]
          ]
        ]
      }
    },
    {
      "type": "Feature",
      "properties": {
        "data_source": "SYNTHETIC - not an official record",
        "state": "Karnataka",
        "district": "Belagavi",
        "taluk": "Chikodi",
        "hobli": "Chikodi",
        "village": "Sadalga",
        "survey_number": "114/9",
        "khata_number": "0005",
        "landholder_name": "Manjunath Reddy (synthetic)",
        "land_type": "Dry (Khushki)",
        "soil_type": "Laterite",
        "crop": "Mulberry",
        "area_acres_guntas": "1A 17G",
        "area_acres_decimal": 1.43
      },
      "geometry": {
        "type": "Polygon",
        "coordinates": [
          [
            [74.693203, 15.925387],
            [74.693993, 15.925387],
            [74.693993, 15.926055],
            [74.693203, 15.926055],
            [74.693203, 15.925387]
          ]
        ]
      }
    },
    {
      "type": "Feature",
      "properties": {
        "data_source": "SYNTHETIC - not an official record",
        "state": "Karnataka",
        "district": "Mysuru",
        "taluk": "Hunsur",
        "hobli": "Hunsur",
        "village": "Kadakola",
        "survey_number": "320",
        "khata_number": "0008",
        "landholder_name": "Venkatesh Shetty (synthetic)",
        "land_type": "Garden (Tota)",
        "soil_type": "Black Cotton",
        "crop": "Coffee",
        "area_acres_guntas": "0A 24G",
        "area_acres_decimal": 0.6
      },
      "geometry": {
        "type": "Polygon",
        "coordinates": [
          [
            [76.642991, 12.34156],
            [76.643466, 12.34156],
            [76.643466, 12.342068],
            [76.642991, 12.342068],
            [76.642991, 12.34156]
          ]
        ]
      }
    },
    {
      "type": "Feature",
      "properties": {
        "data_source": "SYNTHETIC - not an official record",
        "state": "Karnataka",
        "district": "Mysuru",
        "taluk": "T. Narasipura",
        "hobli": "Bannur",
        "village": "Bannur",
        "survey_number": "16",
        "khata_number": "0007",
        "landholder_name": "Venkatesh Achar (synthetic)",
        "land_type": "Wet (Baagayat)",
        "soil_type": "Laterite",
        "crop": "Coffee",
        "area_acres_guntas": "2A 32G",
        "area_acres_decimal": 2.8
      },
      "geometry": {
        "type": "Polygon",
        "coordinates": [
          [
            [76.474302, 12.116487],
            [76.475295, 12.116487],
            [76.475295, 12.117444],
            [76.474302, 12.117444],
            [76.474302, 12.116487]
          ]
        ]
      }
    },
    {
      "type": "Feature",
      "properties": {
        "data_source": "SYNTHETIC - not an official record",
        "state": "Karnataka",
        "district": "Mandya",
        "taluk": "Maddur",
        "hobli": "Maddur",
        "village": "Maddur",
        "survey_number": "57",
        "khata_number": "0004",
        "landholder_name": "Basavaraj Achar (synthetic)",
        "land_type": "Wet (Baagayat)",
        "soil_type": "Black Cotton",
        "crop": "Ragi",
        "area_acres_guntas": "3A 21G",
        "area_acres_decimal": 3.52
      },
      "geometry": {
        "type": "Polygon",
        "coordinates": [
          [
            [77.136973, 12.732954],
            [77.138176, 12.732954],
            [77.138176, 12.733958],
            [77.136973, 12.733958],
            [77.136973, 12.732954]
          ]
        ]
      }
    },
    {
      "type": "Feature",
      "properties": {
        "data_source": "SYNTHETIC - not an official record",
        "state": "Karnataka",
        "district": "Tumakuru",
        "taluk": "Pavagada",
        "hobli": "Pavagada",
        "village": "Rajapura",
        "survey_number": "231",
        "khata_number": "0005",
        "landholder_name": "Gowramma Setty (synthetic)",
        "land_type": "Wet (Baagayat)",
        "soil_type": "Red Loamy",
        "crop": "Ragi",
        "area_acres_guntas": "3A 31G",
        "area_acres_decimal": 3.77
      },
      "geometry": {
        "type": "Polygon",
        "coordinates": [
          [
            [77.031819, 13.336651],
            [77.033072, 13.336651],
            [77.033072, 13.337686],
            [77.031819, 13.337686],
            [77.031819, 13.336651]
          ]
        ]
      }
    },
    {
      "type": "Feature",
      "properties": {
        "data_source": "SYNTHETIC - not an official record",
        "state": "Karnataka",
        "district": "Hassan",
        "taluk": "Arsikere",
        "hobli": "Arsikere",
        "village": "Banavara",
        "survey_number": "131/9B",
        "khata_number": "0003",
        "landholder_name": "Siddappa Rao (synthetic)",
        "land_type": "Garden (Tota)",
        "soil_type": "Black Cotton",
        "crop": "Maize",
        "area_acres_guntas": "0A 5G",
        "area_acres_decimal": 0.12
      },
      "geometry": {
        "type": "Polygon",
        "coordinates": [
          [
            [76.048032, 12.826069],
            [76.048243, 12.826069],
            [76.048243, 12.826278],
            [76.048032, 12.826278],
            [76.048032, 12.826069]
          ]
        ]
      }
    },
    {
      "type": "Feature",
      "properties": {
        "data_source": "SYNTHETIC - not an official record",
        "state": "Karnataka",
        "district": "Shivamogga",
        "taluk": "Bhadravati",
        "hobli": "Bhadravati",
        "village": "Holehonnur",
        "survey_number": "326/8",
        "khata_number": "0005",
        "landholder_name": "Venkatesh Setty (synthetic)",
        "land_type": "Garden (Tota)",
        "soil_type": "Black Cotton",
        "crop": "Ragi",
        "area_acres_guntas": "3A 22G",
        "area_acres_decimal": 3.55
      },
      "geometry": {
        "type": "Polygon",
        "coordinates": [
          [
            [75.394373, 13.903284],
            [75.395499, 13.903284],
            [75.395499, 13.904215],
            [75.394373, 13.904215],
            [75.394373, 13.903284]
          ]
        ]
      }
    },
    {
      "type": "Feature",
      "properties": {
        "data_source": "SYNTHETIC - not an official record",
        "state": "Karnataka",
        "district": "Chamarajanagar",
        "taluk": "Chamarajanagar",
        "hobli": "Chamarajanagar",
        "village": "Chamarajanagar",
        "survey_number": "177",
        "khata_number": "0003",
        "landholder_name": "Rathnamma Rao (synthetic)",
        "land_type": "Wet (Baagayat)",
        "soil_type": "Red Loamy",
        "crop": "Coconut",
        "area_acres_guntas": "2A 19G",
        "area_acres_decimal": 2.48
      },
      "geometry": {
        "type": "Polygon",
        "coordinates": [
          [
            [76.878992, 11.741151],
            [76.879901, 11.741151],
            [76.879901, 11.74199],
            [76.878992, 11.74199],
            [76.878992, 11.741151]
          ]
        ]
      }
    },
    {
      "type": "Feature",
      "properties": {
        "data_source": "SYNTHETIC - not an official record",
        "state": "Karnataka",
        "district": "Mandya",
        "taluk": "Malavalli",
        "hobli": "Malavalli",
        "village": "Keragodu",
        "survey_number": "206/4",
        "khata_number": "0006",
        "landholder_name": "Manjunath Naik (synthetic)",
        "land_type": "Wet (Baagayat)",
        "soil_type": "Laterite",
        "crop": "Paddy",
        "area_acres_guntas": "3A 4G",
        "area_acres_decimal": 3.1
      },
      "geometry": {
        "type": "Polygon",
        "coordinates": [
          [
            [76.743529, 12.63235],
            [76.744661, 12.63235],
            [76.744661, 12.633322],
            [76.743529, 12.633322],
            [76.743529, 12.63235]
          ]
        ]
      }
    },
    {
      "type": "Feature",
      "properties": {
        "data_source": "SYNTHETIC - not an official record",
        "state": "Karnataka",
        "district": "Shivamogga",
        "taluk": "Bhadravati",
        "hobli": "Bhadravati",
        "village": "Bhadravati",
        "survey_number": "291/5",
        "khata_number": "0006",
        "landholder_name": "Shivakumar Poojary (synthetic)",
        "land_type": "Dry (Khushki)",
        "soil_type": "Red Loamy",
        "crop": "Coffee",
        "area_acres_guntas": "0A 26G",
        "area_acres_decimal": 0.65
      },
      "geometry": {
        "type": "Polygon",
        "coordinates": [
          [
            [75.695569, 14.08846],
            [75.696038, 14.08846],
            [75.696038, 14.088923],
            [75.695569, 14.088923],
            [75.695569, 14.08846]
          ]
        ]
      }
    },
    {
      "type": "Feature",
      "properties": {
        "data_source": "SYNTHETIC - not an official record",
        "state": "Karnataka",
        "district": "Kodagu",
        "taluk": "Madikeri",
        "hobli": "Madikeri",
        "village": "Napoklu",
        "survey_number": "139/8",
        "khata_number": "0004",
        "landholder_name": "Mahadevaiah Rao (synthetic)",
        "land_type": "Garden (Tota)",
        "soil_type": "Red Loamy",
        "crop": "Coffee",
        "area_acres_guntas": "2A 34G",
        "area_acres_decimal": 2.85
      },
      "geometry": {
        "type": "Polygon",
        "coordinates": [
          [
            [75.715486, 12.475816],
            [75.7165, 12.475816],
            [75.7165, 12.476845],
            [75.715486, 12.476845],
            [75.715486, 12.475816]
          ]
        ]
      }
    },
    {
      "type": "Feature",
      "properties": {
        "data_source": "SYNTHETIC - not an official record",
        "state": "Karnataka",
        "district": "Bengaluru Rural",
        "taluk": "Hoskote",
        "hobli": "Hoskote",
        "village": "Anugondanahalli",
        "survey_number": "219",
        "khata_number": "0004",
        "landholder_name": "Suresh Rao (synthetic)",
        "land_type": "Dry (Khushki)",
        "soil_type": "Laterite",
        "crop": "Groundnut",
        "area_acres_guntas": "2A 36G",
        "area_acres_decimal": 2.9
      },
      "geometry": {
        "type": "Polygon",
        "coordinates": [
          [
            [77.678541, 13.087051],
            [77.679574, 13.087051],
            [77.679574, 13.087926],
            [77.678541, 13.087926],
            [77.678541, 13.087051]
          ]
        ]
      }
    },
    {
      "type": "Feature",
      "properties": {
        "data_source": "SYNTHETIC - not an official record",
        "state": "Karnataka",
        "district": "Mysuru",
        "taluk": "Hunsur",
        "hobli": "Hunsur",
        "village": "Halepura",
        "survey_number": "117/1A",
        "khata_number": "0003",
        "landholder_name": "Venkatesh Setty (synthetic)",
        "land_type": "Garden (Tota)",
        "soil_type": "Red Sandy",
        "crop": "Fallow",
        "area_acres_guntas": "2A 12G",
        "area_acres_decimal": 2.3
      },
      "geometry": {
        "type": "Polygon",
        "coordinates": [
          [
            [76.49056, 12.426164],
            [76.491565, 12.426164],
            [76.491565, 12.427124],
            [76.49056, 12.427124],
            [76.49056, 12.426164]
          ]
        ]
      }
    },
    {
      "type": "Feature",
      "properties": {
        "data_source": "SYNTHETIC - not an official record",
        "state": "Karnataka",
        "district": "Kodagu",
        "taluk": "Madikeri",
        "hobli": "Madikeri",
        "village": "Kutta",
        "survey_number": "312",
        "khata_number": "0005",
        "landholder_name": "Suresh Gowda (synthetic)",
        "land_type": "Dry (Khushki)",
        "soil_type": "Red Loamy",
        "crop": "Sugarcane",
        "area_acres_guntas": "2A 39G",
        "area_acres_decimal": 2.98
      },
      "geometry": {
        "type": "Polygon",
        "coordinates": [
          [
            [75.719089, 12.389483],
            [75.720178, 12.389483],
            [75.720178, 12.390379],
            [75.719089, 12.390379],
            [75.719089, 12.389483]
          ]
        ]
      }
    },
    {
      "type": "Feature",
      "properties": {
        "data_source": "SYNTHETIC - not an official record",
        "state": "Karnataka",
        "district": "Kodagu",
        "taluk": "Virajpet",
        "hobli": "Virajpet",
        "village": "Ponnampet",
        "survey_number": "31",
        "khata_number": "0004",
        "landholder_name": "Lakshmi Shetty (synthetic)",
        "land_type": "Dry (Khushki)",
        "soil_type": "Red Loamy",
        "crop": "Coconut",
        "area_acres_guntas": "1A 26G",
        "area_acres_decimal": 1.65
      },
      "geometry": {
        "type": "Polygon",
        "coordinates": [
          [
            [75.79667, 12.552637],
            [75.797409, 12.552637],
            [75.797409, 12.553281],
            [75.79667, 12.553281],
            [75.79667, 12.552637]
          ]
        ]
      }
    },
    {
      "type": "Feature",
      "properties": {
        "data_source": "SYNTHETIC - not an official record",
        "state": "Karnataka",
        "district": "Shivamogga",
        "taluk": "Bhadravati",
        "hobli": "Bhadravati",
        "village": "Holehonnur",
        "survey_number": "254",
        "khata_number": "0006",
        "landholder_name": "Venkatesh Naik (synthetic)",
        "land_type": "Wet (Baagayat)",
        "soil_type": "Red Sandy",
        "crop": "Cotton",
        "area_acres_guntas": "1A 36G",
        "area_acres_decimal": 1.9
      },
      "geometry": {
        "type": "Polygon",
        "coordinates": [
          [
            [75.47058, 13.910404],
            [75.471323, 13.910404],
            [75.471323, 13.911197],
            [75.47058, 13.911197],
            [75.47058, 13.910404]
          ]
        ]
      }
    },
    {
      "type": "Feature",
      "properties": {
        "data_source": "SYNTHETIC - not an official record",
        "state": "Karnataka",
        "district": "Shivamogga",
        "taluk": "Thirthahalli",
        "hobli": "Thirthahalli",
        "village": "Agumbe",
        "survey_number": "145",
        "khata_number": "0006",
        "landholder_name": "Suresh Setty (synthetic)",
        "land_type": "Garden (Tota)",
        "soil_type": "Red Loamy",
        "crop": "Cotton",
        "area_acres_guntas": "0A 30G",
        "area_acres_decimal": 0.75
      },
      "geometry": {
        "type": "Polygon",
        "coordinates": [
          [
            [75.464691, 13.859438],
            [75.465162, 13.859438],
            [75.465162, 13.859895],
            [75.464691, 13.859895],
            [75.464691, 13.859438]
          ]
        ]
      }
    },
    {
      "type": "Feature",
      "properties": {
        "data_source": "SYNTHETIC - not an official record",
        "state": "Karnataka",
        "district": "Tumakuru",
        "taluk": "Madhugiri",
        "hobli": "Madhugiri",
        "village": "Koratagere",
        "survey_number": "118",
        "khata_number": "0005",
        "landholder_name": "Sharadamma Shetty (synthetic)",
        "land_type": "Wet (Baagayat)",
        "soil_type": "Red Loamy",
        "crop": "Coconut",
        "area_acres_guntas": "2A 37G",
        "area_acres_decimal": 2.92
      },
      "geometry": {
        "type": "Polygon",
        "coordinates": [
          [
            [77.275767, 13.457205],
            [77.276895, 13.457205],
            [77.276895, 13.458176],
            [77.275767, 13.458176],
            [77.275767, 13.457205]
          ]
        ]
      }
    },
    {
      "type": "Feature",
      "properties": {
        "data_source": "SYNTHETIC - not an official record",
        "state": "Karnataka",
        "district": "Kodagu",
        "taluk": "Somwarpet",
        "hobli": "Somwarpet",
        "village": "Suntikoppa",
        "survey_number": "59/3",
        "khata_number": "0006",
        "landholder_name": "Chandrashekar Achar (synthetic)",
        "land_type": "Wet (Baagayat)",
        "soil_type": "Red Sandy",
        "crop": "Groundnut",
        "area_acres_guntas": "3A 5G",
        "area_acres_decimal": 3.12
      },
      "geometry": {
        "type": "Polygon",
        "coordinates": [
          [
            [75.622319, 12.629154],
            [75.623356, 12.629154],
            [75.623356, 12.630065],
            [75.622319, 12.630065],
            [75.622319, 12.629154]
          ]
        ]
      }
    },
    {
      "type": "Feature",
      "properties": {
        "data_source": "SYNTHETIC - not an official record",
        "state": "Karnataka",
        "district": "Dharwad",
        "taluk": "Hubballi",
        "hobli": "Hubballi",
        "village": "Amargol",
        "survey_number": "60/1",
        "khata_number": "0014",
        "landholder_name": "Shivakumar Achar (synthetic)",
        "land_type": "Wet (Baagayat)",
        "soil_type": "Red Loamy",
        "crop": "Areca Nut",
        "area_acres_guntas": "1A 35G",
        "area_acres_decimal": 1.88
      },
      "geometry": {
        "type": "Polygon",
        "coordinates": [
          [
            [75.206816, 15.668037],
            [75.207549, 15.668037],
            [75.207549, 15.668711],
            [75.206816, 15.668711],
            [75.206816, 15.668037]
          ]
        ]
      }
    },
    {
      "type": "Feature",
      "properties": {
        "data_source": "SYNTHETIC - not an official record",
        "state": "Karnataka",
        "district": "Dharwad",
        "taluk": "Hubballi",
        "hobli": "Hubballi",
        "village": "Gokul",
        "survey_number": "271",
        "khata_number": "0006",
        "landholder_name": "Shivakumar Reddy (synthetic)",
        "land_type": "Wet (Baagayat)",
        "soil_type": "Black Cotton",
        "crop": "Coffee",
        "area_acres_guntas": "3A 34G",
        "area_acres_decimal": 3.85
      },
      "geometry": {
        "type": "Polygon",
        "coordinates": [
          [
            [74.958819, 15.479008],
            [74.959853, 15.479008],
            [74.959853, 15.480049],
            [74.958819, 15.480049],
            [74.958819, 15.479008]
          ]
        ]
      }
    },
    {
      "type": "Feature",
      "properties": {
        "data_source": "SYNTHETIC - not an official record",
        "state": "Karnataka",
        "district": "Tumakuru",
        "taluk": "Pavagada",
        "hobli": "Pavagada",
        "village": "Nagalamadike",
        "survey_number": "193",
        "khata_number": "0005",
        "landholder_name": "Krishnappa Setty (synthetic)",
        "land_type": "Wet (Baagayat)",
        "soil_type": "Black Cotton",
        "crop": "Cotton",
        "area_acres_guntas": "3A 0G",
        "area_acres_decimal": 3.0
      },
      "geometry": {
        "type": "Polygon",
        "coordinates": [
          [
            [77.160503, 13.276889],
            [77.16155, 13.276889],
            [77.16155, 13.27776],
            [77.160503, 13.27776],
            [77.160503, 13.276889]
          ]
        ]
      }
    },
    {
      "type": "Feature",
      "properties": {
        "data_source": "SYNTHETIC - not an official record",
        "state": "Karnataka",
        "district": "Chamarajanagar",
        "taluk": "Gundlupet",
        "hobli": "Gundlupet",
        "village": "Bandipur",
        "survey_number": "303",
        "khata_number": "0007",
        "landholder_name": "Basavaraj Achar (synthetic)",
        "land_type": "Garden (Tota)",
        "soil_type": "Red Loamy",
        "crop": "Paddy",
        "area_acres_guntas": "3A 29G",
        "area_acres_decimal": 3.73
      },
      "geometry": {
        "type": "Polygon",
        "coordinates": [
          [
            [76.779561, 11.690604],
            [76.78071, 11.690604],
            [76.78071, 11.691723],
            [76.779561, 11.691723],
            [76.779561, 11.690604]
          ]
        ]
      }
    },
    {
      "type": "Feature",
      "properties": {
        "data_source": "SYNTHETIC - not an official record",
        "state": "Karnataka",
        "district": "Chamarajanagar",
        "taluk": "Chamarajanagar",
        "hobli": "Chamarajanagar",
        "village": "Chamarajanagar",
        "survey_number": "241/3",
        "khata_number": "0004",
        "landholder_name": "Suresh Achar (synthetic)",
        "land_type": "Wet (Baagayat)",
        "soil_type": "Red Sandy",
        "crop": "Cotton",
        "area_acres_guntas": "2A 7G",
        "area_acres_decimal": 2.17
      },
      "geometry": {
        "type": "Polygon",
        "coordinates": [
          [
            [76.816817, 11.847121],
            [76.817657, 11.847121],
            [76.817657, 11.847912],
            [76.816817, 11.847912],
            [76.816817, 11.847121]
          ]
        ]
      }
    },
    {
      "type": "Feature",
      "properties": {
        "data_source": "SYNTHETIC - not an official record",
        "state": "Karnataka",
        "district": "Chamarajanagar",
        "taluk": "Kollegal",
        "hobli": "Kollegal",
        "village": "Ramapura",
        "survey_number": "184/9",
        "khata_number": "0005",
        "landholder_name": "Chandrashekar Poojary (synthetic)",
        "land_type": "Garden (Tota)",
        "soil_type": "Laterite",
        "crop": "Groundnut",
        "area_acres_guntas": "1A 16G",
        "area_acres_decimal": 1.4
      },
      "geometry": {
        "type": "Polygon",
        "coordinates": [
          [
            [76.76839, 11.951379],
            [76.769005, 11.951379],
            [76.769005, 11.95201],
            [76.76839, 11.95201],
            [76.76839, 11.951379]
          ]
        ]
      }
    },
    {
      "type": "Feature",
      "properties": {
        "data_source": "SYNTHETIC - not an official record",
        "state": "Karnataka",
        "district": "Shivamogga",
        "taluk": "Bhadravati",
        "hobli": "Bhadravati",
        "village": "Tarikere Road",
        "survey_number": "276",
        "khata_number": "0009",
        "landholder_name": "Venkatesh Achar (synthetic)",
        "land_type": "Wet (Baagayat)",
        "soil_type": "Red Loamy",
        "crop": "Ragi",
        "area_acres_guntas": "2A 10G",
        "area_acres_decimal": 2.25
      },
      "geometry": {
        "type": "Polygon",
        "coordinates": [
          [
            [75.356467, 13.703973],
            [75.357401, 13.703973],
            [75.357401, 13.70476],
            [75.356467, 13.70476],
            [75.356467, 13.703973]
          ]
        ]
      }
    },
    {
      "type": "Feature",
      "properties": {
        "data_source": "SYNTHETIC - not an official record",
        "state": "Karnataka",
        "district": "Kodagu",
        "taluk": "Virajpet",
        "hobli": "Virajpet",
        "village": "Gonikoppal",
        "survey_number": "291/9B",
        "khata_number": "0006",
        "landholder_name": "Sharadamma Achar (synthetic)",
        "land_type": "Wet (Baagayat)",
        "soil_type": "Black Cotton",
        "crop": "Sugarcane",
        "area_acres_guntas": "1A 16G",
        "area_acres_decimal": 1.4
      },
      "geometry": {
        "type": "Polygon",
        "coordinates": [
          [
            [76.027631, 12.199218],
            [76.028336, 12.199218],
            [76.028336, 12.199828],
            [76.027631, 12.199828],
            [76.027631, 12.199218]
          ]
        ]
      }
    },
    {
      "type": "Feature",
      "properties": {
        "data_source": "SYNTHETIC - not an official record",
        "state": "Karnataka",
        "district": "Mandya",
        "taluk": "Malavalli",
        "hobli": "Malavalli",
        "village": "Basaralu",
        "survey_number": "258",
        "khata_number": "0012",
        "landholder_name": "Krishnappa Rao (synthetic)",
        "land_type": "Dry (Khushki)",
        "soil_type": "Laterite",
        "crop": "Maize",
        "area_acres_guntas": "3A 18G",
        "area_acres_decimal": 3.45
      },
      "geometry": {
        "type": "Polygon",
        "coordinates": [
          [
            [76.751845, 12.604222],
            [76.752965, 12.604222],
            [76.752965, 12.605348],
            [76.751845, 12.605348],
            [76.751845, 12.604222]
          ]
        ]
      }
    },
    {
      "type": "Feature",
      "properties": {
        "data_source": "SYNTHETIC - not an official record",
        "state": "Karnataka",
        "district": "Dharwad",
        "taluk": "Kalghatgi",
        "hobli": "Kalghatgi",
        "village": "Tabakhana",
        "survey_number": "312/2",
        "khata_number": "0012",
        "landholder_name": "Venkatesh Naik (synthetic)",
        "land_type": "Garden (Tota)",
        "soil_type": "Red Sandy",
        "crop": "Sugarcane",
        "area_acres_guntas": "1A 22G",
        "area_acres_decimal": 1.55
      },
      "geometry": {
        "type": "Polygon",
        "coordinates": [
          [
            [75.084423, 15.33586],
            [75.085081, 15.33586],
            [75.085081, 15.336574],
            [75.084423, 15.336574],
            [75.084423, 15.33586]
          ]
        ]
      }
    },
    {
      "type": "Feature",
      "properties": {
        "data_source": "SYNTHETIC - not an official record",
        "state": "Karnataka",
        "district": "Bengaluru Rural",
        "taluk": "Devanahalli",
        "hobli": "Devanahalli",
        "village": "Devanahalli",
        "survey_number": "199/1",
        "khata_number": "0005",
        "landholder_name": "Ramesh Shetty (synthetic)",
        "land_type": "Dry (Khushki)",
        "soil_type": "Red Sandy",
        "crop": "Maize",
        "area_acres_guntas": "1A 34G",
        "area_acres_decimal": 1.85
      },
      "geometry": {
        "type": "Polygon",
        "coordinates": [
          [
            [77.437552, 13.071404],
            [77.438433, 13.071404],
            [77.438433, 13.072106],
            [77.437552, 13.072106],
            [77.437552, 13.071404]
          ]
        ]
      }
    },
    {
      "type": "Feature",
      "properties": {
        "data_source": "SYNTHETIC - not an official record",
        "state": "Karnataka",
        "district": "Mysuru",
        "taluk": "Hunsur",
        "hobli": "Hunsur",
        "village": "Kadakola",
        "survey_number": "298",
        "khata_number": "0009",
        "landholder_name": "Puttaswamy Naik (synthetic)",
        "land_type": "Dry (Khushki)",
        "soil_type": "Black Cotton",
        "crop": "Sugarcane",
        "area_acres_guntas": "2A 9G",
        "area_acres_decimal": 2.23
      },
      "geometry": {
        "type": "Polygon",
        "coordinates": [
          [
            [76.640963, 12.255758],
            [76.641712, 12.255758],
            [76.641712, 12.256519],
            [76.640963, 12.256519],
            [76.640963, 12.255758]
          ]
        ]
      }
    },
    {
      "type": "Feature",
      "properties": {
        "data_source": "SYNTHETIC - not an official record",
        "state": "Karnataka",
        "district": "Hassan",
        "taluk": "Sakleshpur",
        "hobli": "Sakleshpur",
        "village": "Sakleshpur",
        "survey_number": "258",
        "khata_number": "0003",
        "landholder_name": "Suresh Setty (synthetic)",
        "land_type": "Garden (Tota)",
        "soil_type": "Black Cotton",
        "crop": "Mulberry",
        "area_acres_guntas": "0A 9G",
        "area_acres_decimal": 0.23
      },
      "geometry": {
        "type": "Polygon",
        "coordinates": [
          [
            [76.330626, 13.14987],
            [76.330882, 13.14987],
            [76.330882, 13.150129],
            [76.330626, 13.150129],
            [76.330626, 13.14987]
          ]
        ]
      }
    },
    {
      "type": "Feature",
      "properties": {
        "data_source": "SYNTHETIC - not an official record",
        "state": "Karnataka",
        "district": "Tumakuru",
        "taluk": "Madhugiri",
        "hobli": "Madhugiri",
        "village": "Koratagere",
        "survey_number": "220/2B",
        "khata_number": "0006",
        "landholder_name": "Puttaswamy Naik (synthetic)",
        "land_type": "Garden (Tota)",
        "soil_type": "Red Sandy",
        "crop": "Mulberry",
        "area_acres_guntas": "3A 6G",
        "area_acres_decimal": 3.15
      },
      "geometry": {
        "type": "Polygon",
        "coordinates": [
          [
            [77.340286, 13.502921],
            [77.341407, 13.502921],
            [77.341407, 13.503862],
            [77.340286, 13.503862],
            [77.340286, 13.502921]
          ]
        ]
      }
    },
    {
      "type": "Feature",
      "properties": {
        "data_source": "SYNTHETIC - not an official record",
        "state": "Karnataka",
        "district": "Belagavi",
        "taluk": "Athani",
        "hobli": "Athani",
        "village": "Kagwad",
        "survey_number": "135",
        "khata_number": "0007",
        "landholder_name": "Sharadamma Shetty (synthetic)",
        "land_type": "Wet (Baagayat)",
        "soil_type": "Black Cotton",
        "crop": "Groundnut",
        "area_acres_guntas": "3A 30G",
        "area_acres_decimal": 3.75
      },
      "geometry": {
        "type": "Polygon",
        "coordinates": [
          [
            [74.883258, 15.713711],
            [74.884451, 15.713711],
            [74.884451, 15.714775],
            [74.883258, 15.714775],
            [74.883258, 15.713711]
          ]
        ]
      }
    },
    {
      "type": "Feature",
      "properties": {
        "data_source": "SYNTHETIC - not an official record",
        "state": "Karnataka",
        "district": "Belagavi",
        "taluk": "Chikodi",
        "hobli": "Chikodi",
        "village": "Chikodi",
        "survey_number": "124/8A",
        "khata_number": "0004",
        "landholder_name": "Krishnappa Setty (synthetic)",
        "land_type": "Wet (Baagayat)",
        "soil_type": "Red Loamy",
        "crop": "Mulberry",
        "area_acres_guntas": "1A 2G",
        "area_acres_decimal": 1.05
      },
      "geometry": {
        "type": "Polygon",
        "coordinates": [
          [
            [74.701201, 15.776024],
            [74.701784, 15.776024],
            [74.701784, 15.776689],
            [74.701201, 15.776689],
            [74.701201, 15.776024]
          ]
        ]
      }
    },
    {
      "type": "Feature",
      "properties": {
        "data_source": "SYNTHETIC - not an official record",
        "state": "Karnataka",
        "district": "Chamarajanagar",
        "taluk": "Kollegal",
        "hobli": "Kollegal",
        "village": "Hanur",
        "survey_number": "85/6B",
        "khata_number": "0006",
        "landholder_name": "Sharadamma Reddy (synthetic)",
        "land_type": "Dry (Khushki)",
        "soil_type": "Red Loamy",
        "crop": "Maize",
        "area_acres_guntas": "1A 23G",
        "area_acres_decimal": 1.57
      },
      "geometry": {
        "type": "Polygon",
        "coordinates": [
          [
            [77.116953, 11.894643],
            [77.117796, 11.894643],
            [77.117796, 11.895375],
            [77.116953, 11.895375],
            [77.116953, 11.894643]
          ]
        ]
      }
    },
    {
      "type": "Feature",
      "properties": {
        "data_source": "SYNTHETIC - not an official record",
        "state": "Karnataka",
        "district": "Dharwad",
        "taluk": "Kalghatgi",
        "hobli": "Kalghatgi",
        "village": "Hebsur",
        "survey_number": "16",
        "khata_number": "0003",
        "landholder_name": "Krishnappa Naik (synthetic)",
        "land_type": "Wet (Baagayat)",
        "soil_type": "Red Loamy",
        "crop": "Groundnut",
        "area_acres_guntas": "0A 37G",
        "area_acres_decimal": 0.93
      },
      "geometry": {
        "type": "Polygon",
        "coordinates": [
          [
            [75.328281, 15.383107],
            [75.328772, 15.383107],
            [75.328772, 15.383654],
            [75.328281, 15.383654],
            [75.328281, 15.383107]
          ]
        ]
      }
    },
    {
      "type": "Feature",
      "properties": {
        "data_source": "SYNTHETIC - not an official record",
        "state": "Karnataka",
        "district": "Dharwad",
        "taluk": "Kalghatgi",
        "hobli": "Kalghatgi",
        "village": "Hebsur",
        "survey_number": "177",
        "khata_number": "0004",
        "landholder_name": "Puttaswamy Gowda (synthetic)",
        "land_type": "Wet (Baagayat)",
        "soil_type": "Red Sandy",
        "crop": "Maize",
        "area_acres_guntas": "3A 33G",
        "area_acres_decimal": 3.83
      },
      "geometry": {
        "type": "Polygon",
        "coordinates": [
          [
            [75.10818, 15.378961],
            [75.109222, 15.378961],
            [75.109222, 15.380221],
            [75.10818, 15.380221],
            [75.10818, 15.378961]
          ]
        ]
      }
    },
    {
      "type": "Feature",
      "properties": {
        "data_source": "SYNTHETIC - not an official record",
        "state": "Karnataka",
        "district": "Mandya",
        "taluk": "Malavalli",
        "hobli": "Malavalli",
        "village": "Malavalli",
        "survey_number": "178",
        "khata_number": "0003",
        "landholder_name": "Lakshmi Naik (synthetic)",
        "land_type": "Garden (Tota)",
        "soil_type": "Laterite",
        "crop": "Maize",
        "area_acres_guntas": "3A 31G",
        "area_acres_decimal": 3.77
      },
      "geometry": {
        "type": "Polygon",
        "coordinates": [
          [
            [77.027457, 12.658569],
            [77.028621, 12.658569],
            [77.028621, 12.659576],
            [77.027457, 12.659576],
            [77.027457, 12.658569]
          ]
        ]
      }
    },
    {
      "type": "Feature",
      "properties": {
        "data_source": "SYNTHETIC - not an official record",
        "state": "Karnataka",
        "district": "Mandya",
        "taluk": "Maddur",
        "hobli": "Maddur",
        "village": "Maddur",
        "survey_number": "282/1B",
        "khata_number": "0005",
        "landholder_name": "Krishnappa Rao (synthetic)",
        "land_type": "Wet (Baagayat)",
        "soil_type": "Red Sandy",
        "crop": "Coffee",
        "area_acres_guntas": "1A 8G",
        "area_acres_decimal": 1.2
      },
      "geometry": {
        "type": "Polygon",
        "coordinates": [
          [
            [77.022785, 12.358752],
            [77.023458, 12.358752],
            [77.023458, 12.359387],
            [77.022785, 12.359387],
            [77.022785, 12.358752]
          ]
        ]
      }
    },
    {
      "type": "Feature",
      "properties": {
        "data_source": "SYNTHETIC - not an official record",
        "state": "Karnataka",
        "district": "Mysuru",
        "taluk": "Hunsur",
        "hobli": "Hunsur",
        "village": "Halepura",
        "survey_number": "97",
        "khata_number": "0004",
        "landholder_name": "Basavaraj Poojary (synthetic)",
        "land_type": "Garden (Tota)",
        "soil_type": "Red Sandy",
        "crop": "Cotton",
        "area_acres_guntas": "1A 22G",
        "area_acres_decimal": 1.55
      },
      "geometry": {
        "type": "Polygon",
        "coordinates": [
          [
            [76.876555, 12.46445],
            [76.877349, 12.46445],
            [76.877349, 12.465128],
            [76.876555, 12.465128],
            [76.876555, 12.46445]
          ]
        ]
      }
    },
    {
      "type": "Feature",
      "properties": {
        "data_source": "SYNTHETIC - not an official record",
        "state": "Karnataka",
        "district": "Hassan",
        "taluk": "Arsikere",
        "hobli": "Arsikere",
        "village": "Banavara",
        "survey_number": "53/7",
        "khata_number": "0004",
        "landholder_name": "Suresh Achar (synthetic)",
        "land_type": "Dry (Khushki)",
        "soil_type": "Black Cotton",
        "crop": "Cotton",
        "area_acres_guntas": "0A 25G",
        "area_acres_decimal": 0.62
      },
      "geometry": {
        "type": "Polygon",
        "coordinates": [
          [
            [75.937483, 12.852935],
            [75.937904, 12.852935],
            [75.937904, 12.85342],
            [75.937483, 12.85342],
            [75.937483, 12.852935]
          ]
        ]
      }
    },
    {
      "type": "Feature",
      "properties": {
        "data_source": "SYNTHETIC - not an official record",
        "state": "Karnataka",
        "district": "Mandya",
        "taluk": "Srirangapatna",
        "hobli": "Srirangapatna",
        "village": "Ganjam",
        "survey_number": "222",
        "khata_number": "0008",
        "landholder_name": "Siddappa Poojary (synthetic)",
        "land_type": "Dry (Khushki)",
        "soil_type": "Red Loamy",
        "crop": "Ragi",
        "area_acres_guntas": "1A 27G",
        "area_acres_decimal": 1.68
      },
      "geometry": {
        "type": "Polygon",
        "coordinates": [
          [
            [76.715175, 12.676223],
            [76.716033, 12.676223],
            [76.716033, 12.677008],
            [76.715175, 12.677008],
            [76.715175, 12.676223]
          ]
        ]
      }
    },
    {
      "type": "Feature",
      "properties": {
        "data_source": "SYNTHETIC - not an official record",
        "state": "Karnataka",
        "district": "Bengaluru Rural",
        "taluk": "Doddaballapura",
        "hobli": "Doddaballapura",
        "village": "Kasaba",
        "survey_number": "223/1",
        "khata_number": "0002",
        "landholder_name": "Manjunath Naik (synthetic)",
        "land_type": "Garden (Tota)",
        "soil_type": "Red Loamy",
        "crop": "Mulberry",
        "area_acres_guntas": "0A 8G",
        "area_acres_decimal": 0.2
      },
      "geometry": {
        "type": "Polygon",
        "coordinates": [
          [
            [77.510794, 13.115964],
            [77.511071, 13.115964],
            [77.511071, 13.116234],
            [77.510794, 13.116234],
            [77.510794, 13.115964]
          ]
        ]
      }
    },
    {
      "type": "Feature",
      "properties": {
        "data_source": "SYNTHETIC - not an official record",
        "state": "Karnataka",
        "district": "Mysuru",
        "taluk": "Hunsur",
        "hobli": "Hunsur",
        "village": "Halepura",
        "survey_number": "303/9",
        "khata_number": "0005",
        "landholder_name": "Suresh Shetty (synthetic)",
        "land_type": "Garden (Tota)",
        "soil_type": "Red Sandy",
        "crop": "Coffee",
        "area_acres_guntas": "2A 11G",
        "area_acres_decimal": 2.27
      },
      "geometry": {
        "type": "Polygon",
        "coordinates": [
          [
            [76.865043, 12.242448],
            [76.865915, 12.242448],
            [76.865915, 12.243229],
            [76.865043, 12.243229],
            [76.865043, 12.242448]
          ]
        ]
      }
    },
    {
      "type": "Feature",
      "properties": {
        "data_source": "SYNTHETIC - not an official record",
        "state": "Karnataka",
        "district": "Kodagu",
        "taluk": "Virajpet",
        "hobli": "Virajpet",
        "village": "Virajpet",
        "survey_number": "149",
        "khata_number": "0004",
        "landholder_name": "Sharadamma Naik (synthetic)",
        "land_type": "Wet (Baagayat)",
        "soil_type": "Red Loamy",
        "crop": "Areca Nut",
        "area_acres_guntas": "0A 26G",
        "area_acres_decimal": 0.65
      },
      "geometry": {
        "type": "Polygon",
        "coordinates": [
          [
            [76.033777, 12.44237],
            [76.034249, 12.44237],
            [76.034249, 12.442897],
            [76.033777, 12.442897],
            [76.033777, 12.44237]
          ]
        ]
      }
    },
    {
      "type": "Feature",
      "properties": {
        "data_source": "SYNTHETIC - not an official record",
        "state": "Karnataka",
        "district": "Kodagu",
        "taluk": "Somwarpet",
        "hobli": "Somwarpet",
        "village": "Suntikoppa",
        "survey_number": "231/2B",
        "khata_number": "0007",
        "landholder_name": "Venkatesh Naik (synthetic)",
        "land_type": "Dry (Khushki)",
        "soil_type": "Red Loamy",
        "crop": "Mulberry",
        "area_acres_guntas": "0A 33G",
        "area_acres_decimal": 0.82
      },
      "geometry": {
        "type": "Polygon",
        "coordinates": [
          [
            [76.019297, 12.406768],
            [76.019862, 12.406768],
            [76.019862, 12.407323],
            [76.019297, 12.407323],
            [76.019297, 12.406768]
          ]
        ]
      }
    },
    {
      "type": "Feature",
      "properties": {
        "data_source": "SYNTHETIC - not an official record",
        "state": "Karnataka",
        "district": "Mysuru",
        "taluk": "Hunsur",
        "hobli": "Hunsur",
        "village": "Kadakola",
        "survey_number": "46",
        "khata_number": "0010",
        "landholder_name": "Siddappa Shetty (synthetic)",
        "land_type": "Dry (Khushki)",
        "soil_type": "Black Cotton",
        "crop": "Mulberry",
        "area_acres_guntas": "0A 19G",
        "area_acres_decimal": 0.47
      },
      "geometry": {
        "type": "Polygon",
        "coordinates": [
          [
            [76.867021, 12.320369],
            [76.867453, 12.320369],
            [76.867453, 12.320717],
            [76.867021, 12.320717],
            [76.867021, 12.320369]
          ]
        ]
      }
    },
    {
      "type": "Feature",
      "properties": {
        "data_source": "SYNTHETIC - not an official record",
        "state": "Karnataka",
        "district": "Hassan",
        "taluk": "Belur",
        "hobli": "Belur",
        "village": "Halebeedu",
        "survey_number": "248/9",
        "khata_number": "0004",
        "landholder_name": "Gowramma Poojary (synthetic)",
        "land_type": "Dry (Khushki)",
        "soil_type": "Laterite",
        "crop": "Areca Nut",
        "area_acres_guntas": "1A 0G",
        "area_acres_decimal": 1.0
      },
      "geometry": {
        "type": "Polygon",
        "coordinates": [
          [
            [76.194069, 13.059787],
            [76.194621, 13.059787],
            [76.194621, 13.060276],
            [76.194069, 13.060276],
            [76.194069, 13.059787]
          ]
        ]
      }
    },
    {
      "type": "Feature",
      "properties": {
        "data_source": "SYNTHETIC - not an official record",
        "state": "Karnataka",
        "district": "Shivamogga",
        "taluk": "Thirthahalli",
        "hobli": "Thirthahalli",
        "village": "Agumbe",
        "survey_number": "106/2",
        "khata_number": "0007",
        "landholder_name": "Krishnappa Gowda (synthetic)",
        "land_type": "Wet (Baagayat)",
        "soil_type": "Black Cotton",
        "crop": "Maize",
        "area_acres_guntas": "1A 37G",
        "area_acres_decimal": 1.93
      },
      "geometry": {
        "type": "Polygon",
        "coordinates": [
          [
            [75.456481, 13.895006],
            [75.457218, 13.895006],
            [75.457218, 13.895877],
            [75.456481, 13.895877],
            [75.456481, 13.895006]
          ]
        ]
      }
    },
    {
      "type": "Feature",
      "properties": {
        "data_source": "SYNTHETIC - not an official record",
        "state": "Karnataka",
        "district": "Bengaluru Rural",
        "taluk": "Hoskote",
        "hobli": "Hoskote",
        "village": "Nandagudi",
        "survey_number": "260",
        "khata_number": "0009",
        "landholder_name": "Nagaraj Setty (synthetic)",
        "land_type": "Garden (Tota)",
        "soil_type": "Laterite",
        "crop": "Maize",
        "area_acres_guntas": "2A 17G",
        "area_acres_decimal": 2.42
      },
      "geometry": {
        "type": "Polygon",
        "coordinates": [
          [
            [77.573852, 13.413852],
            [77.574793, 13.413852],
            [77.574793, 13.4148],
            [77.573852, 13.4148],
            [77.573852, 13.413852]
          ]
        ]
      }
    },
    {
      "type": "Feature",
      "properties": {
        "data_source": "SYNTHETIC - not an official record",
        "state": "Karnataka",
        "district": "Belagavi",
        "taluk": "Athani",
        "hobli": "Athani",
        "village": "Ugar Khurd",
        "survey_number": "57",
        "khata_number": "0007",
        "landholder_name": "Nagaraj Reddy (synthetic)",
        "land_type": "Dry (Khushki)",
        "soil_type": "Laterite",
        "crop": "Areca Nut",
        "area_acres_guntas": "2A 9G",
        "area_acres_decimal": 2.23
      },
      "geometry": {
        "type": "Polygon",
        "coordinates": [
          [
            [74.962091, 16.084328],
            [74.962887, 16.084328],
            [74.962887, 16.085057],
            [74.962091, 16.085057],
            [74.962091, 16.084328]
          ]
        ]
      }
    },
    {
      "type": "Feature",
      "properties": {
        "data_source": "SYNTHETIC - not an official record",
        "state": "Karnataka",
        "district": "Tumakuru",
        "taluk": "Sira",
        "hobli": "Sira",
        "village": "Bukkapatna",
        "survey_number": "295/3",
        "khata_number": "0009",
        "landholder_name": "Rathnamma Achar (synthetic)",
        "land_type": "Garden (Tota)",
        "soil_type": "Red Sandy",
        "crop": "Coconut",
        "area_acres_guntas": "1A 1G",
        "area_acres_decimal": 1.02
      },
      "geometry": {
        "type": "Polygon",
        "coordinates": [
          [
            [77.047344, 13.377346],
            [77.047904, 13.377346],
            [77.047904, 13.37799],
            [77.047344, 13.37799],
            [77.047344, 13.377346]
          ]
        ]
      }
    },
    {
      "type": "Feature",
      "properties": {
        "data_source": "SYNTHETIC - not an official record",
        "state": "Karnataka",
        "district": "Bengaluru Rural",
        "taluk": "Hoskote",
        "hobli": "Hoskote",
        "village": "Anugondanahalli",
        "survey_number": "130/1",
        "khata_number": "0005",
        "landholder_name": "Venkatesh Rao (synthetic)",
        "land_type": "Wet (Baagayat)",
        "soil_type": "Laterite",
        "crop": "Mulberry",
        "area_acres_guntas": "1A 10G",
        "area_acres_decimal": 1.25
      },
      "geometry": {
        "type": "Polygon",
        "coordinates": [
          [
            [77.313129, 13.253444],
            [77.313762, 13.253444],
            [77.313762, 13.254132],
            [77.313129, 13.254132],
            [77.313129, 13.253444]
          ]
        ]
      }
    },
    {
      "type": "Feature",
      "properties": {
        "data_source": "SYNTHETIC - not an official record",
        "state": "Karnataka",
        "district": "Tumakuru",
        "taluk": "Sira",
        "hobli": "Sira",
        "village": "Hagalavadi",
        "survey_number": "17/1A",
        "khata_number": "0006",
        "landholder_name": "Basavaraj Shetty (synthetic)",
        "land_type": "Garden (Tota)",
        "soil_type": "Black Cotton",
        "crop": "Coffee",
        "area_acres_guntas": "3A 13G",
        "area_acres_decimal": 3.33
      },
      "geometry": {
        "type": "Polygon",
        "coordinates": [
          [
            [77.230754, 13.552098],
            [77.23173, 13.552098],
            [77.23173, 13.553103],
            [77.230754, 13.553103],
            [77.230754, 13.552098]
          ]
        ]
      }
    },
    {
      "type": "Feature",
      "properties": {
        "data_source": "SYNTHETIC - not an official record",
        "state": "Karnataka",
        "district": "Bengaluru Rural",
        "taluk": "Hoskote",
        "hobli": "Hoskote",
        "village": "Nandagudi",
        "survey_number": "233",
        "khata_number": "0010",
        "landholder_name": "Puttaswamy Naik (synthetic)",
        "land_type": "Wet (Baagayat)",
        "soil_type": "Red Loamy",
        "crop": "Coffee",
        "area_acres_guntas": "0A 24G",
        "area_acres_decimal": 0.6
      },
      "geometry": {
        "type": "Polygon",
        "coordinates": [
          [
            [77.760169, 13.040991],
            [77.760667, 13.040991],
            [77.760667, 13.041404],
            [77.760169, 13.041404],
            [77.760169, 13.040991]
          ]
        ]
      }
    },
    {
      "type": "Feature",
      "properties": {
        "data_source": "SYNTHETIC - not an official record",
        "state": "Karnataka",
        "district": "Belagavi",
        "taluk": "Athani",
        "hobli": "Athani",
        "village": "Ugar Khurd",
        "survey_number": "146/7B",
        "khata_number": "0008",
        "landholder_name": "Basavaraj Achar (synthetic)",
        "land_type": "Wet (Baagayat)",
        "soil_type": "Red Loamy",
        "crop": "Paddy",
        "area_acres_guntas": "1A 37G",
        "area_acres_decimal": 1.93
      },
      "geometry": {
        "type": "Polygon",
        "coordinates": [
          [
            [74.72193, 15.95551],
            [74.722647, 15.95551],
            [74.722647, 15.956347],
            [74.72193, 15.956347],
            [74.72193, 15.95551]
          ]
        ]
      }
    },
    {
      "type": "Feature",
      "properties": {
        "data_source": "SYNTHETIC - not an official record",
        "state": "Karnataka",
        "district": "Chamarajanagar",
        "taluk": "Chamarajanagar",
        "hobli": "Chamarajanagar",
        "village": "Chamarajanagar",
        "survey_number": "335/6A",
        "khata_number": "0005",
        "landholder_name": "Siddappa Gowda (synthetic)",
        "land_type": "Wet (Baagayat)",
        "soil_type": "Laterite",
        "crop": "Groundnut",
        "area_acres_guntas": "0A 30G",
        "area_acres_decimal": 0.75
      },
      "geometry": {
        "type": "Polygon",
        "coordinates": [
          [
            [77.178421, 12.168916],
            [77.178927, 12.168916],
            [77.178927, 12.169357],
            [77.178421, 12.169357],
            [77.178421, 12.168916]
          ]
        ]
      }
    },
    {
      "type": "Feature",
      "properties": {
        "data_source": "SYNTHETIC - not an official record",
        "state": "Karnataka",
        "district": "Belagavi",
        "taluk": "Athani",
        "hobli": "Athani",
        "village": "Kagwad",
        "survey_number": "267",
        "khata_number": "0008",
        "landholder_name": "Shivakumar Rao (synthetic)",
        "land_type": "Dry (Khushki)",
        "soil_type": "Black Cotton",
        "crop": "Cotton",
        "area_acres_guntas": "0A 30G",
        "area_acres_decimal": 0.75
      },
      "geometry": {
        "type": "Polygon",
        "coordinates": [
          [
            [74.863246, 15.75472],
            [74.863711, 15.75472],
            [74.863711, 15.755194],
            [74.863246, 15.755194],
            [74.863246, 15.75472]
          ]
        ]
      }
    },
    {
      "type": "Feature",
      "properties": {
        "data_source": "SYNTHETIC - not an official record",
        "state": "Karnataka",
        "district": "Mandya",
        "taluk": "Srirangapatna",
        "hobli": "Srirangapatna",
        "village": "Pandavapura Road",
        "survey_number": "53/8",
        "khata_number": "0008",
        "landholder_name": "Sharadamma Poojary (synthetic)",
        "land_type": "Dry (Khushki)",
        "soil_type": "Red Loamy",
        "crop": "Mulberry",
        "area_acres_guntas": "0A 34G",
        "area_acres_decimal": 0.85
      },
      "geometry": {
        "type": "Polygon",
        "coordinates": [
          [
            [76.762504, 12.579912],
            [76.763027, 12.579912],
            [76.763027, 12.580366],
            [76.762504, 12.580366],
            [76.762504, 12.579912]
          ]
        ]
      }
    },
    {
      "type": "Feature",
      "properties": {
        "data_source": "SYNTHETIC - not an official record",
        "state": "Karnataka",
        "district": "Mandya",
        "taluk": "Maddur",
        "hobli": "Maddur",
        "village": "Maddur",
        "survey_number": "176/8",
        "khata_number": "0006",
        "landholder_name": "Sharadamma Achar (synthetic)",
        "land_type": "Wet (Baagayat)",
        "soil_type": "Red Sandy",
        "crop": "Fallow",
        "area_acres_guntas": "0A 28G",
        "area_acres_decimal": 0.7
      },
      "geometry": {
        "type": "Polygon",
        "coordinates": [
          [
            [77.087468, 12.668959],
            [77.087953, 12.668959],
            [77.087953, 12.66946],
            [77.087468, 12.66946],
            [77.087468, 12.668959]
          ]
        ]
      }
    },
    {
      "type": "Feature",
      "properties": {
        "data_source": "SYNTHETIC - not an official record",
        "state": "Karnataka",
        "district": "Tumakuru",
        "taluk": "Madhugiri",
        "hobli": "Madhugiri",
        "village": "Dobbaspet",
        "survey_number": "105",
        "khata_number": "0004",
        "landholder_name": "Basavaraj Achar (synthetic)",
        "land_type": "Garden (Tota)",
        "soil_type": "Red Sandy",
        "crop": "Cotton",
        "area_acres_guntas": "3A 19G",
        "area_acres_decimal": 3.48
      },
      "geometry": {
        "type": "Polygon",
        "coordinates": [
          [
            [77.127232, 13.118139],
            [77.128439, 13.118139],
            [77.128439, 13.119108],
            [77.127232, 13.119108],
            [77.127232, 13.118139]
          ]
        ]
      }
    },
    {
      "type": "Feature",
      "properties": {
        "data_source": "SYNTHETIC - not an official record",
        "state": "Karnataka",
        "district": "Kodagu",
        "taluk": "Somwarpet",
        "hobli": "Somwarpet",
        "village": "Kushalnagar",
        "survey_number": "88/7",
        "khata_number": "0006",
        "landholder_name": "Nagaraj Poojary (synthetic)",
        "land_type": "Wet (Baagayat)",
        "soil_type": "Black Cotton",
        "crop": "Cotton",
        "area_acres_guntas": "1A 4G",
        "area_acres_decimal": 1.1
      },
      "geometry": {
        "type": "Polygon",
        "coordinates": [
          [
            [75.849841, 12.182837],
            [75.85048, 12.182837],
            [75.85048, 12.183516],
            [75.849841, 12.183516],
            [75.849841, 12.182837]
          ]
        ]
      }
    },
    {
      "type": "Feature",
      "properties": {
        "data_source": "SYNTHETIC - not an official record",
        "state": "Karnataka",
        "district": "Bengaluru Rural",
        "taluk": "Devanahalli",
        "hobli": "Devanahalli",
        "village": "Devanahalli",
        "survey_number": "67/8",
        "khata_number": "0006",
        "landholder_name": "Sharadamma Poojary (synthetic)",
        "land_type": "Dry (Khushki)",
        "soil_type": "Laterite",
        "crop": "Coffee",
        "area_acres_guntas": "3A 8G",
        "area_acres_decimal": 3.2
      },
      "geometry": {
        "type": "Polygon",
        "coordinates": [
          [
            [77.548186, 13.18783],
            [77.549335, 13.18783],
            [77.549335, 13.188992],
            [77.548186, 13.188992],
            [77.548186, 13.18783]
          ]
        ]
      }
    },
    {
      "type": "Feature",
      "properties": {
        "data_source": "SYNTHETIC - not an official record",
        "state": "Karnataka",
        "district": "Mandya",
        "taluk": "Maddur",
        "hobli": "Maddur",
        "village": "Kestur",
        "survey_number": "174/8",
        "khata_number": "0005",
        "landholder_name": "Gowramma Gowda (synthetic)",
        "land_type": "Garden (Tota)",
        "soil_type": "Black Cotton",
        "crop": "Sugarcane",
        "area_acres_guntas": "2A 3G",
        "area_acres_decimal": 2.08
      },
      "geometry": {
        "type": "Polygon",
        "coordinates": [
          [
            [76.988203, 12.450197],
            [76.989038, 12.450197],
            [76.989038, 12.45102],
            [76.988203, 12.45102],
            [76.988203, 12.450197]
          ]
        ]
      }
    },
    {
      "type": "Feature",
      "properties": {
        "data_source": "SYNTHETIC - not an official record",
        "state": "Karnataka",
        "district": "Belagavi",
        "taluk": "Athani",
        "hobli": "Athani",
        "village": "Ugar Khurd",
        "survey_number": "106/9",
        "khata_number": "0009",
        "landholder_name": "Rathnamma Setty (synthetic)",
        "land_type": "Garden (Tota)",
        "soil_type": "Black Cotton",
        "crop": "Paddy",
        "area_acres_guntas": "1A 9G",
        "area_acres_decimal": 1.23
      },
      "geometry": {
        "type": "Polygon",
        "coordinates": [
          [
            [75.058447, 15.918608],
            [75.059156, 15.918608],
            [75.059156, 15.919273],
            [75.058447, 15.919273],
            [75.058447, 15.918608]
          ]
        ]
      }
    },
    {
      "type": "Feature",
      "properties": {
        "data_source": "SYNTHETIC - not an official record",
        "state": "Karnataka",
        "district": "Shivamogga",
        "taluk": "Sagar",
        "hobli": "Sagar",
        "village": "Sagar",
        "survey_number": "57/2B",
        "khata_number": "0006",
        "landholder_name": "Venkatesh Poojary (synthetic)",
        "land_type": "Garden (Tota)",
        "soil_type": "Laterite",
        "crop": "Ragi",
        "area_acres_guntas": "0A 20G",
        "area_acres_decimal": 0.5
      },
      "geometry": {
        "type": "Polygon",
        "coordinates": [
          [
            [75.523984, 13.937092],
            [75.524457, 13.937092],
            [75.524457, 13.937527],
            [75.523984, 13.937527],
            [75.523984, 13.937092]
          ]
        ]
      }
    },
    {
      "type": "Feature",
      "properties": {
        "data_source": "SYNTHETIC - not an official record",
        "state": "Karnataka",
        "district": "Belagavi",
        "taluk": "Athani",
        "hobli": "Athani",
        "village": "Athani",
        "survey_number": "102/3",
        "khata_number": "0007",
        "landholder_name": "Shivakumar Naik (synthetic)",
        "land_type": "Wet (Baagayat)",
        "soil_type": "Black Cotton",
        "crop": "Mulberry",
        "area_acres_guntas": "3A 27G",
        "area_acres_decimal": 3.67
      },
      "geometry": {
        "type": "Polygon",
        "coordinates": [
          [
            [74.655741, 16.053593],
            [74.656819, 16.053593],
            [74.656819, 16.054777],
            [74.655741, 16.054777],
            [74.655741, 16.053593]
          ]
        ]
      }
    },
    {
      "type": "Feature",
      "properties": {
        "data_source": "SYNTHETIC - not an official record",
        "state": "Karnataka",
        "district": "Hassan",
        "taluk": "Arsikere",
        "hobli": "Arsikere",
        "village": "Arsikere",
        "survey_number": "307/3",
        "khata_number": "0005",
        "landholder_name": "Siddappa Naik (synthetic)",
        "land_type": "Wet (Baagayat)",
        "soil_type": "Red Loamy",
        "crop": "Mulberry",
        "area_acres_guntas": "2A 22G",
        "area_acres_decimal": 2.55
      },
      "geometry": {
        "type": "Polygon",
        "coordinates": [
          [
            [76.008979, 13.108601],
            [76.00999, 13.108601],
            [76.00999, 13.109496],
            [76.008979, 13.109496],
            [76.008979, 13.108601]
          ]
        ]
      }
    },
    {
      "type": "Feature",
      "properties": {
        "data_source": "SYNTHETIC - not an official record",
        "state": "Karnataka",
        "district": "Mandya",
        "taluk": "Maddur",
        "hobli": "Maddur",
        "village": "Kestur",
        "survey_number": "312/5B",
        "khata_number": "0006",
        "landholder_name": "Gowramma Rao (synthetic)",
        "land_type": "Garden (Tota)",
        "soil_type": "Red Loamy",
        "crop": "Maize",
        "area_acres_guntas": "2A 27G",
        "area_acres_decimal": 2.67
      },
      "geometry": {
        "type": "Polygon",
        "coordinates": [
          [
            [77.040809, 12.698816],
            [77.041768, 12.698816],
            [77.041768, 12.699865],
            [77.040809, 12.699865],
            [77.040809, 12.698816]
          ]
        ]
      }
    },
    {
      "type": "Feature",
      "properties": {
        "data_source": "SYNTHETIC - not an official record",
        "state": "Karnataka",
        "district": "Hassan",
        "taluk": "Sakleshpur",
        "hobli": "Sakleshpur",
        "village": "Yeslur",
        "survey_number": "161/2",
        "khata_number": "0002",
        "landholder_name": "Krishnappa Rao (synthetic)",
        "land_type": "Dry (Khushki)",
        "soil_type": "Red Sandy",
        "crop": "Cotton",
        "area_acres_guntas": "2A 39G",
        "area_acres_decimal": 2.98
      },
      "geometry": {
        "type": "Polygon",
        "coordinates": [
          [
            [76.151116, 13.055799],
            [76.152282, 13.055799],
            [76.152282, 13.056917],
            [76.151116, 13.056917],
            [76.151116, 13.055799]
          ]
        ]
      }
    },
    {
      "type": "Feature",
      "properties": {
        "data_source": "SYNTHETIC - not an official record",
        "state": "Karnataka",
        "district": "Hassan",
        "taluk": "Sakleshpur",
        "hobli": "Sakleshpur",
        "village": "Sakleshpur",
        "survey_number": "135/4",
        "khata_number": "0004",
        "landholder_name": "Basavaraj Gowda (synthetic)",
        "land_type": "Garden (Tota)",
        "soil_type": "Red Loamy",
        "crop": "Coffee",
        "area_acres_guntas": "3A 7G",
        "area_acres_decimal": 3.17
      },
      "geometry": {
        "type": "Polygon",
        "coordinates": [
          [
            [76.132968, 13.035898],
            [76.134141, 13.035898],
            [76.134141, 13.037059],
            [76.132968, 13.037059],
            [76.132968, 13.035898]
          ]
        ]
      }
    },
    {
      "type": "Feature",
      "properties": {
        "data_source": "SYNTHETIC - not an official record",
        "state": "Karnataka",
        "district": "Mysuru",
        "taluk": "T. Narasipura",
        "hobli": "Bannur",
        "village": "Bannur",
        "survey_number": "336",
        "khata_number": "0008",
        "landholder_name": "Venkatesh Achar (synthetic)",
        "land_type": "Wet (Baagayat)",
        "soil_type": "Red Sandy",
        "crop": "Areca Nut",
        "area_acres_guntas": "3A 13G",
        "area_acres_decimal": 3.33
      },
      "geometry": {
        "type": "Polygon",
        "coordinates": [
          [
            [76.542248, 12.127009],
            [76.543412, 12.127009],
            [76.543412, 12.12808],
            [76.542248, 12.12808],
            [76.542248, 12.127009]
          ]
        ]
      }
    },
    {
      "type": "Feature",
      "properties": {
        "data_source": "SYNTHETIC - not an official record",
        "state": "Karnataka",
        "district": "Belagavi",
        "taluk": "Chikodi",
        "hobli": "Chikodi",
        "village": "Chikodi",
        "survey_number": "116",
        "khata_number": "0005",
        "landholder_name": "Puttaswamy Rao (synthetic)",
        "land_type": "Dry (Khushki)",
        "soil_type": "Red Sandy",
        "crop": "Groundnut",
        "area_acres_guntas": "3A 23G",
        "area_acres_decimal": 3.58
      },
      "geometry": {
        "type": "Polygon",
        "coordinates": [
          [
            [74.849552, 15.790139],
            [74.850533, 15.790139],
            [74.850533, 15.791326],
            [74.849552, 15.791326],
            [74.849552, 15.790139]
          ]
        ]
      }
    },
    {
      "type": "Feature",
      "properties": {
        "data_source": "SYNTHETIC - not an official record",
        "state": "Karnataka",
        "district": "Kodagu",
        "taluk": "Virajpet",
        "hobli": "Virajpet",
        "village": "Gonikoppal",
        "survey_number": "23/9B",
        "khata_number": "0007",
        "landholder_name": "Mahadevaiah Reddy (synthetic)",
        "land_type": "Dry (Khushki)",
        "soil_type": "Black Cotton",
        "crop": "Maize",
        "area_acres_guntas": "3A 13G",
        "area_acres_decimal": 3.33
      },
      "geometry": {
        "type": "Polygon",
        "coordinates": [
          [
            [76.029888, 12.439352],
            [76.030835, 12.439352],
            [76.030835, 12.440413],
            [76.029888, 12.440413],
            [76.029888, 12.439352]
          ]
        ]
      }
    },
    {
      "type": "Feature",
      "properties": {
        "data_source": "SYNTHETIC - not an official record",
        "state": "Karnataka",
        "district": "Shivamogga",
        "taluk": "Thirthahalli",
        "hobli": "Thirthahalli",
        "village": "Agumbe",
        "survey_number": "70/3",
        "khata_number": "0008",
        "landholder_name": "Siddappa Gowda (synthetic)",
        "land_type": "Garden (Tota)",
        "soil_type": "Red Loamy",
        "crop": "Paddy",
        "area_acres_guntas": "3A 20G",
        "area_acres_decimal": 3.5
      },
      "geometry": {
        "type": "Polygon",
        "coordinates": [
          [
            [75.582222, 13.773885],
            [75.583321, 13.773885],
            [75.583321, 13.774874],
            [75.582222, 13.774874],
            [75.582222, 13.773885]
          ]
        ]
      }
    },
    {
      "type": "Feature",
      "properties": {
        "data_source": "SYNTHETIC - not an official record",
        "state": "Karnataka",
        "district": "Shivamogga",
        "taluk": "Bhadravati",
        "hobli": "Bhadravati",
        "village": "Bhadravati",
        "survey_number": "19/7",
        "khata_number": "0007",
        "landholder_name": "Krishnappa Reddy (synthetic)",
        "land_type": "Garden (Tota)",
        "soil_type": "Laterite",
        "crop": "Fallow",
        "area_acres_guntas": "3A 6G",
        "area_acres_decimal": 3.15
      },
      "geometry": {
        "type": "Polygon",
        "coordinates": [
          [
            [75.816361, 14.0185],
            [75.817395, 14.0185],
            [75.817395, 14.01944],
            [75.816361, 14.01944],
            [75.816361, 14.0185]
          ]
        ]
      }
    },
    {
      "type": "Feature",
      "properties": {
        "data_source": "SYNTHETIC - not an official record",
        "state": "Karnataka",
        "district": "Chamarajanagar",
        "taluk": "Chamarajanagar",
        "hobli": "Chamarajanagar",
        "village": "Yelandur",
        "survey_number": "118",
        "khata_number": "0010",
        "landholder_name": "Manjunath Achar (synthetic)",
        "land_type": "Wet (Baagayat)",
        "soil_type": "Black Cotton",
        "crop": "Coffee",
        "area_acres_guntas": "3A 12G",
        "area_acres_decimal": 3.3
      },
      "geometry": {
        "type": "Polygon",
        "coordinates": [
          [
            [76.972849, 12.096184],
            [76.973876, 12.096184],
            [76.973876, 12.097255],
            [76.972849, 12.097255],
            [76.972849, 12.096184]
          ]
        ]
      }
    },
    {
      "type": "Feature",
      "properties": {
        "data_source": "SYNTHETIC - not an official record",
        "state": "Karnataka",
        "district": "Chamarajanagar",
        "taluk": "Gundlupet",
        "hobli": "Gundlupet",
        "village": "Terakanambi",
        "survey_number": "164/9",
        "khata_number": "0010",
        "landholder_name": "Shivakumar Naik (synthetic)",
        "land_type": "Garden (Tota)",
        "soil_type": "Red Loamy",
        "crop": "Groundnut",
        "area_acres_guntas": "2A 13G",
        "area_acres_decimal": 2.33
      },
      "geometry": {
        "type": "Polygon",
        "coordinates": [
          [
            [76.940204, 11.788448],
            [76.941021, 11.788448],
            [76.941021, 11.789326],
            [76.940204, 11.789326],
            [76.940204, 11.788448]
          ]
        ]
      }
    },
    {
      "type": "Feature",
      "properties": {
        "data_source": "SYNTHETIC - not an official record",
        "state": "Karnataka",
        "district": "Kodagu",
        "taluk": "Madikeri",
        "hobli": "Madikeri",
        "village": "Napoklu",
        "survey_number": "253/6B",
        "khata_number": "0005",
        "landholder_name": "Chandrashekar Achar (synthetic)",
        "land_type": "Garden (Tota)",
        "soil_type": "Red Loamy",
        "crop": "Coconut",
        "area_acres_guntas": "1A 11G",
        "area_acres_decimal": 1.27
      },
      "geometry": {
        "type": "Polygon",
        "coordinates": [
          [
            [75.823242, 12.295919],
            [75.823913, 12.295919],
            [75.823913, 12.296637],
            [75.823242, 12.296637],
            [75.823242, 12.295919]
          ]
        ]
      }
    },
    {
      "type": "Feature",
      "properties": {
        "data_source": "SYNTHETIC - not an official record",
        "state": "Karnataka",
        "district": "Chamarajanagar",
        "taluk": "Chamarajanagar",
        "hobli": "Chamarajanagar",
        "village": "Yelandur",
        "survey_number": "195",
        "khata_number": "0011",
        "landholder_name": "Suresh Rao (synthetic)",
        "land_type": "Dry (Khushki)",
        "soil_type": "Laterite",
        "crop": "Coconut",
        "area_acres_guntas": "1A 34G",
        "area_acres_decimal": 1.85
      },
      "geometry": {
        "type": "Polygon",
        "coordinates": [
          [
            [77.169901, 12.102742],
            [77.170748, 12.102742],
            [77.170748, 12.103414],
            [77.169901, 12.103414],
            [77.169901, 12.102742]
          ]
        ]
      }
    },
    {
      "type": "Feature",
      "properties": {
        "data_source": "SYNTHETIC - not an official record",
        "state": "Karnataka",
        "district": "Mysuru",
        "taluk": "Mysuru",
        "hobli": "Kasaba",
        "village": "Ilavala",
        "survey_number": "218/9B",
        "khata_number": "0004",
        "landholder_name": "Gowramma Setty (synthetic)",
        "land_type": "Dry (Khushki)",
        "soil_type": "Black Cotton",
        "crop": "Paddy",
        "area_acres_guntas": "3A 9G",
        "area_acres_decimal": 3.23
      },
      "geometry": {
        "type": "Polygon",
        "coordinates": [
          [
            [76.750889, 12.259434],
            [76.751844, 12.259434],
            [76.751844, 12.260599],
            [76.750889, 12.260599],
            [76.750889, 12.259434]
          ]
        ]
      }
    },
    {
      "type": "Feature",
      "properties": {
        "data_source": "SYNTHETIC - not an official record",
        "state": "Karnataka",
        "district": "Kodagu",
        "taluk": "Madikeri",
        "hobli": "Madikeri",
        "village": "Madikeri",
        "survey_number": "136/6B",
        "khata_number": "0006",
        "landholder_name": "Mahadevaiah Naik (synthetic)",
        "land_type": "Garden (Tota)",
        "soil_type": "Red Loamy",
        "crop": "Mulberry",
        "area_acres_guntas": "0A 1G",
        "area_acres_decimal": 0.03
      },
      "geometry": {
        "type": "Polygon",
        "coordinates": [
          [
            [75.686646, 12.351184],
            [75.686851, 12.351184],
            [75.686851, 12.351342],
            [75.686646, 12.351342],
            [75.686646, 12.351184]
          ]
        ]
      }
    },
    {
      "type": "Feature",
      "properties": {
        "data_source": "SYNTHETIC - not an official record",
        "state": "Karnataka",
        "district": "Kodagu",
        "taluk": "Madikeri",
        "hobli": "Madikeri",
        "village": "Madikeri",
        "survey_number": "312",
        "khata_number": "0007",
        "landholder_name": "Mahadevaiah Achar (synthetic)",
        "land_type": "Wet (Baagayat)",
        "soil_type": "Red Loamy",
        "crop": "Cotton",
        "area_acres_guntas": "0A 17G",
        "area_acres_decimal": 0.42
      },
      "geometry": {
        "type": "Polygon",
        "coordinates": [
          [
            [75.850674, 12.390322],
            [75.851045, 12.390322],
            [75.851045, 12.390645],
            [75.850674, 12.390645],
            [75.850674, 12.390322]
          ]
        ]
      }
    },
    {
      "type": "Feature",
      "properties": {
        "data_source": "SYNTHETIC - not an official record",
        "state": "Karnataka",
        "district": "Mandya",
        "taluk": "Malavalli",
        "hobli": "Malavalli",
        "village": "Keragodu",
        "survey_number": "53/6",
        "khata_number": "0007",
        "landholder_name": "Shivakumar Setty (synthetic)",
        "land_type": "Dry (Khushki)",
        "soil_type": "Black Cotton",
        "crop": "Groundnut",
        "area_acres_guntas": "1A 9G",
        "area_acres_decimal": 1.23
      },
      "geometry": {
        "type": "Polygon",
        "coordinates": [
          [
            [76.658073, 12.676326],
            [76.658723, 12.676326],
            [76.658723, 12.677004],
            [76.658073, 12.677004],
            [76.658073, 12.676326]
          ]
        ]
      }
    },
    {
      "type": "Feature",
      "properties": {
        "data_source": "SYNTHETIC - not an official record",
        "state": "Karnataka",
        "district": "Chamarajanagar",
        "taluk": "Chamarajanagar",
        "hobli": "Chamarajanagar",
        "village": "Santemarahalli",
        "survey_number": "313",
        "khata_number": "0004",
        "landholder_name": "Nagaraj Naik (synthetic)",
        "land_type": "Wet (Baagayat)",
        "soil_type": "Laterite",
        "crop": "Coconut",
        "area_acres_guntas": "1A 20G",
        "area_acres_decimal": 1.5
      },
      "geometry": {
        "type": "Polygon",
        "coordinates": [
          [
            [77.064759, 12.160029],
            [77.065578, 12.160029],
            [77.065578, 12.160666],
            [77.064759, 12.160666],
            [77.064759, 12.160029]
          ]
        ]
      }
    },
    {
      "type": "Feature",
      "properties": {
        "data_source": "SYNTHETIC - not an official record",
        "state": "Karnataka",
        "district": "Bengaluru Rural",
        "taluk": "Hoskote",
        "hobli": "Hoskote",
        "village": "Hoskote",
        "survey_number": "109/3B",
        "khata_number": "0004",
        "landholder_name": "Manjunath Gowda (synthetic)",
        "land_type": "Wet (Baagayat)",
        "soil_type": "Black Cotton",
        "crop": "Coffee",
        "area_acres_guntas": "1A 27G",
        "area_acres_decimal": 1.68
      },
      "geometry": {
        "type": "Polygon",
        "coordinates": [
          [
            [77.383797, 13.425002],
            [77.384535, 13.425002],
            [77.384535, 13.42574],
            [77.383797, 13.42574],
            [77.383797, 13.425002]
          ]
        ]
      }
    },
    {
      "type": "Feature",
      "properties": {
        "data_source": "SYNTHETIC - not an official record",
        "state": "Karnataka",
        "district": "Bengaluru Rural",
        "taluk": "Devanahalli",
        "hobli": "Devanahalli",
        "village": "Vishwanathapura",
        "survey_number": "309/5A",
        "khata_number": "0006",
        "landholder_name": "Puttaswamy Gowda (synthetic)",
        "land_type": "Dry (Khushki)",
        "soil_type": "Laterite",
        "crop": "Sugarcane",
        "area_acres_guntas": "0A 27G",
        "area_acres_decimal": 0.68
      },
      "geometry": {
        "type": "Polygon",
        "coordinates": [
          [
            [77.479594, 13.409305],
            [77.480082, 13.409305],
            [77.480082, 13.40972],
            [77.479594, 13.40972],
            [77.479594, 13.409305]
          ]
        ]
      }
    },
    {
      "type": "Feature",
      "properties": {
        "data_source": "SYNTHETIC - not an official record",
        "state": "Karnataka",
        "district": "Chamarajanagar",
        "taluk": "Chamarajanagar",
        "hobli": "Chamarajanagar",
        "village": "Santemarahalli",
        "survey_number": "311/5",
        "khata_number": "0005",
        "landholder_name": "Rathnamma Gowda (synthetic)",
        "land_type": "Wet (Baagayat)",
        "soil_type": "Red Sandy",
        "crop": "Ragi",
        "area_acres_guntas": "1A 8G",
        "area_acres_decimal": 1.2
      },
      "geometry": {
        "type": "Polygon",
        "coordinates": [
          [
            [76.733436, 12.070935],
            [76.733982, 12.070935],
            [76.733982, 12.071589],
            [76.733436, 12.071589],
            [76.733436, 12.070935]
          ]
        ]
      }
    },
    {
      "type": "Feature",
      "properties": {
        "data_source": "SYNTHETIC - not an official record",
        "state": "Karnataka",
        "district": "Mandya",
        "taluk": "Malavalli",
        "hobli": "Malavalli",
        "village": "Basaralu",
        "survey_number": "227/5",
        "khata_number": "0013",
        "landholder_name": "Shivakumar Rao (synthetic)",
        "land_type": "Garden (Tota)",
        "soil_type": "Black Cotton",
        "crop": "Ragi",
        "area_acres_guntas": "0A 29G",
        "area_acres_decimal": 0.72
      },
      "geometry": {
        "type": "Polygon",
        "coordinates": [
          [
            [76.747575, 12.521298],
            [76.748034, 12.521298],
            [76.748034, 12.521763],
            [76.747575, 12.521763],
            [76.747575, 12.521298]
          ]
        ]
      }
    },
    {
      "type": "Feature",
      "properties": {
        "data_source": "SYNTHETIC - not an official record",
        "state": "Karnataka",
        "district": "Bengaluru Rural",
        "taluk": "Hoskote",
        "hobli": "Hoskote",
        "village": "Hoskote",
        "survey_number": "344/7",
        "khata_number": "0005",
        "landholder_name": "Gowramma Rao (synthetic)",
        "land_type": "Dry (Khushki)",
        "soil_type": "Laterite",
        "crop": "Areca Nut",
        "area_acres_guntas": "3A 36G",
        "area_acres_decimal": 3.9
      },
      "geometry": {
        "type": "Polygon",
        "coordinates": [
          [
            [77.44769, 13.482918],
            [77.448822, 13.482918],
            [77.448822, 13.484007],
            [77.44769, 13.484007],
            [77.44769, 13.482918]
          ]
        ]
      }
    },
    {
      "type": "Feature",
      "properties": {
        "data_source": "SYNTHETIC - not an official record",
        "state": "Karnataka",
        "district": "Mandya",
        "taluk": "Maddur",
        "hobli": "Maddur",
        "village": "Maddur",
        "survey_number": "115/6A",
        "khata_number": "0007",
        "landholder_name": "Gowramma Shetty (synthetic)",
        "land_type": "Dry (Khushki)",
        "soil_type": "Red Loamy",
        "crop": "Groundnut",
        "area_acres_guntas": "1A 27G",
        "area_acres_decimal": 1.68
      },
      "geometry": {
        "type": "Polygon",
        "coordinates": [
          [
            [76.775479, 12.597959],
            [76.776132, 12.597959],
            [76.776132, 12.598804],
            [76.775479, 12.598804],
            [76.775479, 12.597959]
          ]
        ]
      }
    },
    {
      "type": "Feature",
      "properties": {
        "data_source": "SYNTHETIC - not an official record",
        "state": "Karnataka",
        "district": "Kodagu",
        "taluk": "Madikeri",
        "hobli": "Madikeri",
        "village": "Madikeri",
        "survey_number": "286/6",
        "khata_number": "0008",
        "landholder_name": "Lakshmi Gowda (synthetic)",
        "land_type": "Garden (Tota)",
        "soil_type": "Black Cotton",
        "crop": "Maize",
        "area_acres_guntas": "0A 27G",
        "area_acres_decimal": 0.68
      },
      "geometry": {
        "type": "Polygon",
        "coordinates": [
          [
            [75.699622, 12.418103],
            [75.700176, 12.418103],
            [75.700176, 12.41854],
            [75.699622, 12.41854],
            [75.699622, 12.418103]
          ]
        ]
      }
    },
    {
      "type": "Feature",
      "properties": {
        "data_source": "SYNTHETIC - not an official record",
        "state": "Karnataka",
        "district": "Belagavi",
        "taluk": "Athani",
        "hobli": "Athani",
        "village": "Kagwad",
        "survey_number": "110/1B",
        "khata_number": "0009",
        "landholder_name": "Basavaraj Gowda (synthetic)",
        "land_type": "Wet (Baagayat)",
        "soil_type": "Red Sandy",
        "crop": "Mulberry",
        "area_acres_guntas": "0A 3G",
        "area_acres_decimal": 0.07
      },
      "geometry": {
        "type": "Polygon",
        "coordinates": [
          [
            [74.662878, 16.011078],
            [74.66309, 16.011078],
            [74.66309, 16.011276],
            [74.662878, 16.011276],
            [74.662878, 16.011078]
          ]
        ]
      }
    },
    {
      "type": "Feature",
      "properties": {
        "data_source": "SYNTHETIC - not an official record",
        "state": "Karnataka",
        "district": "Chamarajanagar",
        "taluk": "Kollegal",
        "hobli": "Kollegal",
        "village": "Hanur",
        "survey_number": "204/4A",
        "khata_number": "0007",
        "landholder_name": "Puttaswamy Setty (synthetic)",
        "land_type": "Dry (Khushki)",
        "soil_type": "Laterite",
        "crop": "Coconut",
        "area_acres_guntas": "3A 23G",
        "area_acres_decimal": 3.58
      },
      "geometry": {
        "type": "Polygon",
        "coordinates": [
          [
            [77.130529, 11.804238],
            [77.131679, 11.804238],
            [77.131679, 11.805388],
            [77.130529, 11.805388],
            [77.130529, 11.804238]
          ]
        ]
      }
    },
    {
      "type": "Feature",
      "properties": {
        "data_source": "SYNTHETIC - not an official record",
        "state": "Karnataka",
        "district": "Kodagu",
        "taluk": "Madikeri",
        "hobli": "Madikeri",
        "village": "Kutta",
        "survey_number": "297/9A",
        "khata_number": "0006",
        "landholder_name": "Suresh Rao (synthetic)",
        "land_type": "Garden (Tota)",
        "soil_type": "Red Sandy",
        "crop": "Maize",
        "area_acres_guntas": "2A 6G",
        "area_acres_decimal": 2.15
      },
      "geometry": {
        "type": "Polygon",
        "coordinates": [
          [
            [75.736086, 12.175214],
            [75.736855, 12.175214],
            [75.736855, 12.176041],
            [75.736086, 12.176041],
            [75.736086, 12.175214]
          ]
        ]
      }
    },
    {
      "type": "Feature",
      "properties": {
        "data_source": "SYNTHETIC - not an official record",
        "state": "Karnataka",
        "district": "Shivamogga",
        "taluk": "Thirthahalli",
        "hobli": "Thirthahalli",
        "village": "Mandagadde",
        "survey_number": "197/5",
        "khata_number": "0003",
        "landholder_name": "Chandrashekar Achar (synthetic)",
        "land_type": "Garden (Tota)",
        "soil_type": "Laterite",
        "crop": "Groundnut",
        "area_acres_guntas": "0A 37G",
        "area_acres_decimal": 0.93
      },
      "geometry": {
        "type": "Polygon",
        "coordinates": [
          [
            [75.51766, 14.020657],
            [75.518145, 14.020657],
            [75.518145, 14.021266],
            [75.51766, 14.021266],
            [75.51766, 14.020657]
          ]
        ]
      }
    },
    {
      "type": "Feature",
      "properties": {
        "data_source": "SYNTHETIC - not an official record",
        "state": "Karnataka",
        "district": "Chamarajanagar",
        "taluk": "Gundlupet",
        "hobli": "Gundlupet",
        "village": "Gundlupet",
        "survey_number": "100",
        "khata_number": "0006",
        "landholder_name": "Manjunath Gowda (synthetic)",
        "land_type": "Dry (Khushki)",
        "soil_type": "Black Cotton",
        "crop": "Coconut",
        "area_acres_guntas": "3A 29G",
        "area_acres_decimal": 3.73
      },
      "geometry": {
        "type": "Polygon",
        "coordinates": [
          [
            [77.104598, 11.717061],
            [77.105614, 11.717061],
            [77.105614, 11.718057],
            [77.104598, 11.718057],
            [77.104598, 11.717061]
          ]
        ]
      }
    },
    {
      "type": "Feature",
      "properties": {
        "data_source": "SYNTHETIC - not an official record",
        "state": "Karnataka",
        "district": "Mysuru",
        "taluk": "Hunsur",
        "hobli": "Hunsur",
        "village": "Halepura",
        "survey_number": "9",
        "khata_number": "0006",
        "landholder_name": "Basavaraj Naik (synthetic)",
        "land_type": "Wet (Baagayat)",
        "soil_type": "Laterite",
        "crop": "Mulberry",
        "area_acres_guntas": "3A 23G",
        "area_acres_decimal": 3.58
      },
      "geometry": {
        "type": "Polygon",
        "coordinates": [
          [
            [76.480911, 12.092094],
            [76.482127, 12.092094],
            [76.482127, 12.09321],
            [76.480911, 12.09321],
            [76.480911, 12.092094]
          ]
        ]
      }
    },
    {
      "type": "Feature",
      "properties": {
        "data_source": "SYNTHETIC - not an official record",
        "state": "Karnataka",
        "district": "Kodagu",
        "taluk": "Madikeri",
        "hobli": "Madikeri",
        "village": "Napoklu",
        "survey_number": "239/5",
        "khata_number": "0006",
        "landholder_name": "Krishnappa Gowda (synthetic)",
        "land_type": "Garden (Tota)",
        "soil_type": "Red Loamy",
        "crop": "Paddy",
        "area_acres_guntas": "0A 34G",
        "area_acres_decimal": 0.85
      },
      "geometry": {
        "type": "Polygon",
        "coordinates": [
          [
            [75.642072, 12.534933],
            [75.642677, 12.534933],
            [75.642677, 12.535486],
            [75.642072, 12.535486],
            [75.642072, 12.534933]
          ]
        ]
      }
    },
    {
      "type": "Feature",
      "properties": {
        "data_source": "SYNTHETIC - not an official record",
        "state": "Karnataka",
        "district": "Tumakuru",
        "taluk": "Madhugiri",
        "hobli": "Madhugiri",
        "village": "Madhugiri",
        "survey_number": "91/6A",
        "khata_number": "0005",
        "landholder_name": "Chandrashekar Setty (synthetic)",
        "land_type": "Dry (Khushki)",
        "soil_type": "Red Sandy",
        "crop": "Coffee",
        "area_acres_guntas": "3A 7G",
        "area_acres_decimal": 3.17
      },
      "geometry": {
        "type": "Polygon",
        "coordinates": [
          [
            [77.065506, 13.446205],
            [77.066513, 13.446205],
            [77.066513, 13.447344],
            [77.065506, 13.447344],
            [77.065506, 13.446205]
          ]
        ]
      }
    },
    {
      "type": "Feature",
      "properties": {
        "data_source": "SYNTHETIC - not an official record",
        "state": "Karnataka",
        "district": "Tumakuru",
        "taluk": "Pavagada",
        "hobli": "Pavagada",
        "village": "Nagalamadike",
        "survey_number": "35/9A",
        "khata_number": "0006",
        "landholder_name": "Puttaswamy Gowda (synthetic)",
        "land_type": "Wet (Baagayat)",
        "soil_type": "Red Sandy",
        "crop": "Ragi",
        "area_acres_guntas": "1A 31G",
        "area_acres_decimal": 1.77
      },
      "geometry": {
        "type": "Polygon",
        "coordinates": [
          [
            [77.196216, 13.257358],
            [77.197101, 13.257358],
            [77.197101, 13.258028],
            [77.196216, 13.258028],
            [77.196216, 13.257358]
          ]
        ]
      }
    },
    {
      "type": "Feature",
      "properties": {
        "data_source": "SYNTHETIC - not an official record",
        "state": "Karnataka",
        "district": "Mandya",
        "taluk": "Malavalli",
        "hobli": "Malavalli",
        "village": "Malavalli",
        "survey_number": "18/4B",
        "khata_number": "0004",
        "landholder_name": "Ramesh Rao (synthetic)",
        "land_type": "Dry (Khushki)",
        "soil_type": "Black Cotton",
        "crop": "Areca Nut",
        "area_acres_guntas": "0A 22G",
        "area_acres_decimal": 0.55
      },
      "geometry": {
        "type": "Polygon",
        "coordinates": [
          [
            [77.134428, 12.325218],
            [77.134817, 12.325218],
            [77.134817, 12.325634],
            [77.134428, 12.325634],
            [77.134428, 12.325218]
          ]
        ]
      }
    },
    {
      "type": "Feature",
      "properties": {
        "data_source": "SYNTHETIC - not an official record",
        "state": "Karnataka",
        "district": "Bengaluru Rural",
        "taluk": "Devanahalli",
        "hobli": "Devanahalli",
        "village": "Vishwanathapura",
        "survey_number": "92/8",
        "khata_number": "0007",
        "landholder_name": "Puttaswamy Gowda (synthetic)",
        "land_type": "Wet (Baagayat)",
        "soil_type": "Laterite",
        "crop": "Ragi",
        "area_acres_guntas": "2A 13G",
        "area_acres_decimal": 2.33
      },
      "geometry": {
        "type": "Polygon",
        "coordinates": [
          [
            [77.477847, 13.481567],
            [77.478651, 13.481567],
            [77.478651, 13.482402],
            [77.477847, 13.482402],
            [77.477847, 13.481567]
          ]
        ]
      }
    },
    {
      "type": "Feature",
      "properties": {
        "data_source": "SYNTHETIC - not an official record",
        "state": "Karnataka",
        "district": "Kodagu",
        "taluk": "Madikeri",
        "hobli": "Madikeri",
        "village": "Madikeri",
        "survey_number": "136/1",
        "khata_number": "0009",
        "landholder_name": "Siddappa Naik (synthetic)",
        "land_type": "Dry (Khushki)",
        "soil_type": "Red Sandy",
        "crop": "Coconut",
        "area_acres_guntas": "2A 31G",
        "area_acres_decimal": 2.77
      },
      "geometry": {
        "type": "Polygon",
        "coordinates": [
          [
            [75.789698, 12.383047],
            [75.790662, 12.383047],
            [75.790662, 12.38413],
            [75.789698, 12.38413],
            [75.789698, 12.383047]
          ]
        ]
      }
    },
    {
      "type": "Feature",
      "properties": {
        "data_source": "SYNTHETIC - not an official record",
        "state": "Karnataka",
        "district": "Hassan",
        "taluk": "Belur",
        "hobli": "Belur",
        "village": "Halebeedu",
        "survey_number": "154/2",
        "khata_number": "0005",
        "landholder_name": "Shivakumar Poojary (synthetic)",
        "land_type": "Wet (Baagayat)",
        "soil_type": "Red Loamy",
        "crop": "Sugarcane",
        "area_acres_guntas": "2A 37G",
        "area_acres_decimal": 2.92
      },
      "geometry": {
        "type": "Polygon",
        "coordinates": [
          [
            [76.004821, 12.786209],
            [76.005897, 12.786209],
            [76.005897, 12.787106],
            [76.004821, 12.787106],
            [76.004821, 12.786209]
          ]
        ]
      }
    },
    {
      "type": "Feature",
      "properties": {
        "data_source": "SYNTHETIC - not an official record",
        "state": "Karnataka",
        "district": "Mysuru",
        "taluk": "Mysuru",
        "hobli": "Kasaba",
        "village": "Varuna",
        "survey_number": "126",
        "khata_number": "0003",
        "landholder_name": "Mahadevaiah Rao (synthetic)",
        "land_type": "Wet (Baagayat)",
        "soil_type": "Red Loamy",
        "crop": "Mulberry",
        "area_acres_guntas": "1A 3G",
        "area_acres_decimal": 1.07
      },
      "geometry": {
        "type": "Polygon",
        "coordinates": [
          [
            [76.808435, 12.301224],
            [76.808956, 12.301224],
            [76.808956, 12.301885],
            [76.808435, 12.301885],
            [76.808435, 12.301224]
          ]
        ]
      }
    },
    {
      "type": "Feature",
      "properties": {
        "data_source": "SYNTHETIC - not an official record",
        "state": "Karnataka",
        "district": "Hassan",
        "taluk": "Sakleshpur",
        "hobli": "Sakleshpur",
        "village": "Sakleshpur",
        "survey_number": "230/5A",
        "khata_number": "0005",
        "landholder_name": "Ramesh Achar (synthetic)",
        "land_type": "Garden (Tota)",
        "soil_type": "Red Loamy",
        "crop": "Coconut",
        "area_acres_guntas": "3A 26G",
        "area_acres_decimal": 3.65
      },
      "geometry": {
        "type": "Polygon",
        "coordinates": [
          [
            [76.277037, 12.816848],
            [76.278148, 12.816848],
            [76.278148, 12.817934],
            [76.277037, 12.817934],
            [76.277037, 12.816848]
          ]
        ]
      }
    },
    {
      "type": "Feature",
      "properties": {
        "data_source": "SYNTHETIC - not an official record",
        "state": "Karnataka",
        "district": "Dharwad",
        "taluk": "Kalghatgi",
        "hobli": "Kalghatgi",
        "village": "Hebsur",
        "survey_number": "274/8",
        "khata_number": "0005",
        "landholder_name": "Chandrashekar Setty (synthetic)",
        "land_type": "Garden (Tota)",
        "soil_type": "Red Loamy",
        "crop": "Groundnut",
        "area_acres_guntas": "2A 17G",
        "area_acres_decimal": 2.42
      },
      "geometry": {
        "type": "Polygon",
        "coordinates": [
          [
            [74.96593, 15.519207],
            [74.966897, 15.519207],
            [74.966897, 15.520192],
            [74.96593, 15.520192],
            [74.96593, 15.519207]
          ]
        ]
      }
    },
    {
      "type": "Feature",
      "properties": {
        "data_source": "SYNTHETIC - not an official record",
        "state": "Karnataka",
        "district": "Hassan",
        "taluk": "Arsikere",
        "hobli": "Arsikere",
        "village": "Javagal",
        "survey_number": "234",
        "khata_number": "0004",
        "landholder_name": "Mahadevaiah Gowda (synthetic)",
        "land_type": "Garden (Tota)",
        "soil_type": "Black Cotton",
        "crop": "Cotton",
        "area_acres_guntas": "2A 20G",
        "area_acres_decimal": 2.5
      },
      "geometry": {
        "type": "Polygon",
        "coordinates": [
          [
            [75.998198, 13.179621],
            [75.999171, 13.179621],
            [75.999171, 13.180598],
            [75.998198, 13.180598],
            [75.998198, 13.179621]
          ]
        ]
      }
    }
  ]
}
