{
  "type": "FeatureCollection",
  "name": "telangana_cadastral_synthetic_dharani_style",
  "description": "SYNTHETIC demo data mimicking Telangana Dharani/Pahani land record structure. District/mandal/village names are real places; survey numbers, pattadar account numbers, landholder names, and boundaries are fabricated for testing/demo purposes only. Not sourced from or validated against any official land record.",
  "features": [
    {
      "type": "Feature",
      "properties": {
        "data_source": "SYNTHETIC - not an official record",
        "state": "Telangana",
        "district": "Karimnagar",
        "mandal": "Karimnagar",
        "village": "Karimnagar Rural",
        "survey_number": "272/6",
        "pattadar_account_no": "0001",
        "landholder_name": "Bhagyamma (synthetic)",
        "land_type": "Wet (Nala/Baavi)",
        "soil_type": "Black Regada",
        "crop": "Paddy",
        "area_acres_guntas": "3A 1G",
        "area_acres_decimal": 3.02
      },
      "geometry": {
        "type": "Polygon",
        "coordinates": [
          [
            [
              79.175551,
              18.401304
            ],
            [
              79.176476,
              18.401304
            ],
            [
              79.176476,
              18.402444
            ],
            [
              79.175551,
              18.402444
            ],
            [
              79.175551,
              18.401304
            ]
          ]
        ]
      }
    },
    {
      "type": "Feature",
      "properties": {
        "data_source": "SYNTHETIC - not an official record",
        "state": "Telangana",
        "district": "Rangareddy",
        "mandal": "Chevella",
        "village": "Shabad",
        "survey_number": "30/1B",
        "pattadar_account_no": "0001",
        "landholder_name": "Mallesham Rao (synthetic)",
        "land_type": "Dry (Metta)",
        "soil_type": "Red Loamy",
        "crop": "Chilli",
        "area_acres_guntas": "2A 20G",
        "area_acres_decimal": 2.5
      },
      "geometry": {
        "type": "Polygon",
        "coordinates": [
          [
            [
              78.39662,
              17.129002
            ],
            [
              78.397589,
              17.129002
            ],
            [
              78.397589,
              17.129994
            ],
            [
              78.39662,
              17.129994
            ],
            [
              78.39662,
              17.129002
            ]
          ]
        ]
      }
    },
    {
      "type": "Feature",
      "properties": {
        "data_source": "SYNTHETIC - not an official record",
        "state": "Telangana",
        "district": "Suryapet",
        "mandal": "Kodad",
        "village": "Nadigudem",
        "survey_number": "92/6A",
        "pattadar_account_no": "0001",
        "landholder_name": "Yellaiah Chary (synthetic)",
        "land_type": "Dry (Metta)",
        "soil_type": "Sandy Loam",
        "crop": "Fallow",
        "area_acres_guntas": "0A 36G",
        "area_acres_decimal": 0.9
      },
      "geometry": {
        "type": "Polygon",
        "coordinates": [
          [
            [
              79.690924,
              16.980737
            ],
            [
              79.691454,
              16.980737
            ],
            [
              79.691454,
              16.981292
            ],
            [
              79.690924,
              16.981292
            ],
            [
              79.690924,
              16.980737
            ]
          ]
        ]
      }
    },
    {
      "type": "Feature",
      "properties": {
        "data_source": "SYNTHETIC - not an official record",
        "state": "Telangana",
        "district": "Khammam",
        "mandal": "Kothagudem",
        "village": "Yellandu",
        "survey_number": "282",
        "pattadar_account_no": "0001",
        "landholder_name": "Anasuya Goud (synthetic)",
        "land_type": "Garden (Thota)",
        "soil_type": "Sandy Loam",
        "crop": "Cotton",
        "area_acres_guntas": "1A 21G",
        "area_acres_decimal": 1.52
      },
      "geometry": {
        "type": "Polygon",
        "coordinates": [
          [
            [
              80.052018,
              17.388394
            ],
            [
              80.052769,
              17.388394
            ],
            [
              80.052769,
              17.389189
            ],
            [
              80.052018,
              17.389189
            ],
            [
              80.052018,
              17.388394
            ]
          ]
        ]
      }
    },
    {
      "type": "Feature",
      "properties": {
        "data_source": "SYNTHETIC - not an official record",
        "state": "Telangana",
        "district": "Nalgonda",
        "mandal": "Miryalaguda",
        "village": "Miryalaguda",
        "survey_number": "12",
        "pattadar_account_no": "0001",
        "landholder_name": "Venkateshwarlu (synthetic)",
        "land_type": "Garden (Thota)",
        "soil_type": "Sandy Loam",
        "crop": "Paddy",
        "area_acres_guntas": "0A 22G",
        "area_acres_decimal": 0.55
      },
      "geometry": {
        "type": "Polygon",
        "coordinates": [
          [
            [
              78.92777,
              17.007881
            ],
            [
              78.92815,
              17.007881
            ],
            [
              78.92815,
              17.008343
            ],
            [
              78.92777,
              17.008343
            ],
            [
              78.92777,
              17.007881
            ]
          ]
        ]
      }
    },
    {
      "type": "Feature",
      "properties": {
        "data_source": "SYNTHETIC - not an official record",
        "state": "Telangana",
        "district": "Rangareddy",
        "mandal": "Shamshabad",
        "village": "Kothur",
        "survey_number": "236",
        "pattadar_account_no": "0001",
        "landholder_name": "Chandraiah Reddy (synthetic)",
        "land_type": "Garden (Thota)",
        "soil_type": "Black Regada",
        "crop": "Groundnut",
        "area_acres_guntas": "1A 16G",
        "area_acres_decimal": 1.4
      },
      "geometry": {
        "type": "Polygon",
        "coordinates": [
          [
            [
              78.262667,
              17.048017
            ],
            [
              78.263291,
              17.048017
            ],
            [
              78.263291,
              17.048627
            ],
            [
              78.262667,
              17.048627
            ],
            [
              78.262667,
              17.048017
            ]
          ]
        ]
      }
    },
    {
      "type": "Feature",
      "properties": {
        "data_source": "SYNTHETIC - not an official record",
        "state": "Telangana",
        "district": "Khammam",
        "mandal": "Kothagudem",
        "village": "Kothagudem",
        "survey_number": "212/2",
        "pattadar_account_no": "0001",
        "landholder_name": "Sammaiah Naidu (synthetic)",
        "land_type": "Wet (Nala/Baavi)",
        "soil_type": "Red Chalka",
        "crop": "Red Gram (Kandi)",
        "area_acres_guntas": "2A 6G",
        "area_acres_decimal": 2.15
      },
      "geometry": {
        "type": "Polygon",
        "coordinates": [
          [
            [
              80.347213,
              17.343497
            ],
            [
              80.347968,
              17.343497
            ],
            [
              80.347968,
              17.344247
            ],
            [
              80.347213,
              17.344247
            ],
            [
              80.347213,
              17.343497
            ]
          ]
        ]
      }
    },
    {
      "type": "Feature",
      "properties": {
        "data_source": "SYNTHETIC - not an official record",
        "state": "Telangana",
        "district": "Nalgonda",
        "mandal": "Devarakonda",
        "village": "Devarakonda",
        "survey_number": "59/4",
        "pattadar_account_no": "0001",
        "landholder_name": "Venkateshwarlu Naidu (synthetic)",
        "land_type": "Garden (Thota)",
        "soil_type": "Red Chalka",
        "crop": "Red Gram (Kandi)",
        "area_acres_guntas": "2A 24G",
        "area_acres_decimal": 2.6
      },
      "geometry": {
        "type": "Polygon",
        "coordinates": [
          [
            [
              79.068525,
              17.143746
            ],
            [
              79.069354,
              17.143746
            ],
            [
              79.069354,
              17.144797
            ],
            [
              79.068525,
              17.144797
            ],
            [
              79.068525,
              17.143746
            ]
          ]
        ]
      }
    },
    {
      "type": "Feature",
      "properties": {
        "data_source": "SYNTHETIC - not an official record",
        "state": "Telangana",
        "district": "Rangareddy",
        "mandal": "Shamshabad",
        "village": "Chandanagar Kalan",
        "survey_number": "42/5B",
        "pattadar_account_no": "0001",
        "landholder_name": "Mallesham Reddy (synthetic)",
        "land_type": "Garden (Thota)",
        "soil_type": "Black Regada",
        "crop": "Groundnut",
        "area_acres_guntas": "2A 16G",
        "area_acres_decimal": 2.4
      },
      "geometry": {
        "type": "Polygon",
        "coordinates": [
          [
            [
              78.254142,
              17.160886
            ],
            [
              78.255182,
              17.160886
            ],
            [
              78.255182,
              17.161664
            ],
            [
              78.254142,
              17.161664
            ],
            [
              78.254142,
              17.160886
            ]
          ]
        ]
      }
    },
    {
      "type": "Feature",
      "properties": {
        "data_source": "SYNTHETIC - not an official record",
        "state": "Telangana",
        "district": "Nizamabad",
        "mandal": "Nizamabad",
        "village": "Bodhan",
        "survey_number": "349/6",
        "pattadar_account_no": "0001",
        "landholder_name": "Krishnamurthy (synthetic)",
        "land_type": "Wet (Nala/Baavi)",
        "soil_type": "Black Regada",
        "crop": "Chilli",
        "area_acres_guntas": "3A 2G",
        "area_acres_decimal": 3.05
      },
      "geometry": {
        "type": "Polygon",
        "coordinates": [
          [
            [
              78.077901,
              18.625384
            ],
            [
              78.078932,
              18.625384
            ],
            [
              78.078932,
              18.62648
            ],
            [
              78.077901,
              18.62648
            ],
            [
              78.077901,
              18.625384
            ]
          ]
        ]
      }
    },
    {
      "type": "Feature",
      "properties": {
        "data_source": "SYNTHETIC - not an official record",
        "state": "Telangana",
        "district": "Adilabad",
        "mandal": "Nirmal",
        "village": "Laxmanchanda",
        "survey_number": "136",
        "pattadar_account_no": "0001",
        "landholder_name": "Krishnamurthy Reddy (synthetic)",
        "land_type": "Garden (Thota)",
        "soil_type": "Red Chalka",
        "crop": "Mango Orchard",
        "area_acres_guntas": "2A 36G",
        "area_acres_decimal": 2.9
      },
      "geometry": {
        "type": "Polygon",
        "coordinates": [
          [
            [
              78.323984,
              19.528213
            ],
            [
              78.325104,
              19.528213
            ],
            [
              78.325104,
              19.529045
            ],
            [
              78.323984,
              19.529045
            ],
            [
              78.323984,
              19.528213
            ]
          ]
        ]
      }
    },
    {
      "type": "Feature",
      "properties": {
        "data_source": "SYNTHETIC - not an official record",
        "state": "Telangana",
        "district": "Medchal-Malkajgiri",
        "mandal": "Shamirpet",
        "village": "Thirumalagiri",
        "survey_number": "41/4B",
        "pattadar_account_no": "0001",
        "landholder_name": "Ramulu Goud (synthetic)",
        "land_type": "Dry (Metta)",
        "soil_type": "Black Regada",
        "crop": "Cotton",
        "area_acres_guntas": "3A 39G",
        "area_acres_decimal": 3.98
      },
      "geometry": {
        "type": "Polygon",
        "coordinates": [
          [
            [
              78.616458,
              17.390804
            ],
            [
              78.617721,
              17.390804
            ],
            [
              78.617721,
              17.391876
            ],
            [
              78.616458,
              17.391876
            ],
            [
              78.616458,
              17.390804
            ]
          ]
        ]
      }
    },
    {
      "type": "Feature",
      "properties": {
        "data_source": "SYNTHETIC - not an official record",
        "state": "Telangana",
        "district": "Rangareddy",
        "mandal": "Shamshabad",
        "village": "Chandanagar Kalan",
        "survey_number": "313/5B",
        "pattadar_account_no": "0002",
        "landholder_name": "Anjaiah Reddy (synthetic)",
        "land_type": "Wet (Nala/Baavi)",
        "soil_type": "Red Chalka",
        "crop": "Soybean",
        "area_acres_guntas": "0A 38G",
        "area_acres_decimal": 0.95
      },
      "geometry": {
        "type": "Polygon",
        "coordinates": [
          [
            [
              78.120986,
              16.959304
            ],
            [
              78.121616,
              16.959304
            ],
            [
              78.121616,
              16.959796
            ],
            [
              78.120986,
              16.959796
            ],
            [
              78.120986,
              16.959304
            ]
          ]
        ]
      }
    },
    {
      "type": "Feature",
      "properties": {
        "data_source": "SYNTHETIC - not an official record",
        "state": "Telangana",
        "district": "Khammam",
        "mandal": "Khammam",
        "village": "Khammam Rural",
        "survey_number": "219/4B",
        "pattadar_account_no": "0001",
        "landholder_name": "Lakshmamma Rao (synthetic)",
        "land_type": "Wet (Nala/Baavi)",
        "soil_type": "Black Regada",
        "crop": "Groundnut",
        "area_acres_guntas": "2A 29G",
        "area_acres_decimal": 2.73
      },
      "geometry": {
        "type": "Polygon",
        "coordinates": [
          [
            [
              80.327919,
              17.102503
            ],
            [
              80.329025,
              17.102503
            ],
            [
              80.329025,
              17.103587
            ],
            [
              80.327919,
              17.103587
            ],
            [
              80.327919,
              17.102503
            ]
          ]
        ]
      }
    },
    {
      "type": "Feature",
      "properties": {
        "data_source": "SYNTHETIC - not an official record",
        "state": "Telangana",
        "district": "Nizamabad",
        "mandal": "Armoor",
        "village": "Armoor",
        "survey_number": "108/9",
        "pattadar_account_no": "0001",
        "landholder_name": "Bhagyamma Rao (synthetic)",
        "land_type": "Wet (Nala/Baavi)",
        "soil_type": "Red Chalka",
        "crop": "Sugarcane",
        "area_acres_guntas": "0A 20G",
        "area_acres_decimal": 0.5
      },
      "geometry": {
        "type": "Polygon",
        "coordinates": [
          [
            [
              78.095543,
              18.594933
            ],
            [
              78.096001,
              18.594933
            ],
            [
              78.096001,
              18.595335
            ],
            [
              78.095543,
              18.595335
            ],
            [
              78.095543,
              18.594933
            ]
          ]
        ]
      }
    },
    {
      "type": "Feature",
      "properties": {
        "data_source": "SYNTHETIC - not an official record",
        "state": "Telangana",
        "district": "Khammam",
        "mandal": "Khammam",
        "village": "Kusumanchi",
        "survey_number": "89",
        "pattadar_account_no": "0001",
        "landholder_name": "Narsimha Naidu (synthetic)",
        "land_type": "Garden (Thota)",
        "soil_type": "Sandy Loam",
        "crop": "Soybean",
        "area_acres_guntas": "1A 28G",
        "area_acres_decimal": 1.7
      },
      "geometry": {
        "type": "Polygon",
        "coordinates": [
          [
            [
              79.917086,
              17.14773
            ],
            [
              79.917981,
              17.14773
            ],
            [
              79.917981,
              17.148513
            ],
            [
              79.917086,
              17.148513
            ],
            [
              79.917086,
              17.14773
            ]
          ]
        ]
      }
    },
    {
      "type": "Feature",
      "properties": {
        "data_source": "SYNTHETIC - not an official record",
        "state": "Telangana",
        "district": "Mahabubnagar",
        "mandal": "Mahabubnagar",
        "village": "Jadcherla",
        "survey_number": "18/7B",
        "pattadar_account_no": "0001",
        "landholder_name": "Yellaiah (synthetic)",
        "land_type": "Garden (Thota)",
        "soil_type": "Red Loamy",
        "crop": "Fallow",
        "area_acres_guntas": "1A 9G",
        "area_acres_decimal": 1.23
      },
      "geometry": {
        "type": "Polygon",
        "coordinates": [
          [
            [
              78.058203,
              16.617018
            ],
            [
              78.058887,
              16.617018
            ],
            [
              78.058887,
              16.617571
            ],
            [
              78.058203,
              16.617571
            ],
            [
              78.058203,
              16.617018
            ]
          ]
        ]
      }
    },
    {
      "type": "Feature",
      "properties": {
        "data_source": "SYNTHETIC - not an official record",
        "state": "Telangana",
        "district": "Medchal-Malkajgiri",
        "mandal": "Keesara",
        "village": "Ghatkesar Road",
        "survey_number": "159/1A",
        "pattadar_account_no": "0001",
        "landholder_name": "Padma Yadav (synthetic)",
        "land_type": "Garden (Thota)",
        "soil_type": "Red Loamy",
        "crop": "Turmeric",
        "area_acres_guntas": "2A 17G",
        "area_acres_decimal": 2.42
      },
      "geometry": {
        "type": "Polygon",
        "coordinates": [
          [
            [
              78.642748,
              17.859068
            ],
            [
              78.643742,
              17.859068
            ],
            [
              78.643742,
              17.859941
            ],
            [
              78.642748,
              17.859941
            ],
            [
              78.642748,
              17.859068
            ]
          ]
        ]
      }
    },
    {
      "type": "Feature",
      "properties": {
        "data_source": "SYNTHETIC - not an official record",
        "state": "Telangana",
        "district": "Rangareddy",
        "mandal": "Shamshabad",
        "village": "Chandanagar Kalan",
        "survey_number": "79/3A",
        "pattadar_account_no": "0003",
        "landholder_name": "Srinivas (synthetic)",
        "land_type": "Wet (Nala/Baavi)",
        "soil_type": "Red Chalka",
        "crop": "Red Gram (Kandi)",
        "area_acres_guntas": "0A 5G",
        "area_acres_decimal": 0.12
      },
      "geometry": {
        "type": "Polygon",
        "coordinates": [
          [
            [
              78.314746,
              17.400497
            ],
            [
              78.314983,
              17.400497
            ],
            [
              78.314983,
              17.400668
            ],
            [
              78.314746,
              17.400668
            ],
            [
              78.314746,
              17.400497
            ]
          ]
        ]
      }
    },
    {
      "type": "Feature",
      "properties": {
        "data_source": "SYNTHETIC - not an official record",
        "state": "Telangana",
        "district": "Adilabad",
        "mandal": "Nirmal",
        "village": "Bhainsa",
        "survey_number": "326/4A",
        "pattadar_account_no": "0001",
        "landholder_name": "Ravi Yadav (synthetic)",
        "land_type": "Dry (Metta)",
        "soil_type": "Black Regada",
        "crop": "Fallow",
        "area_acres_guntas": "3A 3G",
        "area_acres_decimal": 3.08
      },
      "geometry": {
        "type": "Polygon",
        "coordinates": [
          [
            [
              78.551741,
              19.630343
            ],
            [
              78.552885,
              19.630343
            ],
            [
              78.552885,
              19.631468
            ],
            [
              78.551741,
              19.631468
            ],
            [
              78.551741,
              19.630343
            ]
          ]
        ]
      }
    },
    {
      "type": "Feature",
      "properties": {
        "data_source": "SYNTHETIC - not an official record",
        "state": "Telangana",
        "district": "Suryapet",
        "mandal": "Kodad",
        "village": "Kodad",
        "survey_number": "24",
        "pattadar_account_no": "0001",
        "landholder_name": "Ramulu Reddy (synthetic)",
        "land_type": "Wet (Nala/Baavi)",
        "soil_type": "Sandy Loam",
        "crop": "Fallow",
        "area_acres_guntas": "0A 31G",
        "area_acres_decimal": 0.78
      },
      "geometry": {
        "type": "Polygon",
        "coordinates": [
          [
            [
              79.654418,
              17.17575
            ],
            [
              79.654882,
              17.17575
            ],
            [
              79.654882,
              17.17623
            ],
            [
              79.654418,
              17.17623
            ],
            [
              79.654418,
              17.17575
            ]
          ]
        ]
      }
    },
    {
      "type": "Feature",
      "properties": {
        "data_source": "SYNTHETIC - not an official record",
        "state": "Telangana",
        "district": "Warangal",
        "mandal": "Narsampet",
        "village": "Narsampet",
        "survey_number": "299",
        "pattadar_account_no": "0001",
        "landholder_name": "Yellaiah Rao (synthetic)",
        "land_type": "Garden (Thota)",
        "soil_type": "Black Regada",
        "crop": "Fallow",
        "area_acres_guntas": "0A 17G",
        "area_acres_decimal": 0.42
      },
      "geometry": {
        "type": "Polygon",
        "coordinates": [
          [
            [
              79.421258,
              17.799751
            ],
            [
              79.421667,
              17.799751
            ],
            [
              79.421667,
              17.800078
            ],
            [
              79.421258,
              17.800078
            ],
            [
              79.421258,
              17.799751
            ]
          ]
        ]
      }
    },
    {
      "type": "Feature",
      "properties": {
        "data_source": "SYNTHETIC - not an official record",
        "state": "Telangana",
        "district": "Adilabad",
        "mandal": "Nirmal",
        "village": "Bhainsa",
        "survey_number": "194",
        "pattadar_account_no": "0002",
        "landholder_name": "Padma Naik (synthetic)",
        "land_type": "Wet (Nala/Baavi)",
        "soil_type": "Sandy Loam",
        "crop": "Fallow",
        "area_acres_guntas": "3A 13G",
        "area_acres_decimal": 3.33
      },
      "geometry": {
        "type": "Polygon",
        "coordinates": [
          [
            [
              78.311598,
              19.75831
            ],
            [
              78.312596,
              19.75831
            ],
            [
              78.312596,
              19.759372
            ],
            [
              78.311598,
              19.759372
            ],
            [
              78.311598,
              19.75831
            ]
          ]
        ]
      }
    },
    {
      "type": "Feature",
      "properties": {
        "data_source": "SYNTHETIC - not an official record",
        "state": "Telangana",
        "district": "Rangareddy",
        "mandal": "Chevella",
        "village": "Shabad",
        "survey_number": "67/2B",
        "pattadar_account_no": "0002",
        "landholder_name": "Balaraju Chary (synthetic)",
        "land_type": "Dry (Metta)",
        "soil_type": "Red Chalka",
        "crop": "Mango Orchard",
        "area_acres_guntas": "1A 16G",
        "area_acres_decimal": 1.4
      },
      "geometry": {
        "type": "Polygon",
        "coordinates": [
          [
            [
              78.516259,
              16.997805
            ],
            [
              78.516936,
              16.997805
            ],
            [
              78.516936,
              16.998423
            ],
            [
              78.516259,
              16.998423
            ],
            [
              78.516259,
              16.997805
            ]
          ]
        ]
      }
    },
    {
      "type": "Feature",
      "properties": {
        "data_source": "SYNTHETIC - not an official record",
        "state": "Telangana",
        "district": "Medchal-Malkajgiri",
        "mandal": "Keesara",
        "village": "Ghatkesar Road",
        "survey_number": "273",
        "pattadar_account_no": "0002",
        "landholder_name": "Yellaiah Rao (synthetic)",
        "land_type": "Garden (Thota)",
        "soil_type": "Red Chalka",
        "crop": "Fallow",
        "area_acres_guntas": "0A 2G",
        "area_acres_decimal": 0.05
      },
      "geometry": {
        "type": "Polygon",
        "coordinates": [
          [
            [
              78.694741,
              17.42211
            ],
            [
              78.694952,
              17.42211
            ],
            [
              78.694952,
              17.422307
            ],
            [
              78.694741,
              17.422307
            ],
            [
              78.694741,
              17.42211
            ]
          ]
        ]
      }
    },
    {
      "type": "Feature",
      "properties": {
        "data_source": "SYNTHETIC - not an official record",
        "state": "Telangana",
        "district": "Khammam",
        "mandal": "Kothagudem",
        "village": "Yellandu",
        "survey_number": "210/3B",
        "pattadar_account_no": "0002",
        "landholder_name": "Ravi Rao (synthetic)",
        "land_type": "Garden (Thota)",
        "soil_type": "Sandy Loam",
        "crop": "Soybean",
        "area_acres_guntas": "1A 38G",
        "area_acres_decimal": 1.95
      },
      "geometry": {
        "type": "Polygon",
        "coordinates": [
          [
            [
              80.373779,
              17.349422
            ],
            [
              80.374559,
              17.349422
            ],
            [
              80.374559,
              17.350276
            ],
            [
              80.373779,
              17.350276
            ],
            [
              80.373779,
              17.349422
            ]
          ]
        ]
      }
    },
    {
      "type": "Feature",
      "properties": {
        "data_source": "SYNTHETIC - not an official record",
        "state": "Telangana",
        "district": "Khammam",
        "mandal": "Kothagudem",
        "village": "Yellandu",
        "survey_number": "180/1",
        "pattadar_account_no": "0003",
        "landholder_name": "Krishnamurthy Goud (synthetic)",
        "land_type": "Dry (Metta)",
        "soil_type": "Black Regada",
        "crop": "Fallow",
        "area_acres_guntas": "2A 27G",
        "area_acres_decimal": 2.67
      },
      "geometry": {
        "type": "Polygon",
        "coordinates": [
          [
            [
              79.940062,
              17.242224
            ],
            [
              79.941159,
              17.242224
            ],
            [
              79.941159,
              17.243254
            ],
            [
              79.940062,
              17.243254
            ],
            [
              79.940062,
              17.242224
            ]
          ]
        ]
      }
    },
    {
      "type": "Feature",
      "properties": {
        "data_source": "SYNTHETIC - not an official record",
        "state": "Telangana",
        "district": "Karimnagar",
        "mandal": "Karimnagar",
        "village": "Karimnagar Rural",
        "survey_number": "76/8",
        "pattadar_account_no": "0002",
        "landholder_name": "Narsimha Goud (synthetic)",
        "land_type": "Wet (Nala/Baavi)",
        "soil_type": "Black Regada",
        "crop": "Groundnut",
        "area_acres_guntas": "3A 3G",
        "area_acres_decimal": 3.08
      },
      "geometry": {
        "type": "Polygon",
        "coordinates": [
          [
            [
              79.223061,
              18.680107
            ],
            [
              79.224201,
              18.680107
            ],
            [
              79.224201,
              18.681233
            ],
            [
              79.223061,
              18.681233
            ],
            [
              79.223061,
              18.680107
            ]
          ]
        ]
      }
    },
    {
      "type": "Feature",
      "properties": {
        "data_source": "SYNTHETIC - not an official record",
        "state": "Telangana",
        "district": "Rangareddy",
        "mandal": "Shamshabad",
        "village": "Shamshabad",
        "survey_number": "146",
        "pattadar_account_no": "0001",
        "landholder_name": "Anasuya Naik (synthetic)",
        "land_type": "Garden (Thota)",
        "soil_type": "Red Loamy",
        "crop": "Chilli",
        "area_acres_guntas": "2A 36G",
        "area_acres_decimal": 2.9
      },
      "geometry": {
        "type": "Polygon",
        "coordinates": [
          [
            [
              78.121459,
              17.383379
            ],
            [
              78.122595,
              17.383379
            ],
            [
              78.122595,
              17.384446
            ],
            [
              78.121459,
              17.384446
            ],
            [
              78.121459,
              17.383379
            ]
          ]
        ]
      }
    },
    {
      "type": "Feature",
      "properties": {
        "data_source": "SYNTHETIC - not an official record",
        "state": "Telangana",
        "district": "Suryapet",
        "mandal": "Kodad",
        "village": "Nadigudem",
        "survey_number": "84/8B",
        "pattadar_account_no": "0002",
        "landholder_name": "Sammaiah (synthetic)",
        "land_type": "Garden (Thota)",
        "soil_type": "Black Regada",
        "crop": "Paddy",
        "area_acres_guntas": "3A 0G",
        "area_acres_decimal": 3.0
      },
      "geometry": {
        "type": "Polygon",
        "coordinates": [
          [
            [
              79.387908,
              17.216706
            ],
            [
              79.389018,
              17.216706
            ],
            [
              79.389018,
              17.217821
            ],
            [
              79.387908,
              17.217821
            ],
            [
              79.387908,
              17.216706
            ]
          ]
        ]
      }
    },
    {
      "type": "Feature",
      "properties": {
        "data_source": "SYNTHETIC - not an official record",
        "state": "Telangana",
        "district": "Adilabad",
        "mandal": "Adilabad",
        "village": "Jainad",
        "survey_number": "144/4",
        "pattadar_account_no": "0001",
        "landholder_name": "Bhagyamma Naidu (synthetic)",
        "land_type": "Garden (Thota)",
        "soil_type": "Red Loamy",
        "crop": "Paddy",
        "area_acres_guntas": "2A 31G",
        "area_acres_decimal": 2.77
      },
      "geometry": {
        "type": "Polygon",
        "coordinates": [
          [
            [
              78.636807,
              19.771577
            ],
            [
              78.637827,
              19.771577
            ],
            [
              78.637827,
              19.772437
            ],
            [
              78.636807,
              19.772437
            ],
            [
              78.636807,
              19.771577
            ]
          ]
        ]
      }
    },
    {
      "type": "Feature",
      "properties": {
        "data_source": "SYNTHETIC - not an official record",
        "state": "Telangana",
        "district": "Warangal",
        "mandal": "Warangal",
        "village": "Wardhannapet",
        "survey_number": "1",
        "pattadar_account_no": "0001",
        "landholder_name": "Bhagyamma Naik (synthetic)",
        "land_type": "Wet (Nala/Baavi)",
        "soil_type": "Black Regada",
        "crop": "Turmeric",
        "area_acres_guntas": "1A 0G",
        "area_acres_decimal": 1.0
      },
      "geometry": {
        "type": "Polygon",
        "coordinates": [
          [
            [
              79.452455,
              17.923248
            ],
            [
              79.453082,
              17.923248
            ],
            [
              79.453082,
              17.923785
            ],
            [
              79.452455,
              17.923785
            ],
            [
              79.452455,
              17.923248
            ]
          ]
        ]
      }
    },
    {
      "type": "Feature",
      "properties": {
        "data_source": "SYNTHETIC - not an official record",
        "state": "Telangana",
        "district": "Medchal-Malkajgiri",
        "mandal": "Shamirpet",
        "village": "Gundlapochampally",
        "survey_number": "22/4A",
        "pattadar_account_no": "0001",
        "landholder_name": "Mallesham Chary (synthetic)",
        "land_type": "Dry (Metta)",
        "soil_type": "Red Loamy",
        "crop": "Fallow",
        "area_acres_guntas": "0A 36G",
        "area_acres_decimal": 0.9
      },
      "geometry": {
        "type": "Polygon",
        "coordinates": [
          [
            [
              78.395989,
              17.825671
            ],
            [
              78.396479,
              17.825671
            ],
            [
              78.396479,
              17.8262
            ],
            [
              78.395989,
              17.8262
            ],
            [
              78.395989,
              17.825671
            ]
          ]
        ]
      }
    },
    {
      "type": "Feature",
      "properties": {
        "data_source": "SYNTHETIC - not an official record",
        "state": "Telangana",
        "district": "Medchal-Malkajgiri",
        "mandal": "Shamirpet",
        "village": "Gundlapochampally",
        "survey_number": "3",
        "pattadar_account_no": "0002",
        "landholder_name": "Srinivas Reddy (synthetic)",
        "land_type": "Dry (Metta)",
        "soil_type": "Red Chalka",
        "crop": "Maize",
        "area_acres_guntas": "3A 33G",
        "area_acres_decimal": 3.83
      },
      "geometry": {
        "type": "Polygon",
        "coordinates": [
          [
            [
              78.329765,
              17.822316
            ],
            [
              78.33086,
              17.822316
            ],
            [
              78.33086,
              17.823434
            ],
            [
              78.329765,
              17.823434
            ],
            [
              78.329765,
              17.822316
            ]
          ]
        ]
      }
    },
    {
      "type": "Feature",
      "properties": {
        "data_source": "SYNTHETIC - not an official record",
        "state": "Telangana",
        "district": "Adilabad",
        "mandal": "Adilabad",
        "village": "Adilabad Rural",
        "survey_number": "244/1",
        "pattadar_account_no": "0001",
        "landholder_name": "Mallesham Rao (synthetic)",
        "land_type": "Garden (Thota)",
        "soil_type": "Red Chalka",
        "crop": "Soybean",
        "area_acres_guntas": "2A 33G",
        "area_acres_decimal": 2.83
      },
      "geometry": {
        "type": "Polygon",
        "coordinates": [
          [
            [
              78.439824,
              19.830895
            ],
            [
              78.440864,
              19.830895
            ],
            [
              78.440864,
              19.831907
            ],
            [
              78.439824,
              19.831907
            ],
            [
              78.439824,
              19.830895
            ]
          ]
        ]
      }
    },
    {
      "type": "Feature",
      "properties": {
        "data_source": "SYNTHETIC - not an official record",
        "state": "Telangana",
        "district": "Khammam",
        "mandal": "Khammam",
        "village": "Khammam Rural",
        "survey_number": "162/5",
        "pattadar_account_no": "0002",
        "landholder_name": "Sammaiah Naidu (synthetic)",
        "land_type": "Dry (Metta)",
        "soil_type": "Red Chalka",
        "crop": "Paddy",
        "area_acres_guntas": "0A 20G",
        "area_acres_decimal": 0.5
      },
      "geometry": {
        "type": "Polygon",
        "coordinates": [
          [
            [
              80.297008,
              17.421644
            ],
            [
              80.29742,
              17.421644
            ],
            [
              80.29742,
              17.422058
            ],
            [
              80.297008,
              17.422058
            ],
            [
              80.297008,
              17.421644
            ]
          ]
        ]
      }
    },
    {
      "type": "Feature",
      "properties": {
        "data_source": "SYNTHETIC - not an official record",
        "state": "Telangana",
        "district": "Suryapet",
        "mandal": "Suryapet",
        "village": "Chilkur",
        "survey_number": "57/2B",
        "pattadar_account_no": "0001",
        "landholder_name": "Srinivas Naik (synthetic)",
        "land_type": "Garden (Thota)",
        "soil_type": "Sandy Loam",
        "crop": "Paddy",
        "area_acres_guntas": "2A 4G",
        "area_acres_decimal": 2.1
      },
      "geometry": {
        "type": "Polygon",
        "coordinates": [
          [
            [
              79.449229,
              16.990554
            ],
            [
              79.450068,
              16.990554
            ],
            [
              79.450068,
              16.991284
            ],
            [
              79.449229,
              16.991284
            ],
            [
              79.449229,
              16.990554
            ]
          ]
        ]
      }
    },
    {
      "type": "Feature",
      "properties": {
        "data_source": "SYNTHETIC - not an official record",
        "state": "Telangana",
        "district": "Khammam",
        "mandal": "Khammam",
        "village": "Nelakondapalli",
        "survey_number": "266/5",
        "pattadar_account_no": "0001",
        "landholder_name": "Srinivas Reddy (synthetic)",
        "land_type": "Dry (Metta)",
        "soil_type": "Black Regada",
        "crop": "Groundnut",
        "area_acres_guntas": "2A 30G",
        "area_acres_decimal": 2.75
      },
      "geometry": {
        "type": "Polygon",
        "coordinates": [
          [
            [
              80.264322,
              17.029825
            ],
            [
              80.265214,
              17.029825
            ],
            [
              80.265214,
              17.03084
            ],
            [
              80.264322,
              17.03084
            ],
            [
              80.264322,
              17.029825
            ]
          ]
        ]
      }
    },
    {
      "type": "Feature",
      "properties": {
        "data_source": "SYNTHETIC - not an official record",
        "state": "Telangana",
        "district": "Warangal",
        "mandal": "Narsampet",
        "village": "Narsampet",
        "survey_number": "76",
        "pattadar_account_no": "0002",
        "landholder_name": "Padma Naidu (synthetic)",
        "land_type": "Dry (Metta)",
        "soil_type": "Sandy Loam",
        "crop": "Groundnut",
        "area_acres_guntas": "3A 4G",
        "area_acres_decimal": 3.1
      },
      "geometry": {
        "type": "Polygon",
        "coordinates": [
          [
            [
              79.634913,
              18.18512
            ],
            [
              79.635848,
              18.18512
            ],
            [
              79.635848,
              18.186083
            ],
            [
              79.634913,
              18.186083
            ],
            [
              79.634913,
              18.18512
            ]
          ]
        ]
      }
    },
    {
      "type": "Feature",
      "properties": {
        "data_source": "SYNTHETIC - not an official record",
        "state": "Telangana",
        "district": "Medchal-Malkajgiri",
        "mandal": "Shamirpet",
        "village": "Gundlapochampally",
        "survey_number": "169/1B",
        "pattadar_account_no": "0003",
        "landholder_name": "Lakshmamma Reddy (synthetic)",
        "land_type": "Garden (Thota)",
        "soil_type": "Red Loamy",
        "crop": "Mango Orchard",
        "area_acres_guntas": "1A 12G",
        "area_acres_decimal": 1.3
      },
      "geometry": {
        "type": "Polygon",
        "coordinates": [
          [
            [
              78.780353,
              17.70993
            ],
            [
              78.780955,
              17.70993
            ],
            [
              78.780955,
              17.710603
            ],
            [
              78.780353,
              17.710603
            ],
            [
              78.780353,
              17.70993
            ]
          ]
        ]
      }
    },
    {
      "type": "Feature",
      "properties": {
        "data_source": "SYNTHETIC - not an official record",
        "state": "Telangana",
        "district": "Medchal-Malkajgiri",
        "mandal": "Shamirpet",
        "village": "Shamirpet",
        "survey_number": "270/2",
        "pattadar_account_no": "0001",
        "landholder_name": "Anjaiah (synthetic)",
        "land_type": "Garden (Thota)",
        "soil_type": "Black Regada",
        "crop": "Cotton",
        "area_acres_guntas": "2A 21G",
        "area_acres_decimal": 2.52
      },
      "geometry": {
        "type": "Polygon",
        "coordinates": [
          [
            [
              78.578327,
              17.467323
            ],
            [
              78.579174,
              17.467323
            ],
            [
              78.579174,
              17.468164
            ],
            [
              78.578327,
              17.468164
            ],
            [
              78.578327,
              17.467323
            ]
          ]
        ]
      }
    },
    {
      "type": "Feature",
      "properties": {
        "data_source": "SYNTHETIC - not an official record",
        "state": "Telangana",
        "district": "Karimnagar",
        "mandal": "Huzurabad",
        "village": "Huzurabad",
        "survey_number": "122/7B",
        "pattadar_account_no": "0001",
        "landholder_name": "Anasuya Rao (synthetic)",
        "land_type": "Dry (Metta)",
        "soil_type": "Sandy Loam",
        "crop": "Maize",
        "area_acres_guntas": "3A 38G",
        "area_acres_decimal": 3.95
      },
      "geometry": {
        "type": "Polygon",
        "coordinates": [
          [
            [
              79.03685,
              18.433308
            ],
            [
              79.038141,
              18.433308
            ],
            [
              79.038141,
              18.434382
            ],
            [
              79.03685,
              18.434382
            ],
            [
              79.03685,
              18.433308
            ]
          ]
        ]
      }
    },
    {
      "type": "Feature",
      "properties": {
        "data_source": "SYNTHETIC - not an official record",
        "state": "Telangana",
        "district": "Rangareddy",
        "mandal": "Ibrahimpatnam",
        "village": "Ibrahimpatnam",
        "survey_number": "307/1B",
        "pattadar_account_no": "0001",
        "landholder_name": "Anasuya Chary (synthetic)",
        "land_type": "Dry (Metta)",
        "soil_type": "Sandy Loam",
        "crop": "Fallow",
        "area_acres_guntas": "1A 30G",
        "area_acres_decimal": 1.75
      },
      "geometry": {
        "type": "Polygon",
        "coordinates": [
          [
            [
              78.325689,
              17.351265
            ],
            [
              78.326537,
              17.351265
            ],
            [
              78.326537,
              17.351998
            ],
            [
              78.325689,
              17.351998
            ],
            [
              78.325689,
              17.351265
            ]
          ]
        ]
      }
    },
    {
      "type": "Feature",
      "properties": {
        "data_source": "SYNTHETIC - not an official record",
        "state": "Telangana",
        "district": "Karimnagar",
        "mandal": "Huzurabad",
        "village": "Huzurabad",
        "survey_number": "216",
        "pattadar_account_no": "0002",
        "landholder_name": "Ramulu Goud (synthetic)",
        "land_type": "Dry (Metta)",
        "soil_type": "Black Regada",
        "crop": "Sugarcane",
        "area_acres_guntas": "2A 1G",
        "area_acres_decimal": 2.02
      },
      "geometry": {
        "type": "Polygon",
        "coordinates": [
          [
            [
              79.225899,
              18.264769
            ],
            [
              79.226727,
              18.264769
            ],
            [
              79.226727,
              18.265562
            ],
            [
              79.225899,
              18.265562
            ],
            [
              79.225899,
              18.264769
            ]
          ]
        ]
      }
    },
    {
      "type": "Feature",
      "properties": {
        "data_source": "SYNTHETIC - not an official record",
        "state": "Telangana",
        "district": "Rangareddy",
        "mandal": "Ibrahimpatnam",
        "village": "Pedda Amberpet",
        "survey_number": "77/6A",
        "pattadar_account_no": "0001",
        "landholder_name": "Mallesham Naidu (synthetic)",
        "land_type": "Garden (Thota)",
        "soil_type": "Sandy Loam",
        "crop": "Turmeric",
        "area_acres_guntas": "2A 7G",
        "area_acres_decimal": 2.17
      },
      "geometry": {
        "type": "Polygon",
        "coordinates": [
          [
            [
              78.070152,
              17.232103
            ],
            [
              78.071035,
              17.232103
            ],
            [
              78.071035,
              17.233027
            ],
            [
              78.070152,
              17.233027
            ],
            [
              78.070152,
              17.232103
            ]
          ]
        ]
      }
    },
    {
      "type": "Feature",
      "properties": {
        "data_source": "SYNTHETIC - not an official record",
        "state": "Telangana",
        "district": "Mahabubnagar",
        "mandal": "Mahabubnagar",
        "village": "Mahabubnagar Rural",
        "survey_number": "40/4B",
        "pattadar_account_no": "0001",
        "landholder_name": "Yellaiah Reddy (synthetic)",
        "land_type": "Dry (Metta)",
        "soil_type": "Red Chalka",
        "crop": "Chilli",
        "area_acres_guntas": "0A 17G",
        "area_acres_decimal": 0.42
      },
      "geometry": {
        "type": "Polygon",
        "coordinates": [
          [
            [
              78.072976,
              16.670386
            ],
            [
              78.073416,
              16.670386
            ],
            [
              78.073416,
              16.670781
            ],
            [
              78.072976,
              16.670781
            ],
            [
              78.072976,
              16.670386
            ]
          ]
        ]
      }
    },
    {
      "type": "Feature",
      "properties": {
        "data_source": "SYNTHETIC - not an official record",
        "state": "Telangana",
        "district": "Suryapet",
        "mandal": "Suryapet",
        "village": "Chilkur",
        "survey_number": "273",
        "pattadar_account_no": "0002",
        "landholder_name": "Ramulu Naik (synthetic)",
        "land_type": "Garden (Thota)",
        "soil_type": "Red Chalka",
        "crop": "Chilli",
        "area_acres_guntas": "1A 19G",
        "area_acres_decimal": 1.48
      },
      "geometry": {
        "type": "Polygon",
        "coordinates": [
          [
            [
              79.546368,
              17.124155
            ],
            [
              79.54707,
              17.124155
            ],
            [
              79.54707,
              17.124839
            ],
            [
              79.546368,
              17.124839
            ],
            [
              79.546368,
              17.124155
            ]
          ]
        ]
      }
    },
    {
      "type": "Feature",
      "properties": {
        "data_source": "SYNTHETIC - not an official record",
        "state": "Telangana",
        "district": "Rangareddy",
        "mandal": "Chevella",
        "village": "Chevella",
        "survey_number": "229/9",
        "pattadar_account_no": "0001",
        "landholder_name": "Lakshmamma Reddy (synthetic)",
        "land_type": "Wet (Nala/Baavi)",
        "soil_type": "Sandy Loam",
        "crop": "Fallow",
        "area_acres_guntas": "0A 21G",
        "area_acres_decimal": 0.53
      },
      "geometry": {
        "type": "Polygon",
        "coordinates": [
          [
            [
              78.287827,
              17.212395
            ],
            [
              78.288227,
              17.212395
            ],
            [
              78.288227,
              17.212756
            ],
            [
              78.287827,
              17.212756
            ],
            [
              78.287827,
              17.212395
            ]
          ]
        ]
      }
    },
    {
      "type": "Feature",
      "properties": {
        "data_source": "SYNTHETIC - not an official record",
        "state": "Telangana",
        "district": "Medchal-Malkajgiri",
        "mandal": "Keesara",
        "village": "Nagaram",
        "survey_number": "120/3",
        "pattadar_account_no": "0001",
        "landholder_name": "Mallesham Yadav (synthetic)",
        "land_type": "Garden (Thota)",
        "soil_type": "Red Loamy",
        "crop": "Red Gram (Kandi)",
        "area_acres_guntas": "3A 3G",
        "area_acres_decimal": 3.08
      },
      "geometry": {
        "type": "Polygon",
        "coordinates": [
          [
            [
              78.527746,
              17.470026
            ],
            [
              78.528674,
              17.470026
            ],
            [
              78.528674,
              17.47113
            ],
            [
              78.527746,
              17.47113
            ],
            [
              78.527746,
              17.470026
            ]
          ]
        ]
      }
    },
    {
      "type": "Feature",
      "properties": {
        "data_source": "SYNTHETIC - not an official record",
        "state": "Telangana",
        "district": "Suryapet",
        "mandal": "Kodad",
        "village": "Munagala",
        "survey_number": "180/1",
        "pattadar_account_no": "0001",
        "landholder_name": "Padma (synthetic)",
        "land_type": "Garden (Thota)",
        "soil_type": "Red Chalka",
        "crop": "Cotton",
        "area_acres_guntas": "3A 26G",
        "area_acres_decimal": 3.65
      },
      "geometry": {
        "type": "Polygon",
        "coordinates": [
          [
            [
              79.855884,
              17.228927
            ],
            [
              79.856874,
              17.228927
            ],
            [
              79.856874,
              17.229885
            ],
            [
              79.855884,
              17.229885
            ],
            [
              79.855884,
              17.228927
            ]
          ]
        ]
      }
    },
    {
      "type": "Feature",
      "properties": {
        "data_source": "SYNTHETIC - not an official record",
        "state": "Telangana",
        "district": "Nalgonda",
        "mandal": "Devarakonda",
        "village": "Chandampet",
        "survey_number": "46/1",
        "pattadar_account_no": "0001",
        "landholder_name": "Narsimha Chary (synthetic)",
        "land_type": "Dry (Metta)",
        "soil_type": "Red Loamy",
        "crop": "Chilli",
        "area_acres_guntas": "0A 29G",
        "area_acres_decimal": 0.72
      },
      "geometry": {
        "type": "Polygon",
        "coordinates": [
          [
            [
              78.972904,
              16.949816
            ],
            [
              78.973337,
              16.949816
            ],
            [
              78.973337,
              16.950315
            ],
            [
              78.972904,
              16.950315
            ],
            [
              78.972904,
              16.949816
            ]
          ]
        ]
      }
    },
    {
      "type": "Feature",
      "properties": {
        "data_source": "SYNTHETIC - not an official record",
        "state": "Telangana",
        "district": "Rangareddy",
        "mandal": "Chevella",
        "village": "Chevella",
        "survey_number": "338/4",
        "pattadar_account_no": "0002",
        "landholder_name": "Padma Rao (synthetic)",
        "land_type": "Wet (Nala/Baavi)",
        "soil_type": "Sandy Loam",
        "crop": "Mango Orchard",
        "area_acres_guntas": "0A 3G",
        "area_acres_decimal": 0.07
      },
      "geometry": {
        "type": "Polygon",
        "coordinates": [
          [
            [
              78.515745,
              17.068335
            ],
            [
              78.515919,
              17.068335
            ],
            [
              78.515919,
              17.068543
            ],
            [
              78.515745,
              17.068543
            ],
            [
              78.515745,
              17.068335
            ]
          ]
        ]
      }
    },
    {
      "type": "Feature",
      "properties": {
        "data_source": "SYNTHETIC - not an official record",
        "state": "Telangana",
        "district": "Suryapet",
        "mandal": "Kodad",
        "village": "Munagala",
        "survey_number": "163/8",
        "pattadar_account_no": "0002",
        "landholder_name": "Bhagyamma Rao (synthetic)",
        "land_type": "Garden (Thota)",
        "soil_type": "Black Regada",
        "crop": "Chilli",
        "area_acres_guntas": "1A 26G",
        "area_acres_decimal": 1.65
      },
      "geometry": {
        "type": "Polygon",
        "coordinates": [
          [
            [
              79.48939,
              16.928423
            ],
            [
              79.490102,
              16.928423
            ],
            [
              79.490102,
              16.929226
            ],
            [
              79.48939,
              16.929226
            ],
            [
              79.48939,
              16.928423
            ]
          ]
        ]
      }
    },
    {
      "type": "Feature",
      "properties": {
        "data_source": "SYNTHETIC - not an official record",
        "state": "Telangana",
        "district": "Medchal-Malkajgiri",
        "mandal": "Keesara",
        "village": "Keesara",
        "survey_number": "334/6B",
        "pattadar_account_no": "0001",
        "landholder_name": "Sammaiah Reddy (synthetic)",
        "land_type": "Wet (Nala/Baavi)",
        "soil_type": "Black Regada",
        "crop": "Chilli",
        "area_acres_guntas": "2A 1G",
        "area_acres_decimal": 2.02
      },
      "geometry": {
        "type": "Polygon",
        "coordinates": [
          [
            [
              78.514983,
              17.821849
            ],
            [
              78.515766,
              17.821849
            ],
            [
              78.515766,
              17.822742
            ],
            [
              78.514983,
              17.822742
            ],
            [
              78.514983,
              17.821849
            ]
          ]
        ]
      }
    },
    {
      "type": "Feature",
      "properties": {
        "data_source": "SYNTHETIC - not an official record",
        "state": "Telangana",
        "district": "Mahabubnagar",
        "mandal": "Mahabubnagar",
        "village": "Mahabubnagar Rural",
        "survey_number": "237",
        "pattadar_account_no": "0002",
        "landholder_name": "Mallesham Naidu (synthetic)",
        "land_type": "Dry (Metta)",
        "soil_type": "Sandy Loam",
        "crop": "Sugarcane",
        "area_acres_guntas": "2A 32G",
        "area_acres_decimal": 2.8
      },
      "geometry": {
        "type": "Polygon",
        "coordinates": [
          [
            [
              78.169506,
              16.788958
            ],
            [
              78.170545,
              16.788958
            ],
            [
              78.170545,
              16.789908
            ],
            [
              78.169506,
              16.789908
            ],
            [
              78.169506,
              16.788958
            ]
          ]
        ]
      }
    },
    {
      "type": "Feature",
      "properties": {
        "data_source": "SYNTHETIC - not an official record",
        "state": "Telangana",
        "district": "Khammam",
        "mandal": "Kothagudem",
        "village": "Palvancha",
        "survey_number": "31/5",
        "pattadar_account_no": "0001",
        "landholder_name": "Krishnamurthy (synthetic)",
        "land_type": "Wet (Nala/Baavi)",
        "soil_type": "Red Chalka",
        "crop": "Fallow",
        "area_acres_guntas": "2A 9G",
        "area_acres_decimal": 2.23
      },
      "geometry": {
        "type": "Polygon",
        "coordinates": [
          [
            [
              80.180103,
              17.033625
            ],
            [
              80.181108,
              17.033625
            ],
            [
              80.181108,
              17.034545
            ],
            [
              80.180103,
              17.034545
            ],
            [
              80.180103,
              17.033625
            ]
          ]
        ]
      }
    },
    {
      "type": "Feature",
      "properties": {
        "data_source": "SYNTHETIC - not an official record",
        "state": "Telangana",
        "district": "Khammam",
        "mandal": "Kothagudem",
        "village": "Yellandu",
        "survey_number": "283",
        "pattadar_account_no": "0004",
        "landholder_name": "Anasuya Naidu (synthetic)",
        "land_type": "Dry (Metta)",
        "soil_type": "Black Regada",
        "crop": "Mango Orchard",
        "area_acres_guntas": "1A 20G",
        "area_acres_decimal": 1.5
      },
      "geometry": {
        "type": "Polygon",
        "coordinates": [
          [
            [
              80.371968,
              17.297694
            ],
            [
              80.372724,
              17.297694
            ],
            [
              80.372724,
              17.298364
            ],
            [
              80.371968,
              17.298364
            ],
            [
              80.371968,
              17.297694
            ]
          ]
        ]
      }
    },
    {
      "type": "Feature",
      "properties": {
        "data_source": "SYNTHETIC - not an official record",
        "state": "Telangana",
        "district": "Warangal",
        "mandal": "Narsampet",
        "village": "Chennaraopet",
        "survey_number": "50",
        "pattadar_account_no": "0001",
        "landholder_name": "Yellaiah Naik (synthetic)",
        "land_type": "Dry (Metta)",
        "soil_type": "Red Chalka",
        "crop": "Mango Orchard",
        "area_acres_guntas": "3A 11G",
        "area_acres_decimal": 3.27
      },
      "geometry": {
        "type": "Polygon",
        "coordinates": [
          [
            [
              79.599898,
              17.74974
            ],
            [
              79.601046,
              17.74974
            ],
            [
              79.601046,
              17.750637
            ],
            [
              79.599898,
              17.750637
            ],
            [
              79.599898,
              17.74974
            ]
          ]
        ]
      }
    },
    {
      "type": "Feature",
      "properties": {
        "data_source": "SYNTHETIC - not an official record",
        "state": "Telangana",
        "district": "Khammam",
        "mandal": "Khammam",
        "village": "Kusumanchi",
        "survey_number": "301/3B",
        "pattadar_account_no": "0002",
        "landholder_name": "Anjaiah Goud (synthetic)",
        "land_type": "Wet (Nala/Baavi)",
        "soil_type": "Red Loamy",
        "crop": "Paddy",
        "area_acres_guntas": "3A 27G",
        "area_acres_decimal": 3.67
      },
      "geometry": {
        "type": "Polygon",
        "coordinates": [
          [
            [
              79.907265,
              17.370558
            ],
            [
              79.908464,
              17.370558
            ],
            [
              79.908464,
              17.371519
            ],
            [
              79.907265,
              17.371519
            ],
            [
              79.907265,
              17.370558
            ]
          ]
        ]
      }
    },
    {
      "type": "Feature",
      "properties": {
        "data_source": "SYNTHETIC - not an official record",
        "state": "Telangana",
        "district": "Medchal-Malkajgiri",
        "mandal": "Keesara",
        "village": "Keesara",
        "survey_number": "164",
        "pattadar_account_no": "0002",
        "landholder_name": "Mallesham Reddy (synthetic)",
        "land_type": "Wet (Nala/Baavi)",
        "soil_type": "Black Regada",
        "crop": "Paddy",
        "area_acres_guntas": "2A 39G",
        "area_acres_decimal": 2.98
      },
      "geometry": {
        "type": "Polygon",
        "coordinates": [
          [
            [
              78.683695,
              17.451242
            ],
            [
              78.684618,
              17.451242
            ],
            [
              78.684618,
              17.452273
            ],
            [
              78.683695,
              17.452273
            ],
            [
              78.683695,
              17.451242
            ]
          ]
        ]
      }
    },
    {
      "type": "Feature",
      "properties": {
        "data_source": "SYNTHETIC - not an official record",
        "state": "Telangana",
        "district": "Warangal",
        "mandal": "Warangal",
        "village": "Hasanparthy",
        "survey_number": "195/6",
        "pattadar_account_no": "0001",
        "landholder_name": "Narsimha Chary (synthetic)",
        "land_type": "Wet (Nala/Baavi)",
        "soil_type": "Black Regada",
        "crop": "Red Gram (Kandi)",
        "area_acres_guntas": "1A 32G",
        "area_acres_decimal": 1.8
      },
      "geometry": {
        "type": "Polygon",
        "coordinates": [
          [
            [
              79.775616,
              17.899423
            ],
            [
              79.776354,
              17.899423
            ],
            [
              79.776354,
              17.900256
            ],
            [
              79.775616,
              17.900256
            ],
            [
              79.775616,
              17.899423
            ]
          ]
        ]
      }
    },
    {
      "type": "Feature",
      "properties": {
        "data_source": "SYNTHETIC - not an official record",
        "state": "Telangana",
        "district": "Nizamabad",
        "mandal": "Nizamabad",
        "village": "Nizamabad Rural",
        "survey_number": "319/4",
        "pattadar_account_no": "0001",
        "landholder_name": "Ramulu Chary (synthetic)",
        "land_type": "Dry (Metta)",
        "soil_type": "Black Regada",
        "crop": "Fallow",
        "area_acres_guntas": "2A 19G",
        "area_acres_decimal": 2.48
      },
      "geometry": {
        "type": "Polygon",
        "coordinates": [
          [
            [
              77.956035,
              18.497664
            ],
            [
              77.95709,
              18.497664
            ],
            [
              77.95709,
              18.498455
            ],
            [
              77.956035,
              18.498455
            ],
            [
              77.956035,
              18.497664
            ]
          ]
        ]
      }
    },
    {
      "type": "Feature",
      "properties": {
        "data_source": "SYNTHETIC - not an official record",
        "state": "Telangana",
        "district": "Rangareddy",
        "mandal": "Ibrahimpatnam",
        "village": "Pedda Amberpet",
        "survey_number": "75/1A",
        "pattadar_account_no": "0002",
        "landholder_name": "Krishnamurthy Naidu (synthetic)",
        "land_type": "Dry (Metta)",
        "soil_type": "Black Regada",
        "crop": "Fallow",
        "area_acres_guntas": "3A 15G",
        "area_acres_decimal": 3.38
      },
      "geometry": {
        "type": "Polygon",
        "coordinates": [
          [
            [
              78.222234,
              17.222441
            ],
            [
              78.223323,
              17.222441
            ],
            [
              78.223323,
              17.223357
            ],
            [
              78.222234,
              17.223357
            ],
            [
              78.222234,
              17.222441
            ]
          ]
        ]
      }
    },
    {
      "type": "Feature",
      "properties": {
        "data_source": "SYNTHETIC - not an official record",
        "state": "Telangana",
        "district": "Nalgonda",
        "mandal": "Miryalaguda",
        "village": "Damaracherla",
        "survey_number": "203",
        "pattadar_account_no": "0001",
        "landholder_name": "Mallesham Rao (synthetic)",
        "land_type": "Garden (Thota)",
        "soil_type": "Red Chalka",
        "crop": "Cotton",
        "area_acres_guntas": "0A 25G",
        "area_acres_decimal": 0.62
      },
      "geometry": {
        "type": "Polygon",
        "coordinates": [
          [
            [
              79.364153,
              17.04772
            ],
            [
              79.364663,
              17.04772
            ],
            [
              79.364663,
              17.048182
            ],
            [
              79.364153,
              17.048182
            ],
            [
              79.364153,
              17.04772
            ]
          ]
        ]
      }
    },
    {
      "type": "Feature",
      "properties": {
        "data_source": "SYNTHETIC - not an official record",
        "state": "Telangana",
        "district": "Khammam",
        "mandal": "Kothagudem",
        "village": "Palvancha",
        "survey_number": "17",
        "pattadar_account_no": "0002",
        "landholder_name": "Anjaiah Rao (synthetic)",
        "land_type": "Garden (Thota)",
        "soil_type": "Black Regada",
        "crop": "Paddy",
        "area_acres_guntas": "2A 34G",
        "area_acres_decimal": 2.85
      },
      "geometry": {
        "type": "Polygon",
        "coordinates": [
          [
            [
              80.206142,
              17.161954
            ],
            [
              80.207185,
              17.161954
            ],
            [
              80.207185,
              17.162953
            ],
            [
              80.206142,
              17.162953
            ],
            [
              80.206142,
              17.161954
            ]
          ]
        ]
      }
    },
    {
      "type": "Feature",
      "properties": {
        "data_source": "SYNTHETIC - not an official record",
        "state": "Telangana",
        "district": "Nalgonda",
        "mandal": "Nalgonda",
        "village": "Nalgonda",
        "survey_number": "56",
        "pattadar_account_no": "0001",
        "landholder_name": "Ramulu Naidu (synthetic)",
        "land_type": "Garden (Thota)",
        "soil_type": "Red Chalka",
        "crop": "Soybean",
        "area_acres_guntas": "0A 8G",
        "area_acres_decimal": 0.2
      },
      "geometry": {
        "type": "Polygon",
        "coordinates": [
          [
            [
              79.132343,
              16.833253
            ],
            [
              79.132572,
              16.833253
            ],
            [
              79.132572,
              16.833528
            ],
            [
              79.132343,
              16.833528
            ],
            [
              79.132343,
              16.833253
            ]
          ]
        ]
      }
    },
    {
      "type": "Feature",
      "properties": {
        "data_source": "SYNTHETIC - not an official record",
        "state": "Telangana",
        "district": "Suryapet",
        "mandal": "Kodad",
        "village": "Munagala",
        "survey_number": "170/5B",
        "pattadar_account_no": "0003",
        "landholder_name": "Mallesham (synthetic)",
        "land_type": "Wet (Nala/Baavi)",
        "soil_type": "Red Chalka",
        "crop": "Sugarcane",
        "area_acres_guntas": "2A 13G",
        "area_acres_decimal": 2.33
      },
      "geometry": {
        "type": "Polygon",
        "coordinates": [
          [
            [
              79.476734,
              16.963876
            ],
            [
              79.477668,
              16.963876
            ],
            [
              79.477668,
              16.964773
            ],
            [
              79.476734,
              16.964773
            ],
            [
              79.476734,
              16.963876
            ]
          ]
        ]
      }
    },
    {
      "type": "Feature",
      "properties": {
        "data_source": "SYNTHETIC - not an official record",
        "state": "Telangana",
        "district": "Adilabad",
        "mandal": "Nirmal",
        "village": "Bhainsa",
        "survey_number": "320/6",
        "pattadar_account_no": "0003",
        "landholder_name": "Bhagyamma Naidu (synthetic)",
        "land_type": "Garden (Thota)",
        "soil_type": "Red Loamy",
        "crop": "Soybean",
        "area_acres_guntas": "0A 25G",
        "area_acres_decimal": 0.62
      },
      "geometry": {
        "type": "Polygon",
        "coordinates": [
          [
            [
              78.353862,
              19.832645
            ],
            [
              78.354399,
              19.832645
            ],
            [
              78.354399,
              19.833132
            ],
            [
              78.353862,
              19.833132
            ],
            [
              78.353862,
              19.832645
            ]
          ]
        ]
      }
    },
    {
      "type": "Feature",
      "properties": {
        "data_source": "SYNTHETIC - not an official record",
        "state": "Telangana",
        "district": "Nizamabad",
        "mandal": "Nizamabad",
        "village": "Varni",
        "survey_number": "51/1A",
        "pattadar_account_no": "0001",
        "landholder_name": "Mallesham Yadav (synthetic)",
        "land_type": "Garden (Thota)",
        "soil_type": "Sandy Loam",
        "crop": "Cotton",
        "area_acres_guntas": "2A 10G",
        "area_acres_decimal": 2.25
      },
      "geometry": {
        "type": "Polygon",
        "coordinates": [
          [
            [
              77.86277,
              18.420924
            ],
            [
              77.863666,
              18.420924
            ],
            [
              77.863666,
              18.421796
            ],
            [
              77.86277,
              18.421796
            ],
            [
              77.86277,
              18.420924
            ]
          ]
        ]
      }
    },
    {
      "type": "Feature",
      "properties": {
        "data_source": "SYNTHETIC - not an official record",
        "state": "Telangana",
        "district": "Rangareddy",
        "mandal": "Shamshabad",
        "village": "Chandanagar Kalan",
        "survey_number": "276",
        "pattadar_account_no": "0004",
        "landholder_name": "Padma (synthetic)",
        "land_type": "Dry (Metta)",
        "soil_type": "Red Chalka",
        "crop": "Fallow",
        "area_acres_guntas": "2A 28G",
        "area_acres_decimal": 2.7
      },
      "geometry": {
        "type": "Polygon",
        "coordinates": [
          [
            [
              78.301399,
              17.349487
            ],
            [
              78.302242,
              17.349487
            ],
            [
              78.302242,
              17.350452
            ],
            [
              78.301399,
              17.350452
            ],
            [
              78.301399,
              17.349487
            ]
          ]
        ]
      }
    },
    {
      "type": "Feature",
      "properties": {
        "data_source": "SYNTHETIC - not an official record",
        "state": "Telangana",
        "district": "Rangareddy",
        "mandal": "Chevella",
        "village": "Moinabad",
        "survey_number": "37",
        "pattadar_account_no": "0001",
        "landholder_name": "Bhagyamma (synthetic)",
        "land_type": "Dry (Metta)",
        "soil_type": "Black Regada",
        "crop": "Fallow",
        "area_acres_guntas": "3A 38G",
        "area_acres_decimal": 3.95
      },
      "geometry": {
        "type": "Polygon",
        "coordinates": [
          [
            [
              78.113771,
              17.234227
            ],
            [
              78.114914,
              17.234227
            ],
            [
              78.114914,
              17.235288
            ],
            [
              78.113771,
              17.235288
            ],
            [
              78.113771,
              17.234227
            ]
          ]
        ]
      }
    },
    {
      "type": "Feature",
      "properties": {
        "data_source": "SYNTHETIC - not an official record",
        "state": "Telangana",
        "district": "Mahabubnagar",
        "mandal": "Wanaparthy",
        "village": "Wanaparthy",
        "survey_number": "250",
        "pattadar_account_no": "0001",
        "landholder_name": "Chandraiah Yadav (synthetic)",
        "land_type": "Dry (Metta)",
        "soil_type": "Black Regada",
        "crop": "Cotton",
        "area_acres_guntas": "1A 25G",
        "area_acres_decimal": 1.62
      },
      "geometry": {
        "type": "Polygon",
        "coordinates": [
          [
            [
              77.875829,
              16.598971
            ],
            [
              77.876509,
              16.598971
            ],
            [
              77.876509,
              16.599701
            ],
            [
              77.875829,
              16.599701
            ],
            [
              77.875829,
              16.598971
            ]
          ]
        ]
      }
    },
    {
      "type": "Feature",
      "properties": {
        "data_source": "SYNTHETIC - not an official record",
        "state": "Telangana",
        "district": "Adilabad",
        "mandal": "Nirmal",
        "village": "Laxmanchanda",
        "survey_number": "280/8",
        "pattadar_account_no": "0002",
        "landholder_name": "Chandraiah (synthetic)",
        "land_type": "Wet (Nala/Baavi)",
        "soil_type": "Black Regada",
        "crop": "Turmeric",
        "area_acres_guntas": "1A 21G",
        "area_acres_decimal": 1.52
      },
      "geometry": {
        "type": "Polygon",
        "coordinates": [
          [
            [
              78.396031,
              19.570146
            ],
            [
              78.396744,
              19.570146
            ],
            [
              78.396744,
              19.570836
            ],
            [
              78.396031,
              19.570836
            ],
            [
              78.396031,
              19.570146
            ]
          ]
        ]
      }
    },
    {
      "type": "Feature",
      "properties": {
        "data_source": "SYNTHETIC - not an official record",
        "state": "Telangana",
        "district": "Khammam",
        "mandal": "Kothagudem",
        "village": "Yellandu",
        "survey_number": "257/1B",
        "pattadar_account_no": "0005",
        "landholder_name": "Chandraiah Naidu (synthetic)",
        "land_type": "Wet (Nala/Baavi)",
        "soil_type": "Sandy Loam",
        "crop": "Soybean",
        "area_acres_guntas": "3A 28G",
        "area_acres_decimal": 3.7
      },
      "geometry": {
        "type": "Polygon",
        "coordinates": [
          [
            [
              80.218757,
              17.461741
            ],
            [
              80.219922,
              17.461741
            ],
            [
              80.219922,
              17.462962
            ],
            [
              80.218757,
              17.462962
            ],
            [
              80.218757,
              17.461741
            ]
          ]
        ]
      }
    },
    {
      "type": "Feature",
      "properties": {
        "data_source": "SYNTHETIC - not an official record",
        "state": "Telangana",
        "district": "Khammam",
        "mandal": "Kothagudem",
        "village": "Palvancha",
        "survey_number": "165",
        "pattadar_account_no": "0003",
        "landholder_name": "Mallesham Goud (synthetic)",
        "land_type": "Wet (Nala/Baavi)",
        "soil_type": "Red Chalka",
        "crop": "Maize",
        "area_acres_guntas": "1A 23G",
        "area_acres_decimal": 1.57
      },
      "geometry": {
        "type": "Polygon",
        "coordinates": [
          [
            [
              80.154453,
              17.190378
            ],
            [
              80.155252,
              17.190378
            ],
            [
              80.155252,
              17.191021
            ],
            [
              80.154453,
              17.191021
            ],
            [
              80.154453,
              17.190378
            ]
          ]
        ]
      }
    },
    {
      "type": "Feature",
      "properties": {
        "data_source": "SYNTHETIC - not an official record",
        "state": "Telangana",
        "district": "Suryapet",
        "mandal": "Suryapet",
        "village": "Suryapet Rural",
        "survey_number": "323",
        "pattadar_account_no": "0001",
        "landholder_name": "Yellaiah Naidu (synthetic)",
        "land_type": "Garden (Thota)",
        "soil_type": "Red Loamy",
        "crop": "Soybean",
        "area_acres_guntas": "3A 37G",
        "area_acres_decimal": 3.92
      },
      "geometry": {
        "type": "Polygon",
        "coordinates": [
          [
            [
              79.665961,
              17.217329
            ],
            [
              79.666981,
              17.217329
            ],
            [
              79.666981,
              17.218567
            ],
            [
              79.665961,
              17.218567
            ],
            [
              79.665961,
              17.217329
            ]
          ]
        ]
      }
    },
    {
      "type": "Feature",
      "properties": {
        "data_source": "SYNTHETIC - not an official record",
        "state": "Telangana",
        "district": "Rangareddy",
        "mandal": "Shamshabad",
        "village": "Kothur",
        "survey_number": "276/5",
        "pattadar_account_no": "0002",
        "landholder_name": "Anjaiah Reddy (synthetic)",
        "land_type": "Garden (Thota)",
        "soil_type": "Black Regada",
        "crop": "Mango Orchard",
        "area_acres_guntas": "1A 12G",
        "area_acres_decimal": 1.3
      },
      "geometry": {
        "type": "Polygon",
        "coordinates": [
          [
            [
              78.140818,
              17.098354
            ],
            [
              78.141475,
              17.098354
            ],
            [
              78.141475,
              17.099004
            ],
            [
              78.140818,
              17.099004
            ],
            [
              78.140818,
              17.098354
            ]
          ]
        ]
      }
    },
    {
      "type": "Feature",
      "properties": {
        "data_source": "SYNTHETIC - not an official record",
        "state": "Telangana",
        "district": "Suryapet",
        "mandal": "Suryapet",
        "village": "Suryapet Rural",
        "survey_number": "170/3",
        "pattadar_account_no": "0002",
        "landholder_name": "Ravi Yadav (synthetic)",
        "land_type": "Garden (Thota)",
        "soil_type": "Red Chalka",
        "crop": "Turmeric",
        "area_acres_guntas": "3A 22G",
        "area_acres_decimal": 3.55
      },
      "geometry": {
        "type": "Polygon",
        "coordinates": [
          [
            [
              79.398465,
              17.023444
            ],
            [
              79.3996,
              17.023444
            ],
            [
              79.3996,
              17.024539
            ],
            [
              79.398465,
              17.024539
            ],
            [
              79.398465,
              17.023444
            ]
          ]
        ]
      }
    },
    {
      "type": "Feature",
      "properties": {
        "data_source": "SYNTHETIC - not an official record",
        "state": "Telangana",
        "district": "Mahabubnagar",
        "mandal": "Wanaparthy",
        "village": "Pebbair",
        "survey_number": "166",
        "pattadar_account_no": "0001",
        "landholder_name": "Anasuya Rao (synthetic)",
        "land_type": "Wet (Nala/Baavi)",
        "soil_type": "Red Loamy",
        "crop": "Mango Orchard",
        "area_acres_guntas": "1A 19G",
        "area_acres_decimal": 1.48
      },
      "geometry": {
        "type": "Polygon",
        "coordinates": [
          [
            [
              78.137482,
              16.5168
            ],
            [
              78.138309,
              16.5168
            ],
            [
              78.138309,
              16.517395
            ],
            [
              78.137482,
              16.517395
            ],
            [
              78.137482,
              16.5168
            ]
          ]
        ]
      }
    },
    {
      "type": "Feature",
      "properties": {
        "data_source": "SYNTHETIC - not an official record",
        "state": "Telangana",
        "district": "Medchal-Malkajgiri",
        "mandal": "Shamirpet",
        "village": "Thirumalagiri",
        "survey_number": "160/9A",
        "pattadar_account_no": "0002",
        "landholder_name": "Padma Rao (synthetic)",
        "land_type": "Garden (Thota)",
        "soil_type": "Red Loamy",
        "crop": "Paddy",
        "area_acres_guntas": "1A 18G",
        "area_acres_decimal": 1.45
      },
      "geometry": {
        "type": "Polygon",
        "coordinates": [
          [
            [
              78.551939,
              17.798707
            ],
            [
              78.552754,
              17.798707
            ],
            [
              78.552754,
              17.799357
            ],
            [
              78.551939,
              17.799357
            ],
            [
              78.551939,
              17.798707
            ]
          ]
        ]
      }
    },
    {
      "type": "Feature",
      "properties": {
        "data_source": "SYNTHETIC - not an official record",
        "state": "Telangana",
        "district": "Nalgonda",
        "mandal": "Miryalaguda",
        "village": "Miryalaguda",
        "survey_number": "169/6",
        "pattadar_account_no": "0002",
        "landholder_name": "Venkateshwarlu Rao (synthetic)",
        "land_type": "Dry (Metta)",
        "soil_type": "Black Regada",
        "crop": "Soybean",
        "area_acres_guntas": "2A 22G",
        "area_acres_decimal": 2.55
      },
      "geometry": {
        "type": "Polygon",
        "coordinates": [
          [
            [
              79.147403,
              16.999971
            ],
            [
              79.148339,
              16.999971
            ],
            [
              79.148339,
              17.000878
            ],
            [
              79.147403,
              17.000878
            ],
            [
              79.147403,
              16.999971
            ]
          ]
        ]
      }
    },
    {
      "type": "Feature",
      "properties": {
        "data_source": "SYNTHETIC - not an official record",
        "state": "Telangana",
        "district": "Adilabad",
        "mandal": "Nirmal",
        "village": "Nirmal",
        "survey_number": "337/2A",
        "pattadar_account_no": "0001",
        "landholder_name": "Balaraju Chary (synthetic)",
        "land_type": "Dry (Metta)",
        "soil_type": "Sandy Loam",
        "crop": "Red Gram (Kandi)",
        "area_acres_guntas": "3A 7G",
        "area_acres_decimal": 3.17
      },
      "geometry": {
        "type": "Polygon",
        "coordinates": [
          [
            [
              78.349923,
              19.553189
            ],
            [
              78.351059,
              19.553189
            ],
            [
              78.351059,
              19.55413
            ],
            [
              78.349923,
              19.55413
            ],
            [
              78.349923,
              19.553189
            ]
          ]
        ]
      }
    },
    {
      "type": "Feature",
      "properties": {
        "data_source": "SYNTHETIC - not an official record",
        "state": "Telangana",
        "district": "Suryapet",
        "mandal": "Kodad",
        "village": "Kodad",
        "survey_number": "256",
        "pattadar_account_no": "0002",
        "landholder_name": "Anjaiah Naidu (synthetic)",
        "land_type": "Wet (Nala/Baavi)",
        "soil_type": "Red Chalka",
        "crop": "Maize",
        "area_acres_guntas": "3A 4G",
        "area_acres_decimal": 3.1
      },
      "geometry": {
        "type": "Polygon",
        "coordinates": [
          [
            [
              79.747865,
              17.178707
            ],
            [
              79.748957,
              17.178707
            ],
            [
              79.748957,
              17.179569
            ],
            [
              79.747865,
              17.179569
            ],
            [
              79.747865,
              17.178707
            ]
          ]
        ]
      }
    },
    {
      "type": "Feature",
      "properties": {
        "data_source": "SYNTHETIC - not an official record",
        "state": "Telangana",
        "district": "Rangareddy",
        "mandal": "Ibrahimpatnam",
        "village": "Ibrahimpatnam",
        "survey_number": "346/4",
        "pattadar_account_no": "0002",
        "landholder_name": "Narsimha Chary (synthetic)",
        "land_type": "Wet (Nala/Baavi)",
        "soil_type": "Red Chalka",
        "crop": "Fallow",
        "area_acres_guntas": "1A 10G",
        "area_acres_decimal": 1.25
      },
      "geometry": {
        "type": "Polygon",
        "coordinates": [
          [
            [
              78.087369,
              17.431787
            ],
            [
              78.088057,
              17.431787
            ],
            [
              78.088057,
              17.432415
            ],
            [
              78.087369,
              17.432415
            ],
            [
              78.087369,
              17.431787
            ]
          ]
        ]
      }
    },
    {
      "type": "Feature",
      "properties": {
        "data_source": "SYNTHETIC - not an official record",
        "state": "Telangana",
        "district": "Suryapet",
        "mandal": "Kodad",
        "village": "Kodad",
        "survey_number": "200/7B",
        "pattadar_account_no": "0003",
        "landholder_name": "Venkateshwarlu (synthetic)",
        "land_type": "Wet (Nala/Baavi)",
        "soil_type": "Red Loamy",
        "crop": "Soybean",
        "area_acres_guntas": "3A 32G",
        "area_acres_decimal": 3.8
      },
      "geometry": {
        "type": "Polygon",
        "coordinates": [
          [
            [
              79.45786,
              17.034109
            ],
            [
              79.45912,
              17.034109
            ],
            [
              79.45912,
              17.035076
            ],
            [
              79.45786,
              17.035076
            ],
            [
              79.45786,
              17.034109
            ]
          ]
        ]
      }
    },
    {
      "type": "Feature",
      "properties": {
        "data_source": "SYNTHETIC - not an official record",
        "state": "Telangana",
        "district": "Suryapet",
        "mandal": "Kodad",
        "village": "Munagala",
        "survey_number": "337/2",
        "pattadar_account_no": "0004",
        "landholder_name": "Yellaiah Naidu (synthetic)",
        "land_type": "Garden (Thota)",
        "soil_type": "Red Chalka",
        "crop": "Chilli",
        "area_acres_guntas": "3A 38G",
        "area_acres_decimal": 3.95
      },
      "geometry": {
        "type": "Polygon",
        "coordinates": [
          [
            [
              79.450826,
              16.928539
            ],
            [
              79.452181,
              16.928539
            ],
            [
              79.452181,
              16.929736
            ],
            [
              79.450826,
              16.929736
            ],
            [
              79.450826,
              16.928539
            ]
          ]
        ]
      }
    },
    {
      "type": "Feature",
      "properties": {
        "data_source": "SYNTHETIC - not an official record",
        "state": "Telangana",
        "district": "Adilabad",
        "mandal": "Nirmal",
        "village": "Bhainsa",
        "survey_number": "112",
        "pattadar_account_no": "0004",
        "landholder_name": "Anjaiah Reddy (synthetic)",
        "land_type": "Garden (Thota)",
        "soil_type": "Red Loamy",
        "crop": "Paddy",
        "area_acres_guntas": "2A 19G",
        "area_acres_decimal": 2.48
      },
      "geometry": {
        "type": "Polygon",
        "coordinates": [
          [
            [
              78.345487,
              19.7791
            ],
            [
              78.346377,
              19.7791
            ],
            [
              78.346377,
              19.780009
            ],
            [
              78.345487,
              19.780009
            ],
            [
              78.345487,
              19.7791
            ]
          ]
        ]
      }
    },
    {
      "type": "Feature",
      "properties": {
        "data_source": "SYNTHETIC - not an official record",
        "state": "Telangana",
        "district": "Medchal-Malkajgiri",
        "mandal": "Shamirpet",
        "village": "Thirumalagiri",
        "survey_number": "39/1B",
        "pattadar_account_no": "0003",
        "landholder_name": "Lakshmamma Reddy (synthetic)",
        "land_type": "Garden (Thota)",
        "soil_type": "Red Loamy",
        "crop": "Maize",
        "area_acres_guntas": "3A 1G",
        "area_acres_decimal": 3.02
      },
      "geometry": {
        "type": "Polygon",
        "coordinates": [
          [
            [
              78.305206,
              17.552403
            ],
            [
              78.306149,
              17.552403
            ],
            [
              78.306149,
              17.553295
            ],
            [
              78.305206,
              17.553295
            ],
            [
              78.305206,
              17.552403
            ]
          ]
        ]
      }
    },
    {
      "type": "Feature",
      "properties": {
        "data_source": "SYNTHETIC - not an official record",
        "state": "Telangana",
        "district": "Khammam",
        "mandal": "Khammam",
        "village": "Nelakondapalli",
        "survey_number": "231/3A",
        "pattadar_account_no": "0002",
        "landholder_name": "Balaraju Chary (synthetic)",
        "land_type": "Dry (Metta)",
        "soil_type": "Red Loamy",
        "crop": "Fallow",
        "area_acres_guntas": "0A 14G",
        "area_acres_decimal": 0.35
      },
      "geometry": {
        "type": "Polygon",
        "coordinates": [
          [
            [
              80.178169,
              17.251812
            ],
            [
              80.178471,
              17.251812
            ],
            [
              80.178471,
              17.252187
            ],
            [
              80.178169,
              17.252187
            ],
            [
              80.178169,
              17.251812
            ]
          ]
        ]
      }
    },
    {
      "type": "Feature",
      "properties": {
        "data_source": "SYNTHETIC - not an official record",
        "state": "Telangana",
        "district": "Nizamabad",
        "mandal": "Armoor",
        "village": "Nandipet",
        "survey_number": "164/5",
        "pattadar_account_no": "0001",
        "landholder_name": "Krishnamurthy Reddy (synthetic)",
        "land_type": "Wet (Nala/Baavi)",
        "soil_type": "Red Loamy",
        "crop": "Sugarcane",
        "area_acres_guntas": "3A 22G",
        "area_acres_decimal": 3.55
      },
      "geometry": {
        "type": "Polygon",
        "coordinates": [
          [
            [
              78.309946,
              18.594519
            ],
            [
              78.311094,
              18.594519
            ],
            [
              78.311094,
              18.595618
            ],
            [
              78.309946,
              18.595618
            ],
            [
              78.309946,
              18.594519
            ]
          ]
        ]
      }
    },
    {
      "type": "Feature",
      "properties": {
        "data_source": "SYNTHETIC - not an official record",
        "state": "Telangana",
        "district": "Mahabubnagar",
        "mandal": "Mahabubnagar",
        "village": "Bhoothpur",
        "survey_number": "221/9",
        "pattadar_account_no": "0001",
        "landholder_name": "Lakshmamma Chary (synthetic)",
        "land_type": "Dry (Metta)",
        "soil_type": "Sandy Loam",
        "crop": "Fallow",
        "area_acres_guntas": "2A 29G",
        "area_acres_decimal": 2.73
      },
      "geometry": {
        "type": "Polygon",
        "coordinates": [
          [
            [
              77.849461,
              16.726906
            ],
            [
              77.850319,
              16.726906
            ],
            [
              77.850319,
              16.727896
            ],
            [
              77.849461,
              16.727896
            ],
            [
              77.849461,
              16.726906
            ]
          ]
        ]
      }
    },
    {
      "type": "Feature",
      "properties": {
        "data_source": "SYNTHETIC - not an official record",
        "state": "Telangana",
        "district": "Warangal",
        "mandal": "Narsampet",
        "village": "Nallabelly",
        "survey_number": "309",
        "pattadar_account_no": "0001",
        "landholder_name": "Sammaiah Goud (synthetic)",
        "land_type": "Wet (Nala/Baavi)",
        "soil_type": "Black Regada",
        "crop": "Red Gram (Kandi)",
        "area_acres_guntas": "3A 28G",
        "area_acres_decimal": 3.7
      },
      "geometry": {
        "type": "Polygon",
        "coordinates": [
          [
            [
              79.440401,
              18.170485
            ],
            [
              79.441516,
              18.170485
            ],
            [
              79.441516,
              18.171747
            ],
            [
              79.440401,
              18.171747
            ],
            [
              79.440401,
              18.170485
            ]
          ]
        ]
      }
    },
    {
      "type": "Feature",
      "properties": {
        "data_source": "SYNTHETIC - not an official record",
        "state": "Telangana",
        "district": "Suryapet",
        "mandal": "Suryapet",
        "village": "Thirumalagiri",
        "survey_number": "95/8",
        "pattadar_account_no": "0001",
        "landholder_name": "Venkateshwarlu Rao (synthetic)",
        "land_type": "Garden (Thota)",
        "soil_type": "Sandy Loam",
        "crop": "Turmeric",
        "area_acres_guntas": "3A 39G",
        "area_acres_decimal": 3.98
      },
      "geometry": {
        "type": "Polygon",
        "coordinates": [
          [
            [
              79.575746,
              17.178996
            ],
            [
              79.577108,
              17.178996
            ],
            [
              79.577108,
              17.180186
            ],
            [
              79.575746,
              17.180186
            ],
            [
              79.575746,
              17.178996
            ]
          ]
        ]
      }
    },
    {
      "type": "Feature",
      "properties": {
        "data_source": "SYNTHETIC - not an official record",
        "state": "Telangana",
        "district": "Adilabad",
        "mandal": "Adilabad",
        "village": "Adilabad Rural",
        "survey_number": "30/8A",
        "pattadar_account_no": "0002",
        "landholder_name": "Chandraiah Naidu (synthetic)",
        "land_type": "Wet (Nala/Baavi)",
        "soil_type": "Sandy Loam",
        "crop": "Groundnut",
        "area_acres_guntas": "1A 19G",
        "area_acres_decimal": 1.48
      },
      "geometry": {
        "type": "Polygon",
        "coordinates": [
          [
            [
              78.32015,
              19.909288
            ],
            [
              78.320958,
              19.909288
            ],
            [
              78.320958,
              19.909884
            ],
            [
              78.32015,
              19.909884
            ],
            [
              78.32015,
              19.909288
            ]
          ]
        ]
      }
    },
    {
      "type": "Feature",
      "properties": {
        "data_source": "SYNTHETIC - not an official record",
        "state": "Telangana",
        "district": "Medchal-Malkajgiri",
        "mandal": "Keesara",
        "village": "Ghatkesar Road",
        "survey_number": "246/1",
        "pattadar_account_no": "0003",
        "landholder_name": "Ramulu (synthetic)",
        "land_type": "Dry (Metta)",
        "soil_type": "Red Chalka",
        "crop": "Fallow",
        "area_acres_guntas": "2A 26G",
        "area_acres_decimal": 2.65
      },
      "geometry": {
        "type": "Polygon",
        "coordinates": [
          [
            [
              78.515344,
              17.733868
            ],
            [
              78.516306,
              17.733868
            ],
            [
              78.516306,
              17.734757
            ],
            [
              78.515344,
              17.734757
            ],
            [
              78.515344,
              17.733868
            ]
          ]
        ]
      }
    },
    {
      "type": "Feature",
      "properties": {
        "data_source": "SYNTHETIC - not an official record",
        "state": "Telangana",
        "district": "Karimnagar",
        "mandal": "Huzurabad",
        "village": "Veenavanka",
        "survey_number": "80",
        "pattadar_account_no": "0001",
        "landholder_name": "Sammaiah (synthetic)",
        "land_type": "Wet (Nala/Baavi)",
        "soil_type": "Red Chalka",
        "crop": "Paddy",
        "area_acres_guntas": "1A 5G",
        "area_acres_decimal": 1.12
      },
      "geometry": {
        "type": "Polygon",
        "coordinates": [
          [
            [
              79.336189,
              18.429476
            ],
            [
              79.336906,
              18.429476
            ],
            [
              79.336906,
              18.43012
            ],
            [
              79.336189,
              18.43012
            ],
            [
              79.336189,
              18.429476
            ]
          ]
        ]
      }
    },
    {
      "type": "Feature",
      "properties": {
        "data_source": "SYNTHETIC - not an official record",
        "state": "Telangana",
        "district": "Nalgonda",
        "mandal": "Miryalaguda",
        "village": "Damaracherla",
        "survey_number": "329/7A",
        "pattadar_account_no": "0002",
        "landholder_name": "Yellaiah Naik (synthetic)",
        "land_type": "Garden (Thota)",
        "soil_type": "Red Chalka",
        "crop": "Sugarcane",
        "area_acres_guntas": "3A 21G",
        "area_acres_decimal": 3.52
      },
      "geometry": {
        "type": "Polygon",
        "coordinates": [
          [
            [
              79.03853,
              17.253401
            ],
            [
              79.039621,
              17.253401
            ],
            [
              79.039621,
              17.254374
            ],
            [
              79.03853,
              17.254374
            ],
            [
              79.03853,
              17.253401
            ]
          ]
        ]
      }
    },
    {
      "type": "Feature",
      "properties": {
        "data_source": "SYNTHETIC - not an official record",
        "state": "Telangana",
        "district": "Mahabubnagar",
        "mandal": "Mahabubnagar",
        "village": "Jadcherla",
        "survey_number": "92",
        "pattadar_account_no": "0002",
        "landholder_name": "Padma Goud (synthetic)",
        "land_type": "Dry (Metta)",
        "soil_type": "Red Chalka",
        "crop": "Sugarcane",
        "area_acres_guntas": "0A 27G",
        "area_acres_decimal": 0.68
      },
      "geometry": {
        "type": "Polygon",
        "coordinates": [
          [
            [
              77.874329,
              16.891962
            ],
            [
              77.874778,
              16.891962
            ],
            [
              77.874778,
              16.892403
            ],
            [
              77.874329,
              16.892403
            ],
            [
              77.874329,
              16.891962
            ]
          ]
        ]
      }
    },
    {
      "type": "Feature",
      "properties": {
        "data_source": "SYNTHETIC - not an official record",
        "state": "Telangana",
        "district": "Nalgonda",
        "mandal": "Devarakonda",
        "village": "Devarakonda",
        "survey_number": "199",
        "pattadar_account_no": "0002",
        "landholder_name": "Padma Chary (synthetic)",
        "land_type": "Garden (Thota)",
        "soil_type": "Red Chalka",
        "crop": "Mango Orchard",
        "area_acres_guntas": "3A 36G",
        "area_acres_decimal": 3.9
      },
      "geometry": {
        "type": "Polygon",
        "coordinates": [
          [
            [
              78.984203,
              17.28551
            ],
            [
              78.985307,
              17.28551
            ],
            [
              78.985307,
              17.286514
            ],
            [
              78.984203,
              17.286514
            ],
            [
              78.984203,
              17.28551
            ]
          ]
        ]
      }
    },
    {
      "type": "Feature",
      "properties": {
        "data_source": "SYNTHETIC - not an official record",
        "state": "Telangana",
        "district": "Adilabad",
        "mandal": "Adilabad",
        "village": "Bela",
        "survey_number": "281/3A",
        "pattadar_account_no": "0001",
        "landholder_name": "Bhagyamma Chary (synthetic)",
        "land_type": "Wet (Nala/Baavi)",
        "soil_type": "Black Regada",
        "crop": "Fallow",
        "area_acres_guntas": "2A 22G",
        "area_acres_decimal": 2.55
      },
      "geometry": {
        "type": "Polygon",
        "coordinates": [
          [
            [
              78.534478,
              19.532284
            ],
            [
              78.535458,
              19.532284
            ],
            [
              78.535458,
              19.533228
            ],
            [
              78.534478,
              19.533228
            ],
            [
              78.534478,
              19.532284
            ]
          ]
        ]
      }
    },
    {
      "type": "Feature",
      "properties": {
        "data_source": "SYNTHETIC - not an official record",
        "state": "Telangana",
        "district": "Karimnagar",
        "mandal": "Huzurabad",
        "village": "Huzurabad",
        "survey_number": "104/9",
        "pattadar_account_no": "0003",
        "landholder_name": "Anjaiah Naik (synthetic)",
        "land_type": "Wet (Nala/Baavi)",
        "soil_type": "Red Loamy",
        "crop": "Chilli",
        "area_acres_guntas": "2A 25G",
        "area_acres_decimal": 2.62
      },
      "geometry": {
        "type": "Polygon",
        "coordinates": [
          [
            [
              79.075141,
              18.462019
            ],
            [
              79.076105,
              18.462019
            ],
            [
              79.076105,
              18.46293
            ],
            [
              79.075141,
              18.46293
            ],
            [
              79.075141,
              18.462019
            ]
          ]
        ]
      }
    },
    {
      "type": "Feature",
      "properties": {
        "data_source": "SYNTHETIC - not an official record",
        "state": "Telangana",
        "district": "Medchal-Malkajgiri",
        "mandal": "Keesara",
        "village": "Keesara",
        "survey_number": "288/3A",
        "pattadar_account_no": "0003",
        "landholder_name": "Padma Chary (synthetic)",
        "land_type": "Garden (Thota)",
        "soil_type": "Black Regada",
        "crop": "Maize",
        "area_acres_guntas": "2A 20G",
        "area_acres_decimal": 2.5
      },
      "geometry": {
        "type": "Polygon",
        "coordinates": [
          [
            [
              78.669796,
              17.660144
            ],
            [
              78.670762,
              17.660144
            ],
            [
              78.670762,
              17.661005
            ],
            [
              78.669796,
              17.661005
            ],
            [
              78.669796,
              17.660144
            ]
          ]
        ]
      }
    },
    {
      "type": "Feature",
      "properties": {
        "data_source": "SYNTHETIC - not an official record",
        "state": "Telangana",
        "district": "Khammam",
        "mandal": "Kothagudem",
        "village": "Palvancha",
        "survey_number": "41/6A",
        "pattadar_account_no": "0004",
        "landholder_name": "Krishnamurthy Goud (synthetic)",
        "land_type": "Wet (Nala/Baavi)",
        "soil_type": "Black Regada",
        "crop": "Sugarcane",
        "area_acres_guntas": "1A 4G",
        "area_acres_decimal": 1.1
      },
      "geometry": {
        "type": "Polygon",
        "coordinates": [
          [
            [
              80.381954,
              17.42103
            ],
            [
              80.382499,
              17.42103
            ],
            [
              80.382499,
              17.421634
            ],
            [
              80.381954,
              17.421634
            ],
            [
              80.381954,
              17.42103
            ]
          ]
        ]
      }
    },
    {
      "type": "Feature",
      "properties": {
        "data_source": "SYNTHETIC - not an official record",
        "state": "Telangana",
        "district": "Khammam",
        "mandal": "Khammam",
        "village": "Khammam Rural",
        "survey_number": "74/7A",
        "pattadar_account_no": "0003",
        "landholder_name": "Lakshmamma Reddy (synthetic)",
        "land_type": "Garden (Thota)",
        "soil_type": "Red Loamy",
        "crop": "Mango Orchard",
        "area_acres_guntas": "0A 10G",
        "area_acres_decimal": 0.25
      },
      "geometry": {
        "type": "Polygon",
        "coordinates": [
          [
            [
              79.965139,
              17.176724
            ],
            [
              79.965437,
              17.176724
            ],
            [
              79.965437,
              17.177018
            ],
            [
              79.965139,
              17.177018
            ],
            [
              79.965139,
              17.176724
            ]
          ]
        ]
      }
    },
    {
      "type": "Feature",
      "properties": {
        "data_source": "SYNTHETIC - not an official record",
        "state": "Telangana",
        "district": "Nalgonda",
        "mandal": "Miryalaguda",
        "village": "Nutankal",
        "survey_number": "54",
        "pattadar_account_no": "0001",
        "landholder_name": "Balaraju Naik (synthetic)",
        "land_type": "Garden (Thota)",
        "soil_type": "Red Loamy",
        "crop": "Red Gram (Kandi)",
        "area_acres_guntas": "2A 35G",
        "area_acres_decimal": 2.88
      },
      "geometry": {
        "type": "Polygon",
        "coordinates": [
          [
            [
              78.911669,
              16.869889
            ],
            [
              78.912727,
              16.869889
            ],
            [
              78.912727,
              16.870761
            ],
            [
              78.911669,
              16.870761
            ],
            [
              78.911669,
              16.869889
            ]
          ]
        ]
      }
    },
    {
      "type": "Feature",
      "properties": {
        "data_source": "SYNTHETIC - not an official record",
        "state": "Telangana",
        "district": "Khammam",
        "mandal": "Khammam",
        "village": "Nelakondapalli",
        "survey_number": "136/7A",
        "pattadar_account_no": "0003",
        "landholder_name": "Padma (synthetic)",
        "land_type": "Garden (Thota)",
        "soil_type": "Red Loamy",
        "crop": "Mango Orchard",
        "area_acres_guntas": "3A 14G",
        "area_acres_decimal": 3.35
      },
      "geometry": {
        "type": "Polygon",
        "coordinates": [
          [
            [
              79.953643,
              17.081503
            ],
            [
              79.954806,
              17.081503
            ],
            [
              79.954806,
              17.082631
            ],
            [
              79.953643,
              17.082631
            ],
            [
              79.953643,
              17.081503
            ]
          ]
        ]
      }
    },
    {
      "type": "Feature",
      "properties": {
        "data_source": "SYNTHETIC - not an official record",
        "state": "Telangana",
        "district": "Medchal-Malkajgiri",
        "mandal": "Shamirpet",
        "village": "Thirumalagiri",
        "survey_number": "336",
        "pattadar_account_no": "0004",
        "landholder_name": "Bhagyamma Chary (synthetic)",
        "land_type": "Dry (Metta)",
        "soil_type": "Red Chalka",
        "crop": "Fallow",
        "area_acres_guntas": "3A 25G",
        "area_acres_decimal": 3.62
      },
      "geometry": {
        "type": "Polygon",
        "coordinates": [
          [
            [
              78.321412,
              17.412023
            ],
            [
              78.322562,
              17.412023
            ],
            [
              78.322562,
              17.412964
            ],
            [
              78.321412,
              17.412964
            ],
            [
              78.321412,
              17.412023
            ]
          ]
        ]
      }
    },
    {
      "type": "Feature",
      "properties": {
        "data_source": "SYNTHETIC - not an official record",
        "state": "Telangana",
        "district": "Medchal-Malkajgiri",
        "mandal": "Keesara",
        "village": "Nagaram",
        "survey_number": "125/9",
        "pattadar_account_no": "0002",
        "landholder_name": "Balaraju Chary (synthetic)",
        "land_type": "Wet (Nala/Baavi)",
        "soil_type": "Sandy Loam",
        "crop": "Paddy",
        "area_acres_guntas": "3A 35G",
        "area_acres_decimal": 3.88
      },
      "geometry": {
        "type": "Polygon",
        "coordinates": [
          [
            [
              78.557099,
              17.377346
            ],
            [
              78.558339,
              17.377346
            ],
            [
              78.558339,
              17.37853
            ],
            [
              78.557099,
              17.37853
            ],
            [
              78.557099,
              17.377346
            ]
          ]
        ]
      }
    },
    {
      "type": "Feature",
      "properties": {
        "data_source": "SYNTHETIC - not an official record",
        "state": "Telangana",
        "district": "Nalgonda",
        "mandal": "Nalgonda",
        "village": "Panagal",
        "survey_number": "88/5B",
        "pattadar_account_no": "0001",
        "landholder_name": "Srinivas Naidu (synthetic)",
        "land_type": "Garden (Thota)",
        "soil_type": "Black Regada",
        "crop": "Fallow",
        "area_acres_guntas": "3A 5G",
        "area_acres_decimal": 3.12
      },
      "geometry": {
        "type": "Polygon",
        "coordinates": [
          [
            [
              78.920933,
              16.810015
            ],
            [
              78.921989,
              16.810015
            ],
            [
              78.921989,
              16.810883
            ],
            [
              78.920933,
              16.810883
            ],
            [
              78.920933,
              16.810015
            ]
          ]
        ]
      }
    },
    {
      "type": "Feature",
      "properties": {
        "data_source": "SYNTHETIC - not an official record",
        "state": "Telangana",
        "district": "Rangareddy",
        "mandal": "Chevella",
        "village": "Shabad",
        "survey_number": "231/2A",
        "pattadar_account_no": "0003",
        "landholder_name": "Narsimha (synthetic)",
        "land_type": "Dry (Metta)",
        "soil_type": "Red Loamy",
        "crop": "Sugarcane",
        "area_acres_guntas": "3A 20G",
        "area_acres_decimal": 3.5
      },
      "geometry": {
        "type": "Polygon",
        "coordinates": [
          [
            [
              78.230582,
              17.200676
            ],
            [
              78.231806,
              17.200676
            ],
            [
              78.231806,
              17.201719
            ],
            [
              78.230582,
              17.201719
            ],
            [
              78.230582,
              17.200676
            ]
          ]
        ]
      }
    },
    {
      "type": "Feature",
      "properties": {
        "data_source": "SYNTHETIC - not an official record",
        "state": "Telangana",
        "district": "Rangareddy",
        "mandal": "Shamshabad",
        "village": "Shamshabad",
        "survey_number": "90/6A",
        "pattadar_account_no": "0002",
        "landholder_name": "Mallesham (synthetic)",
        "land_type": "Dry (Metta)",
        "soil_type": "Red Chalka",
        "crop": "Chilli",
        "area_acres_guntas": "2A 17G",
        "area_acres_decimal": 2.42
      },
      "geometry": {
        "type": "Polygon",
        "coordinates": [
          [
            [
              78.1201,
              17.224028
            ],
            [
              78.121142,
              17.224028
            ],
            [
              78.121142,
              17.224928
            ],
            [
              78.1201,
              17.224928
            ],
            [
              78.1201,
              17.224028
            ]
          ]
        ]
      }
    },
    {
      "type": "Feature",
      "properties": {
        "data_source": "SYNTHETIC - not an official record",
        "state": "Telangana",
        "district": "Khammam",
        "mandal": "Kothagudem",
        "village": "Kothagudem",
        "survey_number": "174/2",
        "pattadar_account_no": "0002",
        "landholder_name": "Balaraju (synthetic)",
        "land_type": "Dry (Metta)",
        "soil_type": "Sandy Loam",
        "crop": "Sugarcane",
        "area_acres_guntas": "3A 3G",
        "area_acres_decimal": 3.08
      },
      "geometry": {
        "type": "Polygon",
        "coordinates": [
          [
            [
              80.120176,
              17.444839
            ],
            [
              80.121278,
              17.444839
            ],
            [
              80.121278,
              17.445954
            ],
            [
              80.120176,
              17.445954
            ],
            [
              80.120176,
              17.444839
            ]
          ]
        ]
      }
    },
    {
      "type": "Feature",
      "properties": {
        "data_source": "SYNTHETIC - not an official record",
        "state": "Telangana",
        "district": "Mahabubnagar",
        "mandal": "Wanaparthy",
        "village": "Pebbair",
        "survey_number": "107/8A",
        "pattadar_account_no": "0002",
        "landholder_name": "Yellaiah Naik (synthetic)",
        "land_type": "Dry (Metta)",
        "soil_type": "Red Chalka",
        "crop": "Fallow",
        "area_acres_guntas": "2A 24G",
        "area_acres_decimal": 2.6
      },
      "geometry": {
        "type": "Polygon",
        "coordinates": [
          [
            [
              77.830347,
              16.964237
            ],
            [
              77.831209,
              16.964237
            ],
            [
              77.831209,
              16.965148
            ],
            [
              77.830347,
              16.965148
            ],
            [
              77.830347,
              16.964237
            ]
          ]
        ]
      }
    },
    {
      "type": "Feature",
      "properties": {
        "data_source": "SYNTHETIC - not an official record",
        "state": "Telangana",
        "district": "Suryapet",
        "mandal": "Suryapet",
        "village": "Thirumalagiri",
        "survey_number": "60",
        "pattadar_account_no": "0002",
        "landholder_name": "Yellaiah Chary (synthetic)",
        "land_type": "Dry (Metta)",
        "soil_type": "Red Chalka",
        "crop": "Fallow",
        "area_acres_guntas": "3A 2G",
        "area_acres_decimal": 3.05
      },
      "geometry": {
        "type": "Polygon",
        "coordinates": [
          [
            [
              79.546604,
              17.179325
            ],
            [
              79.547525,
              17.179325
            ],
            [
              79.547525,
              17.180261
            ],
            [
              79.546604,
              17.180261
            ],
            [
              79.546604,
              17.179325
            ]
          ]
        ]
      }
    },
    {
      "type": "Feature",
      "properties": {
        "data_source": "SYNTHETIC - not an official record",
        "state": "Telangana",
        "district": "Nalgonda",
        "mandal": "Devarakonda",
        "village": "Chandampet",
        "survey_number": "197/2B",
        "pattadar_account_no": "0002",
        "landholder_name": "Lakshmamma Reddy (synthetic)",
        "land_type": "Dry (Metta)",
        "soil_type": "Sandy Loam",
        "crop": "Fallow",
        "area_acres_guntas": "1A 20G",
        "area_acres_decimal": 1.5
      },
      "geometry": {
        "type": "Polygon",
        "coordinates": [
          [
            [
              79.051259,
              17.126583
            ],
            [
              79.052091,
              17.126583
            ],
            [
              79.052091,
              17.127222
            ],
            [
              79.051259,
              17.127222
            ],
            [
              79.051259,
              17.126583
            ]
          ]
        ]
      }
    },
    {
      "type": "Feature",
      "properties": {
        "data_source": "SYNTHETIC - not an official record",
        "state": "Telangana",
        "district": "Medchal-Malkajgiri",
        "mandal": "Keesara",
        "village": "Keesara",
        "survey_number": "186",
        "pattadar_account_no": "0004",
        "landholder_name": "Padma Reddy (synthetic)",
        "land_type": "Garden (Thota)",
        "soil_type": "Red Chalka",
        "crop": "Fallow",
        "area_acres_guntas": "0A 28G",
        "area_acres_decimal": 0.7
      },
      "geometry": {
        "type": "Polygon",
        "coordinates": [
          [
            [
              78.782685,
              17.630948
            ],
            [
              78.78326,
              17.630948
            ],
            [
              78.78326,
              17.631444
            ],
            [
              78.782685,
              17.631444
            ],
            [
              78.782685,
              17.630948
            ]
          ]
        ]
      }
    },
    {
      "type": "Feature",
      "properties": {
        "data_source": "SYNTHETIC - not an official record",
        "state": "Telangana",
        "district": "Medchal-Malkajgiri",
        "mandal": "Shamirpet",
        "village": "Gundlapochampally",
        "survey_number": "198",
        "pattadar_account_no": "0004",
        "landholder_name": "Venkateshwarlu Rao (synthetic)",
        "land_type": "Garden (Thota)",
        "soil_type": "Black Regada",
        "crop": "Chilli",
        "area_acres_guntas": "1A 14G",
        "area_acres_decimal": 1.35
      },
      "geometry": {
        "type": "Polygon",
        "coordinates": [
          [
            [
              78.368092,
              17.682026
            ],
            [
              78.368696,
              17.682026
            ],
            [
              78.368696,
              17.682749
            ],
            [
              78.368092,
              17.682749
            ],
            [
              78.368092,
              17.682026
            ]
          ]
        ]
      }
    },
    {
      "type": "Feature",
      "properties": {
        "data_source": "SYNTHETIC - not an official record",
        "state": "Telangana",
        "district": "Karimnagar",
        "mandal": "Karimnagar",
        "village": "Choppadandi",
        "survey_number": "247/2",
        "pattadar_account_no": "0001",
        "landholder_name": "Chandraiah Rao (synthetic)",
        "land_type": "Dry (Metta)",
        "soil_type": "Red Chalka",
        "crop": "Fallow",
        "area_acres_guntas": "1A 33G",
        "area_acres_decimal": 1.82
      },
      "geometry": {
        "type": "Polygon",
        "coordinates": [
          [
            [
              79.0873,
              18.413131
            ],
            [
              79.088094,
              18.413131
            ],
            [
              79.088094,
              18.413807
            ],
            [
              79.0873,
              18.413807
            ],
            [
              79.0873,
              18.413131
            ]
          ]
        ]
      }
    },
    {
      "type": "Feature",
      "properties": {
        "data_source": "SYNTHETIC - not an official record",
        "state": "Telangana",
        "district": "Rangareddy",
        "mandal": "Shamshabad",
        "village": "Chandanagar Kalan",
        "survey_number": "277/7A",
        "pattadar_account_no": "0005",
        "landholder_name": "Ravi Reddy (synthetic)",
        "land_type": "Garden (Thota)",
        "soil_type": "Red Loamy",
        "crop": "Paddy",
        "area_acres_guntas": "2A 25G",
        "area_acres_decimal": 2.62
      },
      "geometry": {
        "type": "Polygon",
        "coordinates": [
          [
            [
              78.183114,
              17.023642
            ],
            [
              78.184203,
              17.023642
            ],
            [
              78.184203,
              17.024496
            ],
            [
              78.183114,
              17.024496
            ],
            [
              78.183114,
              17.023642
            ]
          ]
        ]
      }
    },
    {
      "type": "Feature",
      "properties": {
        "data_source": "SYNTHETIC - not an official record",
        "state": "Telangana",
        "district": "Mahabubnagar",
        "mandal": "Mahabubnagar",
        "village": "Mahabubnagar Rural",
        "survey_number": "62/5",
        "pattadar_account_no": "0003",
        "landholder_name": "Balaraju Naidu (synthetic)",
        "land_type": "Dry (Metta)",
        "soil_type": "Black Regada",
        "crop": "Turmeric",
        "area_acres_guntas": "0A 39G",
        "area_acres_decimal": 0.97
      },
      "geometry": {
        "type": "Polygon",
        "coordinates": [
          [
            [
              78.021399,
              16.933806
            ],
            [
              78.021963,
              16.933806
            ],
            [
              78.021963,
              16.93442
            ],
            [
              78.021399,
              16.93442
            ],
            [
              78.021399,
              16.933806
            ]
          ]
        ]
      }
    },
    {
      "type": "Feature",
      "properties": {
        "data_source": "SYNTHETIC - not an official record",
        "state": "Telangana",
        "district": "Suryapet",
        "mandal": "Suryapet",
        "village": "Chilkur",
        "survey_number": "30/9",
        "pattadar_account_no": "0003",
        "landholder_name": "Venkateshwarlu Reddy (synthetic)",
        "land_type": "Wet (Nala/Baavi)",
        "soil_type": "Red Chalka",
        "crop": "Mango Orchard",
        "area_acres_guntas": "0A 10G",
        "area_acres_decimal": 0.25
      },
      "geometry": {
        "type": "Polygon",
        "coordinates": [
          [
            [
              79.428314,
              16.928722
            ],
            [
              79.428578,
              16.928722
            ],
            [
              79.428578,
              16.92903
            ],
            [
              79.428314,
              16.92903
            ],
            [
              79.428314,
              16.928722
            ]
          ]
        ]
      }
    },
    {
      "type": "Feature",
      "properties": {
        "data_source": "SYNTHETIC - not an official record",
        "state": "Telangana",
        "district": "Medchal-Malkajgiri",
        "mandal": "Keesara",
        "village": "Ghatkesar Road",
        "survey_number": "85",
        "pattadar_account_no": "0004",
        "landholder_name": "Narsimha Rao (synthetic)",
        "land_type": "Garden (Thota)",
        "soil_type": "Black Regada",
        "crop": "Fallow",
        "area_acres_guntas": "0A 22G",
        "area_acres_decimal": 0.55
      },
      "geometry": {
        "type": "Polygon",
        "coordinates": [
          [
            [
              78.395094,
              17.463204
            ],
            [
              78.395529,
              17.463204
            ],
            [
              78.395529,
              17.46369
            ],
            [
              78.395094,
              17.46369
            ],
            [
              78.395094,
              17.463204
            ]
          ]
        ]
      }
    },
    {
      "type": "Feature",
      "properties": {
        "data_source": "SYNTHETIC - not an official record",
        "state": "Telangana",
        "district": "Medchal-Malkajgiri",
        "mandal": "Shamirpet",
        "village": "Gundlapochampally",
        "survey_number": "76/3",
        "pattadar_account_no": "0005",
        "landholder_name": "Ravi Reddy (synthetic)",
        "land_type": "Dry (Metta)",
        "soil_type": "Sandy Loam",
        "crop": "Fallow",
        "area_acres_guntas": "1A 35G",
        "area_acres_decimal": 1.88
      },
      "geometry": {
        "type": "Polygon",
        "coordinates": [
          [
            [
              78.552137,
              17.651776
            ],
            [
              78.553081,
              17.651776
            ],
            [
              78.553081,
              17.652459
            ],
            [
              78.552137,
              17.652459
            ],
            [
              78.552137,
              17.651776
            ]
          ]
        ]
      }
    },
    {
      "type": "Feature",
      "properties": {
        "data_source": "SYNTHETIC - not an official record",
        "state": "Telangana",
        "district": "Khammam",
        "mandal": "Khammam",
        "village": "Nelakondapalli",
        "survey_number": "57/5",
        "pattadar_account_no": "0004",
        "landholder_name": "Srinivas Rao (synthetic)",
        "land_type": "Wet (Nala/Baavi)",
        "soil_type": "Sandy Loam",
        "crop": "Paddy",
        "area_acres_guntas": "2A 25G",
        "area_acres_decimal": 2.62
      },
      "geometry": {
        "type": "Polygon",
        "coordinates": [
          [
            [
              80.104148,
              17.377136
            ],
            [
              80.104985,
              17.377136
            ],
            [
              80.104985,
              17.377968
            ],
            [
              80.104148,
              17.377968
            ],
            [
              80.104148,
              17.377136
            ]
          ]
        ]
      }
    },
    {
      "type": "Feature",
      "properties": {
        "data_source": "SYNTHETIC - not an official record",
        "state": "Telangana",
        "district": "Medchal-Malkajgiri",
        "mandal": "Shamirpet",
        "village": "Shamirpet",
        "survey_number": "134",
        "pattadar_account_no": "0002",
        "landholder_name": "Venkateshwarlu Rao (synthetic)",
        "land_type": "Dry (Metta)",
        "soil_type": "Black Regada",
        "crop": "Fallow",
        "area_acres_guntas": "0A 30G",
        "area_acres_decimal": 0.75
      },
      "geometry": {
        "type": "Polygon",
        "coordinates": [
          [
            [
              78.504169,
              17.743407
            ],
            [
              78.504631,
              17.743407
            ],
            [
              78.504631,
              17.743911
            ],
            [
              78.504169,
              17.743911
            ],
            [
              78.504169,
              17.743407
            ]
          ]
        ]
      }
    },
    {
      "type": "Feature",
      "properties": {
        "data_source": "SYNTHETIC - not an official record",
        "state": "Telangana",
        "district": "Karimnagar",
        "mandal": "Karimnagar",
        "village": "Thimmapur",
        "survey_number": "243/4B",
        "pattadar_account_no": "0001",
        "landholder_name": "Ramulu Naik (synthetic)",
        "land_type": "Wet (Nala/Baavi)",
        "soil_type": "Sandy Loam",
        "crop": "Cotton",
        "area_acres_guntas": "2A 33G",
        "area_acres_decimal": 2.83
      },
      "geometry": {
        "type": "Polygon",
        "coordinates": [
          [
            [
              78.990632,
              18.48206
            ],
            [
              78.991605,
              18.48206
            ],
            [
              78.991605,
              18.483068
            ],
            [
              78.990632,
              18.483068
            ],
            [
              78.990632,
              18.48206
            ]
          ]
        ]
      }
    },
    {
      "type": "Feature",
      "properties": {
        "data_source": "SYNTHETIC - not an official record",
        "state": "Telangana",
        "district": "Suryapet",
        "mandal": "Suryapet",
        "village": "Chilkur",
        "survey_number": "197",
        "pattadar_account_no": "0004",
        "landholder_name": "Narsimha Yadav (synthetic)",
        "land_type": "Dry (Metta)",
        "soil_type": "Red Chalka",
        "crop": "Fallow",
        "area_acres_guntas": "2A 26G",
        "area_acres_decimal": 2.65
      },
      "geometry": {
        "type": "Polygon",
        "coordinates": [
          [
            [
              79.476963,
              17.114851
            ],
            [
              79.477999,
              17.114851
            ],
            [
              79.477999,
              17.115695
            ],
            [
              79.476963,
              17.115695
            ],
            [
              79.476963,
              17.114851
            ]
          ]
        ]
      }
    },
    {
      "type": "Feature",
      "properties": {
        "data_source": "SYNTHETIC - not an official record",
        "state": "Telangana",
        "district": "Rangareddy",
        "mandal": "Chevella",
        "village": "Shabad",
        "survey_number": "169",
        "pattadar_account_no": "0004",
        "landholder_name": "Narsimha Chary (synthetic)",
        "land_type": "Dry (Metta)",
        "soil_type": "Sandy Loam",
        "crop": "Turmeric",
        "area_acres_guntas": "2A 34G",
        "area_acres_decimal": 2.85
      },
      "geometry": {
        "type": "Polygon",
        "coordinates": [
          [
            [
              78.45922,
              17.223797
            ],
            [
              78.460101,
              17.223797
            ],
            [
              78.460101,
              17.224632
            ],
            [
              78.45922,
              17.224632
            ],
            [
              78.45922,
              17.223797
            ]
          ]
        ]
      }
    },
    {
      "type": "Feature",
      "properties": {
        "data_source": "SYNTHETIC - not an official record",
        "state": "Telangana",
        "district": "Rangareddy",
        "mandal": "Shamshabad",
        "village": "Shamshabad",
        "survey_number": "112/5",
        "pattadar_account_no": "0003",
        "landholder_name": "Venkateshwarlu Chary (synthetic)",
        "land_type": "Dry (Metta)",
        "soil_type": "Sandy Loam",
        "crop": "Turmeric",
        "area_acres_guntas": "2A 27G",
        "area_acres_decimal": 2.67
      },
      "geometry": {
        "type": "Polygon",
        "coordinates": [
          [
            [
              78.3956,
              17.309536
            ],
            [
              78.396718,
              17.309536
            ],
            [
              78.396718,
              17.310491
            ],
            [
              78.3956,
              17.310491
            ],
            [
              78.3956,
              17.309536
            ]
          ]
        ]
      }
    },
    {
      "type": "Feature",
      "properties": {
        "data_source": "SYNTHETIC - not an official record",
        "state": "Telangana",
        "district": "Khammam",
        "mandal": "Khammam",
        "village": "Nelakondapalli",
        "survey_number": "248",
        "pattadar_account_no": "0005",
        "landholder_name": "Padma Naidu (synthetic)",
        "land_type": "Garden (Thota)",
        "soil_type": "Sandy Loam",
        "crop": "Turmeric",
        "area_acres_guntas": "3A 33G",
        "area_acres_decimal": 3.83
      },
      "geometry": {
        "type": "Polygon",
        "coordinates": [
          [
            [
              80.051125,
              17.191857
            ],
            [
              80.052346,
              17.191857
            ],
            [
              80.052346,
              17.192951
            ],
            [
              80.051125,
              17.192951
            ],
            [
              80.051125,
              17.191857
            ]
          ]
        ]
      }
    },
    {
      "type": "Feature",
      "properties": {
        "data_source": "SYNTHETIC - not an official record",
        "state": "Telangana",
        "district": "Karimnagar",
        "mandal": "Huzurabad",
        "village": "Huzurabad",
        "survey_number": "15/7",
        "pattadar_account_no": "0004",
        "landholder_name": "Venkateshwarlu Chary (synthetic)",
        "land_type": "Dry (Metta)",
        "soil_type": "Red Chalka",
        "crop": "Fallow",
        "area_acres_guntas": "2A 16G",
        "area_acres_decimal": 2.4
      },
      "geometry": {
        "type": "Polygon",
        "coordinates": [
          [
            [
              78.952537,
              18.273634
            ],
            [
              78.953419,
              18.273634
            ],
            [
              78.953419,
              18.274613
            ],
            [
              78.952537,
              18.274613
            ],
            [
              78.952537,
              18.273634
            ]
          ]
        ]
      }
    },
    {
      "type": "Feature",
      "properties": {
        "data_source": "SYNTHETIC - not an official record",
        "state": "Telangana",
        "district": "Rangareddy",
        "mandal": "Shamshabad",
        "village": "Chandanagar Kalan",
        "survey_number": "118/4",
        "pattadar_account_no": "0006",
        "landholder_name": "Anjaiah Rao (synthetic)",
        "land_type": "Dry (Metta)",
        "soil_type": "Sandy Loam",
        "crop": "Fallow",
        "area_acres_guntas": "2A 29G",
        "area_acres_decimal": 2.73
      },
      "geometry": {
        "type": "Polygon",
        "coordinates": [
          [
            [
              78.436503,
              17.424362
            ],
            [
              78.437562,
              17.424362
            ],
            [
              78.437562,
              17.425198
            ],
            [
              78.436503,
              17.425198
            ],
            [
              78.436503,
              17.424362
            ]
          ]
        ]
      }
    },
    {
      "type": "Feature",
      "properties": {
        "data_source": "SYNTHETIC - not an official record",
        "state": "Telangana",
        "district": "Adilabad",
        "mandal": "Adilabad",
        "village": "Jainad",
        "survey_number": "137",
        "pattadar_account_no": "0002",
        "landholder_name": "Narsimha Rao (synthetic)",
        "land_type": "Wet (Nala/Baavi)",
        "soil_type": "Black Regada",
        "crop": "Red Gram (Kandi)",
        "area_acres_guntas": "3A 27G",
        "area_acres_decimal": 3.67
      },
      "geometry": {
        "type": "Polygon",
        "coordinates": [
          [
            [
              78.302833,
              19.564353
            ],
            [
              78.303985,
              19.564353
            ],
            [
              78.303985,
              19.565292
            ],
            [
              78.302833,
              19.565292
            ],
            [
              78.302833,
              19.564353
            ]
          ]
        ]
      }
    },
    {
      "type": "Feature",
      "properties": {
        "data_source": "SYNTHETIC - not an official record",
        "state": "Telangana",
        "district": "Mahabubnagar",
        "mandal": "Mahabubnagar",
        "village": "Mahabubnagar Rural",
        "survey_number": "10/8B",
        "pattadar_account_no": "0004",
        "landholder_name": "Anasuya Yadav (synthetic)",
        "land_type": "Garden (Thota)",
        "soil_type": "Red Chalka",
        "crop": "Mango Orchard",
        "area_acres_guntas": "0A 33G",
        "area_acres_decimal": 0.82
      },
      "geometry": {
        "type": "Polygon",
        "coordinates": [
          [
            [
              78.195473,
              16.742262
            ],
            [
              78.195936,
              16.742262
            ],
            [
              78.195936,
              16.742823
            ],
            [
              78.195473,
              16.742823
            ],
            [
              78.195473,
              16.742262
            ]
          ]
        ]
      }
    },
    {
      "type": "Feature",
      "properties": {
        "data_source": "SYNTHETIC - not an official record",
        "state": "Telangana",
        "district": "Nalgonda",
        "mandal": "Devarakonda",
        "village": "Chandampet",
        "survey_number": "208/2",
        "pattadar_account_no": "0003",
        "landholder_name": "Ramulu Yadav (synthetic)",
        "land_type": "Wet (Nala/Baavi)",
        "soil_type": "Red Chalka",
        "crop": "Sugarcane",
        "area_acres_guntas": "1A 30G",
        "area_acres_decimal": 1.75
      },
      "geometry": {
        "type": "Polygon",
        "coordinates": [
          [
            [
              79.154942,
              17.060428
            ],
            [
              79.155833,
              17.060428
            ],
            [
              79.155833,
              17.061274
            ],
            [
              79.154942,
              17.061274
            ],
            [
              79.154942,
              17.060428
            ]
          ]
        ]
      }
    },
    {
      "type": "Feature",
      "properties": {
        "data_source": "SYNTHETIC - not an official record",
        "state": "Telangana",
        "district": "Nizamabad",
        "mandal": "Nizamabad",
        "village": "Nizamabad Rural",
        "survey_number": "338/3B",
        "pattadar_account_no": "0002",
        "landholder_name": "Ravi Goud (synthetic)",
        "land_type": "Dry (Metta)",
        "soil_type": "Red Loamy",
        "crop": "Fallow",
        "area_acres_guntas": "0A 26G",
        "area_acres_decimal": 0.65
      },
      "geometry": {
        "type": "Polygon",
        "coordinates": [
          [
            [
              78.198781,
              18.863772
            ],
            [
              78.199309,
              18.863772
            ],
            [
              78.199309,
              18.864206
            ],
            [
              78.198781,
              18.864206
            ],
            [
              78.198781,
              18.863772
            ]
          ]
        ]
      }
    },
    {
      "type": "Feature",
      "properties": {
        "data_source": "SYNTHETIC - not an official record",
        "state": "Telangana",
        "district": "Medchal-Malkajgiri",
        "mandal": "Keesara",
        "village": "Ghatkesar Road",
        "survey_number": "340",
        "pattadar_account_no": "0005",
        "landholder_name": "Narsimha Yadav (synthetic)",
        "land_type": "Garden (Thota)",
        "soil_type": "Black Regada",
        "crop": "Turmeric",
        "area_acres_guntas": "1A 37G",
        "area_acres_decimal": 1.93
      },
      "geometry": {
        "type": "Polygon",
        "coordinates": [
          [
            [
              78.616874,
              17.851797
            ],
            [
              78.617709,
              17.851797
            ],
            [
              78.617709,
              17.852596
            ],
            [
              78.616874,
              17.852596
            ],
            [
              78.616874,
              17.851797
            ]
          ]
        ]
      }
    },
    {
      "type": "Feature",
      "properties": {
        "data_source": "SYNTHETIC - not an official record",
        "state": "Telangana",
        "district": "Adilabad",
        "mandal": "Adilabad",
        "village": "Bela",
        "survey_number": "265/7",
        "pattadar_account_no": "0002",
        "landholder_name": "Narsimha Rao (synthetic)",
        "land_type": "Wet (Nala/Baavi)",
        "soil_type": "Sandy Loam",
        "crop": "Paddy",
        "area_acres_guntas": "1A 6G",
        "area_acres_decimal": 1.15
      },
      "geometry": {
        "type": "Polygon",
        "coordinates": [
          [
            [
              78.73348,
              19.770134
            ],
            [
              78.734061,
              19.770134
            ],
            [
              78.734061,
              19.770822
            ],
            [
              78.73348,
              19.770822
            ],
            [
              78.73348,
              19.770134
            ]
          ]
        ]
      }
    },
    {
      "type": "Feature",
      "properties": {
        "data_source": "SYNTHETIC - not an official record",
        "state": "Telangana",
        "district": "Medchal-Malkajgiri",
        "mandal": "Shamirpet",
        "village": "Shamirpet",
        "survey_number": "32",
        "pattadar_account_no": "0003",
        "landholder_name": "Krishnamurthy Rao (synthetic)",
        "land_type": "Garden (Thota)",
        "soil_type": "Red Loamy",
        "crop": "Turmeric",
        "area_acres_guntas": "3A 10G",
        "area_acres_decimal": 3.25
      },
      "geometry": {
        "type": "Polygon",
        "coordinates": [
          [
            [
              78.774748,
              17.482455
            ],
            [
              78.775874,
              17.482455
            ],
            [
              78.775874,
              17.483539
            ],
            [
              78.774748,
              17.483539
            ],
            [
              78.774748,
              17.482455
            ]
          ]
        ]
      }
    },
    {
      "type": "Feature",
      "properties": {
        "data_source": "SYNTHETIC - not an official record",
        "state": "Telangana",
        "district": "Karimnagar",
        "mandal": "Huzurabad",
        "village": "Huzurabad",
        "survey_number": "233/1B",
        "pattadar_account_no": "0005",
        "landholder_name": "Yellaiah Reddy (synthetic)",
        "land_type": "Dry (Metta)",
        "soil_type": "Sandy Loam",
        "crop": "Cotton",
        "area_acres_guntas": "0A 26G",
        "area_acres_decimal": 0.65
      },
      "geometry": {
        "type": "Polygon",
        "coordinates": [
          [
            [
              79.354734,
              18.224553
            ],
            [
              79.355153,
              18.224553
            ],
            [
              79.355153,
              18.224973
            ],
            [
              79.354734,
              18.224973
            ],
            [
              79.354734,
              18.224553
            ]
          ]
        ]
      }
    },
    {
      "type": "Feature",
      "properties": {
        "data_source": "SYNTHETIC - not an official record",
        "state": "Telangana",
        "district": "Warangal",
        "mandal": "Warangal",
        "village": "Kazipet",
        "survey_number": "315",
        "pattadar_account_no": "0001",
        "landholder_name": "Padma Naik (synthetic)",
        "land_type": "Dry (Metta)",
        "soil_type": "Sandy Loam",
        "crop": "Fallow",
        "area_acres_guntas": "1A 8G",
        "area_acres_decimal": 1.2
      },
      "geometry": {
        "type": "Polygon",
        "coordinates": [
          [
            [
              79.399391,
              18.009167
            ],
            [
              79.400118,
              18.009167
            ],
            [
              79.400118,
              18.009773
            ],
            [
              79.399391,
              18.009773
            ],
            [
              79.399391,
              18.009167
            ]
          ]
        ]
      }
    },
    {
      "type": "Feature",
      "properties": {
        "data_source": "SYNTHETIC - not an official record",
        "state": "Telangana",
        "district": "Suryapet",
        "mandal": "Kodad",
        "village": "Kodad",
        "survey_number": "274",
        "pattadar_account_no": "0004",
        "landholder_name": "Padma Naik (synthetic)",
        "land_type": "Wet (Nala/Baavi)",
        "soil_type": "Sandy Loam",
        "crop": "Paddy",
        "area_acres_guntas": "3A 4G",
        "area_acres_decimal": 3.1
      },
      "geometry": {
        "type": "Polygon",
        "coordinates": [
          [
            [
              79.841412,
              17.138045
            ],
            [
              79.842582,
              17.138045
            ],
            [
              79.842582,
              17.138929
            ],
            [
              79.841412,
              17.138929
            ],
            [
              79.841412,
              17.138045
            ]
          ]
        ]
      }
    },
    {
      "type": "Feature",
      "properties": {
        "data_source": "SYNTHETIC - not an official record",
        "state": "Telangana",
        "district": "Rangareddy",
        "mandal": "Ibrahimpatnam",
        "village": "Pedda Amberpet",
        "survey_number": "50/6A",
        "pattadar_account_no": "0003",
        "landholder_name": "Anjaiah Naidu (synthetic)",
        "land_type": "Garden (Thota)",
        "soil_type": "Red Loamy",
        "crop": "Groundnut",
        "area_acres_guntas": "0A 22G",
        "area_acres_decimal": 0.55
      },
      "geometry": {
        "type": "Polygon",
        "coordinates": [
          [
            [
              78.267129,
              16.985461
            ],
            [
              78.26754,
              16.985461
            ],
            [
              78.26754,
              16.98588
            ],
            [
              78.267129,
              16.98588
            ],
            [
              78.267129,
              16.985461
            ]
          ]
        ]
      }
    },
    {
      "type": "Feature",
      "properties": {
        "data_source": "SYNTHETIC - not an official record",
        "state": "Telangana",
        "district": "Suryapet",
        "mandal": "Kodad",
        "village": "Nadigudem",
        "survey_number": "140",
        "pattadar_account_no": "0003",
        "landholder_name": "Venkateshwarlu Naik (synthetic)",
        "land_type": "Wet (Nala/Baavi)",
        "soil_type": "Sandy Loam",
        "crop": "Turmeric",
        "area_acres_guntas": "3A 32G",
        "area_acres_decimal": 3.8
      },
      "geometry": {
        "type": "Polygon",
        "coordinates": [
          [
            [
              79.768905,
              17.333134
            ],
            [
              79.770152,
              17.333134
            ],
            [
              79.770152,
              17.334157
            ],
            [
              79.768905,
              17.334157
            ],
            [
              79.768905,
              17.333134
            ]
          ]
        ]
      }
    },
    {
      "type": "Feature",
      "properties": {
        "data_source": "SYNTHETIC - not an official record",
        "state": "Telangana",
        "district": "Khammam",
        "mandal": "Kothagudem",
        "village": "Kothagudem",
        "survey_number": "82/7B",
        "pattadar_account_no": "0003",
        "landholder_name": "Bhagyamma (synthetic)",
        "land_type": "Garden (Thota)",
        "soil_type": "Red Loamy",
        "crop": "Paddy",
        "area_acres_guntas": "3A 21G",
        "area_acres_decimal": 3.52
      },
      "geometry": {
        "type": "Polygon",
        "coordinates": [
          [
            [
              79.936264,
              17.185002
            ],
            [
              79.937519,
              17.185002
            ],
            [
              79.937519,
              17.186036
            ],
            [
              79.936264,
              17.186036
            ],
            [
              79.936264,
              17.185002
            ]
          ]
        ]
      }
    },
    {
      "type": "Feature",
      "properties": {
        "data_source": "SYNTHETIC - not an official record",
        "state": "Telangana",
        "district": "Rangareddy",
        "mandal": "Shamshabad",
        "village": "Shamshabad",
        "survey_number": "125",
        "pattadar_account_no": "0004",
        "landholder_name": "Ravi Goud (synthetic)",
        "land_type": "Garden (Thota)",
        "soil_type": "Red Chalka",
        "crop": "Red Gram (Kandi)",
        "area_acres_guntas": "3A 37G",
        "area_acres_decimal": 3.92
      },
      "geometry": {
        "type": "Polygon",
        "coordinates": [
          [
            [
              78.374467,
              16.965598
            ],
            [
              78.375765,
              16.965598
            ],
            [
              78.375765,
              16.966563
            ],
            [
              78.374467,
              16.966563
            ],
            [
              78.374467,
              16.965598
            ]
          ]
        ]
      }
    },
    {
      "type": "Feature",
      "properties": {
        "data_source": "SYNTHETIC - not an official record",
        "state": "Telangana",
        "district": "Karimnagar",
        "mandal": "Karimnagar",
        "village": "Thimmapur",
        "survey_number": "262/7",
        "pattadar_account_no": "0002",
        "landholder_name": "Ramulu Naik (synthetic)",
        "land_type": "Dry (Metta)",
        "soil_type": "Black Regada",
        "crop": "Fallow",
        "area_acres_guntas": "2A 18G",
        "area_acres_decimal": 2.45
      },
      "geometry": {
        "type": "Polygon",
        "coordinates": [
          [
            [
              78.958934,
              18.231481
            ],
            [
              78.959868,
              18.231481
            ],
            [
              78.959868,
              18.23234
            ],
            [
              78.958934,
              18.23234
            ],
            [
              78.958934,
              18.231481
            ]
          ]
        ]
      }
    },
    {
      "type": "Feature",
      "properties": {
        "data_source": "SYNTHETIC - not an official record",
        "state": "Telangana",
        "district": "Nizamabad",
        "mandal": "Nizamabad",
        "village": "Varni",
        "survey_number": "230/4",
        "pattadar_account_no": "0002",
        "landholder_name": "Venkateshwarlu Reddy (synthetic)",
        "land_type": "Garden (Thota)",
        "soil_type": "Red Chalka",
        "crop": "Groundnut",
        "area_acres_guntas": "3A 19G",
        "area_acres_decimal": 3.48
      },
      "geometry": {
        "type": "Polygon",
        "coordinates": [
          [
            [
              77.928508,
              18.536427
            ],
            [
              77.929505,
              18.536427
            ],
            [
              77.929505,
              18.537384
            ],
            [
              77.928508,
              18.537384
            ],
            [
              77.928508,
              18.536427
            ]
          ]
        ]
      }
    },
    {
      "type": "Feature",
      "properties": {
        "data_source": "SYNTHETIC - not an official record",
        "state": "Telangana",
        "district": "Mahabubnagar",
        "mandal": "Wanaparthy",
        "village": "Kothakota",
        "survey_number": "43/2",
        "pattadar_account_no": "0001",
        "landholder_name": "Padma Reddy (synthetic)",
        "land_type": "Dry (Metta)",
        "soil_type": "Sandy Loam",
        "crop": "Soybean",
        "area_acres_guntas": "0A 15G",
        "area_acres_decimal": 0.38
      },
      "geometry": {
        "type": "Polygon",
        "coordinates": [
          [
            [
              78.176692,
              16.533056
            ],
            [
              78.177024,
              16.533056
            ],
            [
              78.177024,
              16.533461
            ],
            [
              78.176692,
              16.533461
            ],
            [
              78.176692,
              16.533056
            ]
          ]
        ]
      }
    },
    {
      "type": "Feature",
      "properties": {
        "data_source": "SYNTHETIC - not an official record",
        "state": "Telangana",
        "district": "Mahabubnagar",
        "mandal": "Mahabubnagar",
        "village": "Jadcherla",
        "survey_number": "138",
        "pattadar_account_no": "0003",
        "landholder_name": "Yellaiah Yadav (synthetic)",
        "land_type": "Dry (Metta)",
        "soil_type": "Red Chalka",
        "crop": "Groundnut",
        "area_acres_guntas": "2A 12G",
        "area_acres_decimal": 2.3
      },
      "geometry": {
        "type": "Polygon",
        "coordinates": [
          [
            [
              77.908096,
              16.644304
            ],
            [
              77.909083,
              16.644304
            ],
            [
              77.909083,
              16.645152
            ],
            [
              77.908096,
              16.645152
            ],
            [
              77.908096,
              16.644304
            ]
          ]
        ]
      }
    },
    {
      "type": "Feature",
      "properties": {
        "data_source": "SYNTHETIC - not an official record",
        "state": "Telangana",
        "district": "Rangareddy",
        "mandal": "Shamshabad",
        "village": "Kothur",
        "survey_number": "119/8B",
        "pattadar_account_no": "0003",
        "landholder_name": "Lakshmamma Goud (synthetic)",
        "land_type": "Wet (Nala/Baavi)",
        "soil_type": "Black Regada",
        "crop": "Maize",
        "area_acres_guntas": "3A 4G",
        "area_acres_decimal": 3.1
      },
      "geometry": {
        "type": "Polygon",
        "coordinates": [
          [
            [
              78.095759,
              17.08433
            ],
            [
              78.096906,
              17.08433
            ],
            [
              78.096906,
              17.085476
            ],
            [
              78.095759,
              17.085476
            ],
            [
              78.095759,
              17.08433
            ]
          ]
        ]
      }
    },
    {
      "type": "Feature",
      "properties": {
        "data_source": "SYNTHETIC - not an official record",
        "state": "Telangana",
        "district": "Khammam",
        "mandal": "Kothagudem",
        "village": "Palvancha",
        "survey_number": "191/2A",
        "pattadar_account_no": "0005",
        "landholder_name": "Balaraju Reddy (synthetic)",
        "land_type": "Dry (Metta)",
        "soil_type": "Red Chalka",
        "crop": "Paddy",
        "area_acres_guntas": "2A 14G",
        "area_acres_decimal": 2.35
      },
      "geometry": {
        "type": "Polygon",
        "coordinates": [
          [
            [
              80.355839,
              17.344603
            ],
            [
              80.356707,
              17.344603
            ],
            [
              80.356707,
              17.345578
            ],
            [
              80.355839,
              17.345578
            ],
            [
              80.355839,
              17.344603
            ]
          ]
        ]
      }
    },
    {
      "type": "Feature",
      "properties": {
        "data_source": "SYNTHETIC - not an official record",
        "state": "Telangana",
        "district": "Nalgonda",
        "mandal": "Nalgonda",
        "village": "Chandupatla",
        "survey_number": "41",
        "pattadar_account_no": "0001",
        "landholder_name": "Sammaiah Reddy (synthetic)",
        "land_type": "Dry (Metta)",
        "soil_type": "Black Regada",
        "crop": "Turmeric",
        "area_acres_guntas": "3A 5G",
        "area_acres_decimal": 3.12
      },
      "geometry": {
        "type": "Polygon",
        "coordinates": [
          [
            [
              79.344503,
              17.071978
            ],
            [
              79.345565,
              17.071978
            ],
            [
              79.345565,
              17.073054
            ],
            [
              79.344503,
              17.073054
            ],
            [
              79.344503,
              17.071978
            ]
          ]
        ]
      }
    },
    {
      "type": "Feature",
      "properties": {
        "data_source": "SYNTHETIC - not an official record",
        "state": "Telangana",
        "district": "Mahabubnagar",
        "mandal": "Wanaparthy",
        "village": "Pebbair",
        "survey_number": "242",
        "pattadar_account_no": "0003",
        "landholder_name": "Srinivas Reddy (synthetic)",
        "land_type": "Dry (Metta)",
        "soil_type": "Red Loamy",
        "crop": "Mango Orchard",
        "area_acres_guntas": "3A 38G",
        "area_acres_decimal": 3.95
      },
      "geometry": {
        "type": "Polygon",
        "coordinates": [
          [
            [
              77.929817,
              16.886848
            ],
            [
              77.931005,
              16.886848
            ],
            [
              77.931005,
              16.887965
            ],
            [
              77.929817,
              16.887965
            ],
            [
              77.929817,
              16.886848
            ]
          ]
        ]
      }
    },
    {
      "type": "Feature",
      "properties": {
        "data_source": "SYNTHETIC - not an official record",
        "state": "Telangana",
        "district": "Mahabubnagar",
        "mandal": "Wanaparthy",
        "village": "Wanaparthy",
        "survey_number": "172/1",
        "pattadar_account_no": "0002",
        "landholder_name": "Bhagyamma Chary (synthetic)",
        "land_type": "Garden (Thota)",
        "soil_type": "Red Loamy",
        "crop": "Red Gram (Kandi)",
        "area_acres_guntas": "0A 30G",
        "area_acres_decimal": 0.75
      },
      "geometry": {
        "type": "Polygon",
        "coordinates": [
          [
            [
              78.203975,
              16.955028
            ],
            [
              78.20452,
              16.955028
            ],
            [
              78.20452,
              16.955572
            ],
            [
              78.203975,
              16.955572
            ],
            [
              78.203975,
              16.955028
            ]
          ]
        ]
      }
    },
    {
      "type": "Feature",
      "properties": {
        "data_source": "SYNTHETIC - not an official record",
        "state": "Telangana",
        "district": "Medchal-Malkajgiri",
        "mandal": "Shamirpet",
        "village": "Thirumalagiri",
        "survey_number": "267/4B",
        "pattadar_account_no": "0005",
        "landholder_name": "Anasuya Reddy (synthetic)",
        "land_type": "Garden (Thota)",
        "soil_type": "Red Chalka",
        "crop": "Soybean",
        "area_acres_guntas": "0A 39G",
        "area_acres_decimal": 0.97
      },
      "geometry": {
        "type": "Polygon",
        "coordinates": [
          [
            [
              78.76485,
              17.403694
            ],
            [
              78.765384,
              17.403694
            ],
            [
              78.765384,
              17.404232
            ],
            [
              78.76485,
              17.404232
            ],
            [
              78.76485,
              17.403694
            ]
          ]
        ]
      }
    },
    {
      "type": "Feature",
      "properties": {
        "data_source": "SYNTHETIC - not an official record",
        "state": "Telangana",
        "district": "Suryapet",
        "mandal": "Suryapet",
        "village": "Thirumalagiri",
        "survey_number": "158",
        "pattadar_account_no": "0003",
        "landholder_name": "Yellaiah Chary (synthetic)",
        "land_type": "Wet (Nala/Baavi)",
        "soil_type": "Sandy Loam",
        "crop": "Mango Orchard",
        "area_acres_guntas": "0A 10G",
        "area_acres_decimal": 0.25
      },
      "geometry": {
        "type": "Polygon",
        "coordinates": [
          [
            [
              79.725487,
              17.338948
            ],
            [
              79.725787,
              17.338948
            ],
            [
              79.725787,
              17.339263
            ],
            [
              79.725487,
              17.339263
            ],
            [
              79.725487,
              17.338948
            ]
          ]
        ]
      }
    },
    {
      "type": "Feature",
      "properties": {
        "data_source": "SYNTHETIC - not an official record",
        "state": "Telangana",
        "district": "Nalgonda",
        "mandal": "Miryalaguda",
        "village": "Damaracherla",
        "survey_number": "138",
        "pattadar_account_no": "0003",
        "landholder_name": "Mallesham Reddy (synthetic)",
        "land_type": "Wet (Nala/Baavi)",
        "soil_type": "Sandy Loam",
        "crop": "Red Gram (Kandi)",
        "area_acres_guntas": "1A 2G",
        "area_acres_decimal": 1.05
      },
      "geometry": {
        "type": "Polygon",
        "coordinates": [
          [
            [
              79.132975,
              17.225964
            ],
            [
              79.133553,
              17.225964
            ],
            [
              79.133553,
              17.226584
            ],
            [
              79.132975,
              17.226584
            ],
            [
              79.132975,
              17.225964
            ]
          ]
        ]
      }
    },
    {
      "type": "Feature",
      "properties": {
        "data_source": "SYNTHETIC - not an official record",
        "state": "Telangana",
        "district": "Mahabubnagar",
        "mandal": "Wanaparthy",
        "village": "Wanaparthy",
        "survey_number": "261",
        "pattadar_account_no": "0003",
        "landholder_name": "Padma Naidu (synthetic)",
        "land_type": "Wet (Nala/Baavi)",
        "soil_type": "Red Chalka",
        "crop": "Chilli",
        "area_acres_guntas": "1A 19G",
        "area_acres_decimal": 1.48
      },
      "geometry": {
        "type": "Polygon",
        "coordinates": [
          [
            [
              78.110895,
              16.879316
            ],
            [
              78.111691,
              16.879316
            ],
            [
              78.111691,
              16.879943
            ],
            [
              78.110895,
              16.879943
            ],
            [
              78.110895,
              16.879316
            ]
          ]
        ]
      }
    },
    {
      "type": "Feature",
      "properties": {
        "data_source": "SYNTHETIC - not an official record",
        "state": "Telangana",
        "district": "Suryapet",
        "mandal": "Kodad",
        "village": "Nadigudem",
        "survey_number": "193/6A",
        "pattadar_account_no": "0004",
        "landholder_name": "Chandraiah Reddy (synthetic)",
        "land_type": "Wet (Nala/Baavi)",
        "soil_type": "Red Chalka",
        "crop": "Sugarcane",
        "area_acres_guntas": "3A 16G",
        "area_acres_decimal": 3.4
      },
      "geometry": {
        "type": "Polygon",
        "coordinates": [
          [
            [
              79.427977,
              17.05454
            ],
            [
              79.428952,
              17.05454
            ],
            [
              79.428952,
              17.055651
            ],
            [
              79.427977,
              17.055651
            ],
            [
              79.427977,
              17.05454
            ]
          ]
        ]
      }
    },
    {
      "type": "Feature",
      "properties": {
        "data_source": "SYNTHETIC - not an official record",
        "state": "Telangana",
        "district": "Karimnagar",
        "mandal": "Karimnagar",
        "village": "Choppadandi",
        "survey_number": "278/7A",
        "pattadar_account_no": "0002",
        "landholder_name": "Venkateshwarlu Yadav (synthetic)",
        "land_type": "Wet (Nala/Baavi)",
        "soil_type": "Red Loamy",
        "crop": "Turmeric",
        "area_acres_guntas": "0A 29G",
        "area_acres_decimal": 0.72
      },
      "geometry": {
        "type": "Polygon",
        "coordinates": [
          [
            [
              79.060604,
              18.356664
            ],
            [
              79.061061,
              18.356664
            ],
            [
              79.061061,
              18.357187
            ],
            [
              79.060604,
              18.357187
            ],
            [
              79.060604,
              18.356664
            ]
          ]
        ]
      }
    },
    {
      "type": "Feature",
      "properties": {
        "data_source": "SYNTHETIC - not an official record",
        "state": "Telangana",
        "district": "Nalgonda",
        "mandal": "Nalgonda",
        "village": "Chandupatla",
        "survey_number": "110",
        "pattadar_account_no": "0002",
        "landholder_name": "Venkateshwarlu Chary (synthetic)",
        "land_type": "Dry (Metta)",
        "soil_type": "Red Loamy",
        "crop": "Maize",
        "area_acres_guntas": "1A 38G",
        "area_acres_decimal": 1.95
      },
      "geometry": {
        "type": "Polygon",
        "coordinates": [
          [
            [
              78.933811,
              17.284426
            ],
            [
              78.934745,
              17.284426
            ],
            [
              78.934745,
              17.285321
            ],
            [
              78.933811,
              17.285321
            ],
            [
              78.933811,
              17.284426
            ]
          ]
        ]
      }
    },
    {
      "type": "Feature",
      "properties": {
        "data_source": "SYNTHETIC - not an official record",
        "state": "Telangana",
        "district": "Khammam",
        "mandal": "Khammam",
        "village": "Nelakondapalli",
        "survey_number": "31/5A",
        "pattadar_account_no": "0006",
        "landholder_name": "Sammaiah Chary (synthetic)",
        "land_type": "Dry (Metta)",
        "soil_type": "Black Regada",
        "crop": "Maize",
        "area_acres_guntas": "3A 35G",
        "area_acres_decimal": 3.88
      },
      "geometry": {
        "type": "Polygon",
        "coordinates": [
          [
            [
              79.960927,
              17.144544
            ],
            [
              79.962225,
              17.144544
            ],
            [
              79.962225,
              17.145806
            ],
            [
              79.960927,
              17.145806
            ],
            [
              79.960927,
              17.144544
            ]
          ]
        ]
      }
    },
    {
      "type": "Feature",
      "properties": {
        "data_source": "SYNTHETIC - not an official record",
        "state": "Telangana",
        "district": "Rangareddy",
        "mandal": "Ibrahimpatnam",
        "village": "Kurmalguda",
        "survey_number": "325/3",
        "pattadar_account_no": "0001",
        "landholder_name": "Srinivas (synthetic)",
        "land_type": "Garden (Thota)",
        "soil_type": "Sandy Loam",
        "crop": "Mango Orchard",
        "area_acres_guntas": "3A 2G",
        "area_acres_decimal": 3.05
      },
      "geometry": {
        "type": "Polygon",
        "coordinates": [
          [
            [
              78.456016,
              17.418136
            ],
            [
              78.45717,
              17.418136
            ],
            [
              78.45717,
              17.419201
            ],
            [
              78.456016,
              17.419201
            ],
            [
              78.456016,
              17.418136
            ]
          ]
        ]
      }
    },
    {
      "type": "Feature",
      "properties": {
        "data_source": "SYNTHETIC - not an official record",
        "state": "Telangana",
        "district": "Mahabubnagar",
        "mandal": "Wanaparthy",
        "village": "Wanaparthy",
        "survey_number": "125/4",
        "pattadar_account_no": "0004",
        "landholder_name": "Anasuya Goud (synthetic)",
        "land_type": "Wet (Nala/Baavi)",
        "soil_type": "Red Loamy",
        "crop": "Maize",
        "area_acres_guntas": "3A 17G",
        "area_acres_decimal": 3.42
      },
      "geometry": {
        "type": "Polygon",
        "coordinates": [
          [
            [
              77.923916,
              16.985661
            ],
            [
              77.92489,
              16.985661
            ],
            [
              77.92489,
              16.986674
            ],
            [
              77.923916,
              16.986674
            ],
            [
              77.923916,
              16.985661
            ]
          ]
        ]
      }
    },
    {
      "type": "Feature",
      "properties": {
        "data_source": "SYNTHETIC - not an official record",
        "state": "Telangana",
        "district": "Warangal",
        "mandal": "Narsampet",
        "village": "Nallabelly",
        "survey_number": "259",
        "pattadar_account_no": "0002",
        "landholder_name": "Balaraju Rao (synthetic)",
        "land_type": "Wet (Nala/Baavi)",
        "soil_type": "Red Chalka",
        "crop": "Red Gram (Kandi)",
        "area_acres_guntas": "3A 31G",
        "area_acres_decimal": 3.77
      },
      "geometry": {
        "type": "Polygon",
        "coordinates": [
          [
            [
              79.368058,
              17.76314
            ],
            [
              79.369242,
              17.76314
            ],
            [
              79.369242,
              17.764125
            ],
            [
              79.368058,
              17.764125
            ],
            [
              79.368058,
              17.76314
            ]
          ]
        ]
      }
    },
    {
      "type": "Feature",
      "properties": {
        "data_source": "SYNTHETIC - not an official record",
        "state": "Telangana",
        "district": "Suryapet",
        "mandal": "Suryapet",
        "village": "Thirumalagiri",
        "survey_number": "62/1A",
        "pattadar_account_no": "0004",
        "landholder_name": "Lakshmamma Naidu (synthetic)",
        "land_type": "Wet (Nala/Baavi)",
        "soil_type": "Red Loamy",
        "crop": "Cotton",
        "area_acres_guntas": "1A 15G",
        "area_acres_decimal": 1.38
      },
      "geometry": {
        "type": "Polygon",
        "coordinates": [
          [
            [
              79.806302,
              17.048845
            ],
            [
              79.807057,
              17.048845
            ],
            [
              79.807057,
              17.049549
            ],
            [
              79.806302,
              17.049549
            ],
            [
              79.806302,
              17.048845
            ]
          ]
        ]
      }
    },
    {
      "type": "Feature",
      "properties": {
        "data_source": "SYNTHETIC - not an official record",
        "state": "Telangana",
        "district": "Karimnagar",
        "mandal": "Karimnagar",
        "village": "Choppadandi",
        "survey_number": "37/9",
        "pattadar_account_no": "0003",
        "landholder_name": "Bhagyamma Goud (synthetic)",
        "land_type": "Dry (Metta)",
        "soil_type": "Sandy Loam",
        "crop": "Fallow",
        "area_acres_guntas": "2A 2G",
        "area_acres_decimal": 2.05
      },
      "geometry": {
        "type": "Polygon",
        "coordinates": [
          [
            [
              79.132997,
              18.589044
            ],
            [
              79.133891,
              18.589044
            ],
            [
              79.133891,
              18.589903
            ],
            [
              79.132997,
              18.589903
            ],
            [
              79.132997,
              18.589044
            ]
          ]
        ]
      }
    },
    {
      "type": "Feature",
      "properties": {
        "data_source": "SYNTHETIC - not an official record",
        "state": "Telangana",
        "district": "Warangal",
        "mandal": "Warangal",
        "village": "Hasanparthy",
        "survey_number": "212/6",
        "pattadar_account_no": "0002",
        "landholder_name": "Venkateshwarlu Yadav (synthetic)",
        "land_type": "Wet (Nala/Baavi)",
        "soil_type": "Black Regada",
        "crop": "Maize",
        "area_acres_guntas": "1A 6G",
        "area_acres_decimal": 1.15
      },
      "geometry": {
        "type": "Polygon",
        "coordinates": [
          [
            [
              79.694537,
              17.822882
            ],
            [
              79.695193,
              17.822882
            ],
            [
              79.695193,
              17.823568
            ],
            [
              79.694537,
              17.823568
            ],
            [
              79.694537,
              17.822882
            ]
          ]
        ]
      }
    },
    {
      "type": "Feature",
      "properties": {
        "data_source": "SYNTHETIC - not an official record",
        "state": "Telangana",
        "district": "Karimnagar",
        "mandal": "Karimnagar",
        "village": "Karimnagar Rural",
        "survey_number": "304/2",
        "pattadar_account_no": "0003",
        "landholder_name": "Lakshmamma Naidu (synthetic)",
        "land_type": "Wet (Nala/Baavi)",
        "soil_type": "Black Regada",
        "crop": "Maize",
        "area_acres_guntas": "1A 16G",
        "area_acres_decimal": 1.4
      },
      "geometry": {
        "type": "Polygon",
        "coordinates": [
          [
            [
              78.958422,
              18.257271
            ],
            [
              78.959202,
              18.257271
            ],
            [
              78.959202,
              18.25804
            ],
            [
              78.958422,
              18.25804
            ],
            [
              78.958422,
              18.257271
            ]
          ]
        ]
      }
    },
    {
      "type": "Feature",
      "properties": {
        "data_source": "SYNTHETIC - not an official record",
        "state": "Telangana",
        "district": "Warangal",
        "mandal": "Warangal",
        "village": "Wardhannapet",
        "survey_number": "123/7A",
        "pattadar_account_no": "0002",
        "landholder_name": "Ravi Reddy (synthetic)",
        "land_type": "Wet (Nala/Baavi)",
        "soil_type": "Red Chalka",
        "crop": "Sugarcane",
        "area_acres_guntas": "2A 10G",
        "area_acres_decimal": 2.25
      },
      "geometry": {
        "type": "Polygon",
        "coordinates": [
          [
            [
              79.54187,
              18.109071
            ],
            [
              79.542701,
              18.109071
            ],
            [
              79.542701,
              18.110055
            ],
            [
              79.54187,
              18.110055
            ],
            [
              79.54187,
              18.109071
            ]
          ]
        ]
      }
    },
    {
      "type": "Feature",
      "properties": {
        "data_source": "SYNTHETIC - not an official record",
        "state": "Telangana",
        "district": "Nizamabad",
        "mandal": "Armoor",
        "village": "Armoor",
        "survey_number": "35",
        "pattadar_account_no": "0002",
        "landholder_name": "Venkateshwarlu Reddy (synthetic)",
        "land_type": "Garden (Thota)",
        "soil_type": "Red Chalka",
        "crop": "Fallow",
        "area_acres_guntas": "2A 17G",
        "area_acres_decimal": 2.42
      },
      "geometry": {
        "type": "Polygon",
        "coordinates": [
          [
            [
              77.901186,
              18.910023
            ],
            [
              77.902,
              18.910023
            ],
            [
              77.902,
              18.910915
            ],
            [
              77.901186,
              18.910915
            ],
            [
              77.901186,
              18.910023
            ]
          ]
        ]
      }
    },
    {
      "type": "Feature",
      "properties": {
        "data_source": "SYNTHETIC - not an official record",
        "state": "Telangana",
        "district": "Medchal-Malkajgiri",
        "mandal": "Shamirpet",
        "village": "Shamirpet",
        "survey_number": "296",
        "pattadar_account_no": "0004",
        "landholder_name": "Balaraju Naidu (synthetic)",
        "land_type": "Garden (Thota)",
        "soil_type": "Black Regada",
        "crop": "Turmeric",
        "area_acres_guntas": "0A 1G",
        "area_acres_decimal": 0.03
      },
      "geometry": {
        "type": "Polygon",
        "coordinates": [
          [
            [
              78.557625,
              17.751868
            ],
            [
              78.557809,
              17.751868
            ],
            [
              78.557809,
              17.752032
            ],
            [
              78.557625,
              17.752032
            ],
            [
              78.557625,
              17.751868
            ]
          ]
        ]
      }
    },
    {
      "type": "Feature",
      "properties": {
        "data_source": "SYNTHETIC - not an official record",
        "state": "Telangana",
        "district": "Rangareddy",
        "mandal": "Chevella",
        "village": "Moinabad",
        "survey_number": "294/5A",
        "pattadar_account_no": "0002",
        "landholder_name": "Padma Reddy (synthetic)",
        "land_type": "Wet (Nala/Baavi)",
        "soil_type": "Black Regada",
        "crop": "Maize",
        "area_acres_guntas": "1A 28G",
        "area_acres_decimal": 1.7
      },
      "geometry": {
        "type": "Polygon",
        "coordinates": [
          [
            [
              78.504731,
              17.04138
            ],
            [
              78.505573,
              17.04138
            ],
            [
              78.505573,
              17.042045
            ],
            [
              78.504731,
              17.042045
            ],
            [
              78.504731,
              17.04138
            ]
          ]
        ]
      }
    },
    {
      "type": "Feature",
      "properties": {
        "data_source": "SYNTHETIC - not an official record",
        "state": "Telangana",
        "district": "Nalgonda",
        "mandal": "Nalgonda",
        "village": "Chandupatla",
        "survey_number": "14",
        "pattadar_account_no": "0003",
        "landholder_name": "Mallesham Reddy (synthetic)",
        "land_type": "Garden (Thota)",
        "soil_type": "Sandy Loam",
        "crop": "Cotton",
        "area_acres_guntas": "1A 31G",
        "area_acres_decimal": 1.77
      },
      "geometry": {
        "type": "Polygon",
        "coordinates": [
          [
            [
              78.980968,
              17.229074
            ],
            [
              78.981864,
              17.229074
            ],
            [
              78.981864,
              17.229784
            ],
            [
              78.980968,
              17.229784
            ],
            [
              78.980968,
              17.229074
            ]
          ]
        ]
      }
    },
    {
      "type": "Feature",
      "properties": {
        "data_source": "SYNTHETIC - not an official record",
        "state": "Telangana",
        "district": "Rangareddy",
        "mandal": "Chevella",
        "village": "Shabad",
        "survey_number": "131",
        "pattadar_account_no": "0005",
        "landholder_name": "Narsimha Chary (synthetic)",
        "land_type": "Dry (Metta)",
        "soil_type": "Sandy Loam",
        "crop": "Maize",
        "area_acres_guntas": "1A 35G",
        "area_acres_decimal": 1.88
      },
      "geometry": {
        "type": "Polygon",
        "coordinates": [
          [
            [
              78.083949,
              17.213805
            ],
            [
              78.084664,
              17.213805
            ],
            [
              78.084664,
              17.214578
            ],
            [
              78.083949,
              17.214578
            ],
            [
              78.083949,
              17.213805
            ]
          ]
        ]
      }
    },
    {
      "type": "Feature",
      "properties": {
        "data_source": "SYNTHETIC - not an official record",
        "state": "Telangana",
        "district": "Medchal-Malkajgiri",
        "mandal": "Keesara",
        "village": "Keesara",
        "survey_number": "38/6A",
        "pattadar_account_no": "0005",
        "landholder_name": "Balaraju (synthetic)",
        "land_type": "Wet (Nala/Baavi)",
        "soil_type": "Red Chalka",
        "crop": "Turmeric",
        "area_acres_guntas": "0A 34G",
        "area_acres_decimal": 0.85
      },
      "geometry": {
        "type": "Polygon",
        "coordinates": [
          [
            [
              78.347156,
              17.824353
            ],
            [
              78.347673,
              17.824353
            ],
            [
              78.347673,
              17.824892
            ],
            [
              78.347156,
              17.824892
            ],
            [
              78.347156,
              17.824353
            ]
          ]
        ]
      }
    },
    {
      "type": "Feature",
      "properties": {
        "data_source": "SYNTHETIC - not an official record",
        "state": "Telangana",
        "district": "Adilabad",
        "mandal": "Adilabad",
        "village": "Jainad",
        "survey_number": "246",
        "pattadar_account_no": "0003",
        "landholder_name": "Narsimha Naik (synthetic)",
        "land_type": "Dry (Metta)",
        "soil_type": "Red Chalka",
        "crop": "Groundnut",
        "area_acres_guntas": "2A 5G",
        "area_acres_decimal": 2.12
      },
      "geometry": {
        "type": "Polygon",
        "coordinates": [
          [
            [
              78.368734,
              19.771993
            ],
            [
              78.36956,
              19.771993
            ],
            [
              78.36956,
              19.772809
            ],
            [
              78.368734,
              19.772809
            ],
            [
              78.368734,
              19.771993
            ]
          ]
        ]
      }
    },
    {
      "type": "Feature",
      "properties": {
        "data_source": "SYNTHETIC - not an official record",
        "state": "Telangana",
        "district": "Nizamabad",
        "mandal": "Armoor",
        "village": "Armoor",
        "survey_number": "321",
        "pattadar_account_no": "0003",
        "landholder_name": "Yellaiah Rao (synthetic)",
        "land_type": "Garden (Thota)",
        "soil_type": "Black Regada",
        "crop": "Sugarcane",
        "area_acres_guntas": "3A 18G",
        "area_acres_decimal": 3.45
      },
      "geometry": {
        "type": "Polygon",
        "coordinates": [
          [
            [
              78.140885,
              18.501531
            ],
            [
              78.142038,
              18.501531
            ],
            [
              78.142038,
              18.502629
            ],
            [
              78.140885,
              18.502629
            ],
            [
              78.140885,
              18.501531
            ]
          ]
        ]
      }
    },
    {
      "type": "Feature",
      "properties": {
        "data_source": "SYNTHETIC - not an official record",
        "state": "Telangana",
        "district": "Suryapet",
        "mandal": "Suryapet",
        "village": "Suryapet Rural",
        "survey_number": "61/2",
        "pattadar_account_no": "0003",
        "landholder_name": "Lakshmamma Yadav (synthetic)",
        "land_type": "Dry (Metta)",
        "soil_type": "Red Chalka",
        "crop": "Mango Orchard",
        "area_acres_guntas": "0A 20G",
        "area_acres_decimal": 0.5
      },
      "geometry": {
        "type": "Polygon",
        "coordinates": [
          [
            [
              79.853126,
              17.101605
            ],
            [
              79.85358,
              17.101605
            ],
            [
              79.85358,
              17.10205
            ],
            [
              79.853126,
              17.10205
            ],
            [
              79.853126,
              17.101605
            ]
          ]
        ]
      }
    },
    {
      "type": "Feature",
      "properties": {
        "data_source": "SYNTHETIC - not an official record",
        "state": "Telangana",
        "district": "Medchal-Malkajgiri",
        "mandal": "Keesara",
        "village": "Keesara",
        "survey_number": "218/1A",
        "pattadar_account_no": "0006",
        "landholder_name": "Ravi (synthetic)",
        "land_type": "Wet (Nala/Baavi)",
        "soil_type": "Sandy Loam",
        "crop": "Soybean",
        "area_acres_guntas": "2A 37G",
        "area_acres_decimal": 2.92
      },
      "geometry": {
        "type": "Polygon",
        "coordinates": [
          [
            [
              78.53045,
              17.542357
            ],
            [
              78.531561,
              17.542357
            ],
            [
              78.531561,
              17.543374
            ],
            [
              78.53045,
              17.543374
            ],
            [
              78.53045,
              17.542357
            ]
          ]
        ]
      }
    },
    {
      "type": "Feature",
      "properties": {
        "data_source": "SYNTHETIC - not an official record",
        "state": "Telangana",
        "district": "Mahabubnagar",
        "mandal": "Mahabubnagar",
        "village": "Mahabubnagar Rural",
        "survey_number": "156",
        "pattadar_account_no": "0005",
        "landholder_name": "Venkateshwarlu Yadav (synthetic)",
        "land_type": "Wet (Nala/Baavi)",
        "soil_type": "Red Loamy",
        "crop": "Fallow",
        "area_acres_guntas": "3A 22G",
        "area_acres_decimal": 3.55
      },
      "geometry": {
        "type": "Polygon",
        "coordinates": [
          [
            [
              77.934214,
              16.688783
            ],
            [
              77.935476,
              16.688783
            ],
            [
              77.935476,
              16.689835
            ],
            [
              77.934214,
              16.689835
            ],
            [
              77.934214,
              16.688783
            ]
          ]
        ]
      }
    },
    {
      "type": "Feature",
      "properties": {
        "data_source": "SYNTHETIC - not an official record",
        "state": "Telangana",
        "district": "Khammam",
        "mandal": "Khammam",
        "village": "Khammam Rural",
        "survey_number": "259",
        "pattadar_account_no": "0004",
        "landholder_name": "Venkateshwarlu Goud (synthetic)",
        "land_type": "Garden (Thota)",
        "soil_type": "Red Chalka",
        "crop": "Fallow",
        "area_acres_guntas": "0A 6G",
        "area_acres_decimal": 0.15
      },
      "geometry": {
        "type": "Polygon",
        "coordinates": [
          [
            [
              80.051731,
              17.445168
            ],
            [
              80.051973,
              17.445168
            ],
            [
              80.051973,
              17.445412
            ],
            [
              80.051731,
              17.445412
            ],
            [
              80.051731,
              17.445168
            ]
          ]
        ]
      }
    },
    {
      "type": "Feature",
      "properties": {
        "data_source": "SYNTHETIC - not an official record",
        "state": "Telangana",
        "district": "Mahabubnagar",
        "mandal": "Wanaparthy",
        "village": "Pebbair",
        "survey_number": "343/2",
        "pattadar_account_no": "0004",
        "landholder_name": "Yellaiah (synthetic)",
        "land_type": "Dry (Metta)",
        "soil_type": "Red Chalka",
        "crop": "Mango Orchard",
        "area_acres_guntas": "1A 6G",
        "area_acres_decimal": 1.15
      },
      "geometry": {
        "type": "Polygon",
        "coordinates": [
          [
            [
              78.082724,
              16.880189
            ],
            [
              78.083381,
              16.880189
            ],
            [
              78.083381,
              16.880744
            ],
            [
              78.082724,
              16.880744
            ],
            [
              78.082724,
              16.880189
            ]
          ]
        ]
      }
    },
    {
      "type": "Feature",
      "properties": {
        "data_source": "SYNTHETIC - not an official record",
        "state": "Telangana",
        "district": "Adilabad",
        "mandal": "Nirmal",
        "village": "Laxmanchanda",
        "survey_number": "168/1B",
        "pattadar_account_no": "0003",
        "landholder_name": "Sammaiah Chary (synthetic)",
        "land_type": "Wet (Nala/Baavi)",
        "soil_type": "Red Loamy",
        "crop": "Groundnut",
        "area_acres_guntas": "0A 22G",
        "area_acres_decimal": 0.55
      },
      "geometry": {
        "type": "Polygon",
        "coordinates": [
          [
            [
              78.287388,
              19.458303
            ],
            [
              78.287872,
              19.458303
            ],
            [
              78.287872,
              19.458762
            ],
            [
              78.287388,
              19.458762
            ],
            [
              78.287388,
              19.458303
            ]
          ]
        ]
      }
    },
    {
      "type": "Feature",
      "properties": {
        "data_source": "SYNTHETIC - not an official record",
        "state": "Telangana",
        "district": "Nalgonda",
        "mandal": "Miryalaguda",
        "village": "Miryalaguda",
        "survey_number": "41/6A",
        "pattadar_account_no": "0003",
        "landholder_name": "Chandraiah (synthetic)",
        "land_type": "Garden (Thota)",
        "soil_type": "Black Regada",
        "crop": "Mango Orchard",
        "area_acres_guntas": "3A 24G",
        "area_acres_decimal": 3.6
      },
      "geometry": {
        "type": "Polygon",
        "coordinates": [
          [
            [
              78.941724,
              17.11136
            ],
            [
              78.942855,
              17.11136
            ],
            [
              78.942855,
              17.112368
            ],
            [
              78.941724,
              17.112368
            ],
            [
              78.941724,
              17.11136
            ]
          ]
        ]
      }
    },
    {
      "type": "Feature",
      "properties": {
        "data_source": "SYNTHETIC - not an official record",
        "state": "Telangana",
        "district": "Nizamabad",
        "mandal": "Armoor",
        "village": "Balkonda",
        "survey_number": "86/7",
        "pattadar_account_no": "0001",
        "landholder_name": "Narsimha Chary (synthetic)",
        "land_type": "Dry (Metta)",
        "soil_type": "Red Chalka",
        "crop": "Fallow",
        "area_acres_guntas": "1A 0G",
        "area_acres_decimal": 1.0
      },
      "geometry": {
        "type": "Polygon",
        "coordinates": [
          [
            [
              78.148996,
              18.914381
            ],
            [
              78.149666,
              18.914381
            ],
            [
              78.149666,
              18.914984
            ],
            [
              78.148996,
              18.914984
            ],
            [
              78.148996,
              18.914381
            ]
          ]
        ]
      }
    },
    {
      "type": "Feature",
      "properties": {
        "data_source": "SYNTHETIC - not an official record",
        "state": "Telangana",
        "district": "Mahabubnagar",
        "mandal": "Mahabubnagar",
        "village": "Mahabubnagar Rural",
        "survey_number": "319/7",
        "pattadar_account_no": "0006",
        "landholder_name": "Ravi (synthetic)",
        "land_type": "Wet (Nala/Baavi)",
        "soil_type": "Sandy Loam",
        "crop": "Maize",
        "area_acres_guntas": "2A 37G",
        "area_acres_decimal": 2.92
      },
      "geometry": {
        "type": "Polygon",
        "coordinates": [
          [
            [
              78.11631,
              16.667918
            ],
            [
              78.11724,
              16.667918
            ],
            [
              78.11724,
              16.668795
            ],
            [
              78.11631,
              16.668795
            ],
            [
              78.11631,
              16.667918
            ]
          ]
        ]
      }
    },
    {
      "type": "Feature",
      "properties": {
        "data_source": "SYNTHETIC - not an official record",
        "state": "Telangana",
        "district": "Medchal-Malkajgiri",
        "mandal": "Keesara",
        "village": "Keesara",
        "survey_number": "67/9",
        "pattadar_account_no": "0007",
        "landholder_name": "Yellaiah Chary (synthetic)",
        "land_type": "Garden (Thota)",
        "soil_type": "Sandy Loam",
        "crop": "Turmeric",
        "area_acres_guntas": "0A 24G",
        "area_acres_decimal": 0.6
      },
      "geometry": {
        "type": "Polygon",
        "coordinates": [
          [
            [
              78.712853,
              17.403918
            ],
            [
              78.713333,
              17.403918
            ],
            [
              78.713333,
              17.404379
            ],
            [
              78.712853,
              17.404379
            ],
            [
              78.712853,
              17.403918
            ]
          ]
        ]
      }
    },
    {
      "type": "Feature",
      "properties": {
        "data_source": "SYNTHETIC - not an official record",
        "state": "Telangana",
        "district": "Nalgonda",
        "mandal": "Nalgonda",
        "village": "Panagal",
        "survey_number": "196",
        "pattadar_account_no": "0002",
        "landholder_name": "Padma Naik (synthetic)",
        "land_type": "Garden (Thota)",
        "soil_type": "Red Chalka",
        "crop": "Soybean",
        "area_acres_guntas": "0A 16G",
        "area_acres_decimal": 0.4
      },
      "geometry": {
        "type": "Polygon",
        "coordinates": [
          [
            [
              79.017169,
              17.029852
            ],
            [
              79.017589,
              17.029852
            ],
            [
              79.017589,
              17.030248
            ],
            [
              79.017169,
              17.030248
            ],
            [
              79.017169,
              17.029852
            ]
          ]
        ]
      }
    },
    {
      "type": "Feature",
      "properties": {
        "data_source": "SYNTHETIC - not an official record",
        "state": "Telangana",
        "district": "Warangal",
        "mandal": "Narsampet",
        "village": "Chennaraopet",
        "survey_number": "68/7B",
        "pattadar_account_no": "0002",
        "landholder_name": "Anjaiah Naidu (synthetic)",
        "land_type": "Dry (Metta)",
        "soil_type": "Black Regada",
        "crop": "Fallow",
        "area_acres_guntas": "1A 33G",
        "area_acres_decimal": 1.82
      },
      "geometry": {
        "type": "Polygon",
        "coordinates": [
          [
            [
              79.661568,
              18.166453
            ],
            [
              79.662298,
              18.166453
            ],
            [
              79.662298,
              18.167123
            ],
            [
              79.661568,
              18.167123
            ],
            [
              79.661568,
              18.166453
            ]
          ]
        ]
      }
    },
    {
      "type": "Feature",
      "properties": {
        "data_source": "SYNTHETIC - not an official record",
        "state": "Telangana",
        "district": "Warangal",
        "mandal": "Narsampet",
        "village": "Chennaraopet",
        "survey_number": "322",
        "pattadar_account_no": "0003",
        "landholder_name": "Padma Rao (synthetic)",
        "land_type": "Garden (Thota)",
        "soil_type": "Red Chalka",
        "crop": "Chilli",
        "area_acres_guntas": "0A 23G",
        "area_acres_decimal": 0.57
      },
      "geometry": {
        "type": "Polygon",
        "coordinates": [
          [
            [
              79.565825,
              18.007558
            ],
            [
              79.566256,
              18.007558
            ],
            [
              79.566256,
              18.007951
            ],
            [
              79.565825,
              18.007951
            ],
            [
              79.565825,
              18.007558
            ]
          ]
        ]
      }
    },
    {
      "type": "Feature",
      "properties": {
        "data_source": "SYNTHETIC - not an official record",
        "state": "Telangana",
        "district": "Warangal",
        "mandal": "Narsampet",
        "village": "Nallabelly",
        "survey_number": "92",
        "pattadar_account_no": "0003",
        "landholder_name": "Balaraju Reddy (synthetic)",
        "land_type": "Dry (Metta)",
        "soil_type": "Sandy Loam",
        "crop": "Groundnut",
        "area_acres_guntas": "1A 18G",
        "area_acres_decimal": 1.45
      },
      "geometry": {
        "type": "Polygon",
        "coordinates": [
          [
            [
              79.816076,
              17.921383
            ],
            [
              79.816786,
              17.921383
            ],
            [
              79.816786,
              17.922016
            ],
            [
              79.816076,
              17.922016
            ],
            [
              79.816076,
              17.921383
            ]
          ]
        ]
      }
    },
    {
      "type": "Feature",
      "properties": {
        "data_source": "SYNTHETIC - not an official record",
        "state": "Telangana",
        "district": "Suryapet",
        "mandal": "Suryapet",
        "village": "Chilkur",
        "survey_number": "247",
        "pattadar_account_no": "0005",
        "landholder_name": "Anjaiah Goud (synthetic)",
        "land_type": "Dry (Metta)",
        "soil_type": "Red Loamy",
        "crop": "Cotton",
        "area_acres_guntas": "2A 17G",
        "area_acres_decimal": 2.42
      },
      "geometry": {
        "type": "Polygon",
        "coordinates": [
          [
            [
              79.498639,
              17.331255
            ],
            [
              79.499617,
              17.331255
            ],
            [
              79.499617,
              17.33217
            ],
            [
              79.498639,
              17.33217
            ],
            [
              79.498639,
              17.331255
            ]
          ]
        ]
      }
    },
    {
      "type": "Feature",
      "properties": {
        "data_source": "SYNTHETIC - not an official record",
        "state": "Telangana",
        "district": "Adilabad",
        "mandal": "Nirmal",
        "village": "Bhainsa",
        "survey_number": "177",
        "pattadar_account_no": "0005",
        "landholder_name": "Anasuya (synthetic)",
        "land_type": "Dry (Metta)",
        "soil_type": "Red Loamy",
        "crop": "Mango Orchard",
        "area_acres_guntas": "0A 10G",
        "area_acres_decimal": 0.25
      },
      "geometry": {
        "type": "Polygon",
        "coordinates": [
          [
            [
              78.543646,
              19.506856
            ],
            [
              78.543987,
              19.506856
            ],
            [
              78.543987,
              19.507138
            ],
            [
              78.543646,
              19.507138
            ],
            [
              78.543646,
              19.506856
            ]
          ]
        ]
      }
    },
    {
      "type": "Feature",
      "properties": {
        "data_source": "SYNTHETIC - not an official record",
        "state": "Telangana",
        "district": "Medchal-Malkajgiri",
        "mandal": "Keesara",
        "village": "Nagaram",
        "survey_number": "28",
        "pattadar_account_no": "0003",
        "landholder_name": "Padma Rao (synthetic)",
        "land_type": "Garden (Thota)",
        "soil_type": "Red Chalka",
        "crop": "Mango Orchard",
        "area_acres_guntas": "3A 39G",
        "area_acres_decimal": 3.98
      },
      "geometry": {
        "type": "Polygon",
        "coordinates": [
          [
            [
              78.64977,
              17.860074
            ],
            [
              78.650817,
              17.860074
            ],
            [
              78.650817,
              17.861181
            ],
            [
              78.64977,
              17.861181
            ],
            [
              78.64977,
              17.860074
            ]
          ]
        ]
      }
    },
    {
      "type": "Feature",
      "properties": {
        "data_source": "SYNTHETIC - not an official record",
        "state": "Telangana",
        "district": "Adilabad",
        "mandal": "Adilabad",
        "village": "Adilabad Rural",
        "survey_number": "38",
        "pattadar_account_no": "0003",
        "landholder_name": "Yellaiah Naik (synthetic)",
        "land_type": "Dry (Metta)",
        "soil_type": "Red Chalka",
        "crop": "Fallow",
        "area_acres_guntas": "0A 39G",
        "area_acres_decimal": 0.97
      },
      "geometry": {
        "type": "Polygon",
        "coordinates": [
          [
            [
              78.490414,
              19.918905
            ],
            [
              78.490963,
              19.918905
            ],
            [
              78.490963,
              19.919481
            ],
            [
              78.490414,
              19.919481
            ],
            [
              78.490414,
              19.918905
            ]
          ]
        ]
      }
    },
    {
      "type": "Feature",
      "properties": {
        "data_source": "SYNTHETIC - not an official record",
        "state": "Telangana",
        "district": "Mahabubnagar",
        "mandal": "Wanaparthy",
        "village": "Pebbair",
        "survey_number": "131",
        "pattadar_account_no": "0005",
        "landholder_name": "Bhagyamma Reddy (synthetic)",
        "land_type": "Garden (Thota)",
        "soil_type": "Red Chalka",
        "crop": "Sugarcane",
        "area_acres_guntas": "3A 33G",
        "area_acres_decimal": 3.83
      },
      "geometry": {
        "type": "Polygon",
        "coordinates": [
          [
            [
              78.152074,
              16.631587
            ],
            [
              78.153257,
              16.631587
            ],
            [
              78.153257,
              16.632703
            ],
            [
              78.152074,
              16.632703
            ],
            [
              78.152074,
              16.631587
            ]
          ]
        ]
      }
    },
    {
      "type": "Feature",
      "properties": {
        "data_source": "SYNTHETIC - not an official record",
        "state": "Telangana",
        "district": "Karimnagar",
        "mandal": "Huzurabad",
        "village": "Veenavanka",
        "survey_number": "35/1",
        "pattadar_account_no": "0002",
        "landholder_name": "Yellaiah Yadav (synthetic)",
        "land_type": "Dry (Metta)",
        "soil_type": "Red Chalka",
        "crop": "Sugarcane",
        "area_acres_guntas": "0A 3G",
        "area_acres_decimal": 0.07
      },
      "geometry": {
        "type": "Polygon",
        "coordinates": [
          [
            [
              79.260092,
              18.266036
            ],
            [
              79.260273,
              18.266036
            ],
            [
              79.260273,
              18.266208
            ],
            [
              79.260092,
              18.266208
            ],
            [
              79.260092,
              18.266036
            ]
          ]
        ]
      }
    },
    {
      "type": "Feature",
      "properties": {
        "data_source": "SYNTHETIC - not an official record",
        "state": "Telangana",
        "district": "Nizamabad",
        "mandal": "Armoor",
        "village": "Nandipet",
        "survey_number": "239/2A",
        "pattadar_account_no": "0002",
        "landholder_name": "Sammaiah Goud (synthetic)",
        "land_type": "Wet (Nala/Baavi)",
        "soil_type": "Black Regada",
        "crop": "Fallow",
        "area_acres_guntas": "0A 23G",
        "area_acres_decimal": 0.57
      },
      "geometry": {
        "type": "Polygon",
        "coordinates": [
          [
            [
              77.893096,
              18.47371
            ],
            [
              77.89359,
              18.47371
            ],
            [
              77.89359,
              18.47414
            ],
            [
              77.893096,
              18.47414
            ],
            [
              77.893096,
              18.47371
            ]
          ]
        ]
      }
    },
    {
      "type": "Feature",
      "properties": {
        "data_source": "SYNTHETIC - not an official record",
        "state": "Telangana",
        "district": "Nizamabad",
        "mandal": "Armoor",
        "village": "Nandipet",
        "survey_number": "155/7B",
        "pattadar_account_no": "0003",
        "landholder_name": "Padma (synthetic)",
        "land_type": "Dry (Metta)",
        "soil_type": "Black Regada",
        "crop": "Soybean",
        "area_acres_guntas": "2A 16G",
        "area_acres_decimal": 2.4
      },
      "geometry": {
        "type": "Polygon",
        "coordinates": [
          [
            [
              78.346195,
              18.433969
            ],
            [
              78.347072,
              18.433969
            ],
            [
              78.347072,
              18.43485
            ],
            [
              78.346195,
              18.43485
            ],
            [
              78.346195,
              18.433969
            ]
          ]
        ]
      }
    },
    {
      "type": "Feature",
      "properties": {
        "data_source": "SYNTHETIC - not an official record",
        "state": "Telangana",
        "district": "Warangal",
        "mandal": "Warangal",
        "village": "Wardhannapet",
        "survey_number": "6/2",
        "pattadar_account_no": "0003",
        "landholder_name": "Padma Reddy (synthetic)",
        "land_type": "Dry (Metta)",
        "soil_type": "Red Chalka",
        "crop": "Paddy",
        "area_acres_guntas": "3A 34G",
        "area_acres_decimal": 3.85
      },
      "geometry": {
        "type": "Polygon",
        "coordinates": [
          [
            [
              79.461723,
              17.730673
            ],
            [
              79.463072,
              17.730673
            ],
            [
              79.463072,
              17.731665
            ],
            [
              79.461723,
              17.731665
            ],
            [
              79.461723,
              17.730673
            ]
          ]
        ]
      }
    },
    {
      "type": "Feature",
      "properties": {
        "data_source": "SYNTHETIC - not an official record",
        "state": "Telangana",
        "district": "Nalgonda",
        "mandal": "Miryalaguda",
        "village": "Nutankal",
        "survey_number": "319",
        "pattadar_account_no": "0002",
        "landholder_name": "Ramulu Chary (synthetic)",
        "land_type": "Wet (Nala/Baavi)",
        "soil_type": "Sandy Loam",
        "crop": "Mango Orchard",
        "area_acres_guntas": "3A 10G",
        "area_acres_decimal": 3.25
      },
      "geometry": {
        "type": "Polygon",
        "coordinates": [
          [
            [
              79.072703,
              17.054132
            ],
            [
              79.073832,
              17.054132
            ],
            [
              79.073832,
              17.05506
            ],
            [
              79.072703,
              17.05506
            ],
            [
              79.072703,
              17.054132
            ]
          ]
        ]
      }
    },
    {
      "type": "Feature",
      "properties": {
        "data_source": "SYNTHETIC - not an official record",
        "state": "Telangana",
        "district": "Nizamabad",
        "mandal": "Armoor",
        "village": "Armoor",
        "survey_number": "265",
        "pattadar_account_no": "0004",
        "landholder_name": "Lakshmamma Chary (synthetic)",
        "land_type": "Dry (Metta)",
        "soil_type": "Sandy Loam",
        "crop": "Mango Orchard",
        "area_acres_guntas": "2A 16G",
        "area_acres_decimal": 2.4
      },
      "geometry": {
        "type": "Polygon",
        "coordinates": [
          [
            [
              78.294757,
              18.759986
            ],
            [
              78.295704,
              18.759986
            ],
            [
              78.295704,
              18.76083
            ],
            [
              78.294757,
              18.76083
            ],
            [
              78.294757,
              18.759986
            ]
          ]
        ]
      }
    },
    {
      "type": "Feature",
      "properties": {
        "data_source": "SYNTHETIC - not an official record",
        "state": "Telangana",
        "district": "Karimnagar",
        "mandal": "Karimnagar",
        "village": "Choppadandi",
        "survey_number": "332/5B",
        "pattadar_account_no": "0004",
        "landholder_name": "Mallesham Reddy (synthetic)",
        "land_type": "Dry (Metta)",
        "soil_type": "Black Regada",
        "crop": "Fallow",
        "area_acres_guntas": "1A 36G",
        "area_acres_decimal": 1.9
      },
      "geometry": {
        "type": "Polygon",
        "coordinates": [
          [
            [
              79.112597,
              18.259111
            ],
            [
              79.113419,
              18.259111
            ],
            [
              79.113419,
              18.259815
            ],
            [
              79.112597,
              18.259815
            ],
            [
              79.112597,
              18.259111
            ]
          ]
        ]
      }
    },
    {
      "type": "Feature",
      "properties": {
        "data_source": "SYNTHETIC - not an official record",
        "state": "Telangana",
        "district": "Nalgonda",
        "mandal": "Devarakonda",
        "village": "Nampalle",
        "survey_number": "76/2B",
        "pattadar_account_no": "0001",
        "landholder_name": "Srinivas Naik (synthetic)",
        "land_type": "Dry (Metta)",
        "soil_type": "Sandy Loam",
        "crop": "Fallow",
        "area_acres_guntas": "3A 6G",
        "area_acres_decimal": 3.15
      },
      "geometry": {
        "type": "Polygon",
        "coordinates": [
          [
            [
              79.201834,
              17.198744
            ],
            [
              79.202772,
              17.198744
            ],
            [
              79.202772,
              17.199739
            ],
            [
              79.201834,
              17.199739
            ],
            [
              79.201834,
              17.198744
            ]
          ]
        ]
      }
    },
    {
      "type": "Feature",
      "properties": {
        "data_source": "SYNTHETIC - not an official record",
        "state": "Telangana",
        "district": "Warangal",
        "mandal": "Narsampet",
        "village": "Narsampet",
        "survey_number": "165/7A",
        "pattadar_account_no": "0003",
        "landholder_name": "Anjaiah (synthetic)",
        "land_type": "Garden (Thota)",
        "soil_type": "Sandy Loam",
        "crop": "Chilli",
        "area_acres_guntas": "1A 11G",
        "area_acres_decimal": 1.27
      },
      "geometry": {
        "type": "Polygon",
        "coordinates": [
          [
            [
              79.643199,
              18.160737
            ],
            [
              79.643909,
              18.160737
            ],
            [
              79.643909,
              18.161348
            ],
            [
              79.643199,
              18.161348
            ],
            [
              79.643199,
              18.160737
            ]
          ]
        ]
      }
    },
    {
      "type": "Feature",
      "properties": {
        "data_source": "SYNTHETIC - not an official record",
        "state": "Telangana",
        "district": "Nalgonda",
        "mandal": "Nalgonda",
        "village": "Chandupatla",
        "survey_number": "106/4A",
        "pattadar_account_no": "0004",
        "landholder_name": "Srinivas Reddy (synthetic)",
        "land_type": "Dry (Metta)",
        "soil_type": "Sandy Loam",
        "crop": "Turmeric",
        "area_acres_guntas": "2A 17G",
        "area_acres_decimal": 2.42
      },
      "geometry": {
        "type": "Polygon",
        "coordinates": [
          [
            [
              79.336146,
              16.931947
            ],
            [
              79.33706,
              16.931947
            ],
            [
              79.33706,
              16.932776
            ],
            [
              79.336146,
              16.932776
            ],
            [
              79.336146,
              16.931947
            ]
          ]
        ]
      }
    },
    {
      "type": "Feature",
      "properties": {
        "data_source": "SYNTHETIC - not an official record",
        "state": "Telangana",
        "district": "Rangareddy",
        "mandal": "Chevella",
        "village": "Moinabad",
        "survey_number": "107/9A",
        "pattadar_account_no": "0003",
        "landholder_name": "Krishnamurthy Naik (synthetic)",
        "land_type": "Garden (Thota)",
        "soil_type": "Black Regada",
        "crop": "Chilli",
        "area_acres_guntas": "1A 10G",
        "area_acres_decimal": 1.25
      },
      "geometry": {
        "type": "Polygon",
        "coordinates": [
          [
            [
              78.432918,
              17.330638
            ],
            [
              78.433687,
              17.330638
            ],
            [
              78.433687,
              17.331352
            ],
            [
              78.432918,
              17.331352
            ],
            [
              78.432918,
              17.330638
            ]
          ]
        ]
      }
    },
    {
      "type": "Feature",
      "properties": {
        "data_source": "SYNTHETIC - not an official record",
        "state": "Telangana",
        "district": "Warangal",
        "mandal": "Narsampet",
        "village": "Chennaraopet",
        "survey_number": "126/3A",
        "pattadar_account_no": "0004",
        "landholder_name": "Sammaiah Rao (synthetic)",
        "land_type": "Dry (Metta)",
        "soil_type": "Sandy Loam",
        "crop": "Fallow",
        "area_acres_guntas": "1A 10G",
        "area_acres_decimal": 1.25
      },
      "geometry": {
        "type": "Polygon",
        "coordinates": [
          [
            [
              79.727158,
              17.870094
            ],
            [
              79.727829,
              17.870094
            ],
            [
              79.727829,
              17.870804
            ],
            [
              79.727158,
              17.870804
            ],
            [
              79.727158,
              17.870094
            ]
          ]
        ]
      }
    },
    {
      "type": "Feature",
      "properties": {
        "data_source": "SYNTHETIC - not an official record",
        "state": "Telangana",
        "district": "Warangal",
        "mandal": "Narsampet",
        "village": "Chennaraopet",
        "survey_number": "115/4B",
        "pattadar_account_no": "0005",
        "landholder_name": "Sammaiah Naik (synthetic)",
        "land_type": "Dry (Metta)",
        "soil_type": "Red Loamy",
        "crop": "Chilli",
        "area_acres_guntas": "2A 24G",
        "area_acres_decimal": 2.6
      },
      "geometry": {
        "type": "Polygon",
        "coordinates": [
          [
            [
              79.519829,
              18.116956
            ],
            [
              79.520862,
              18.116956
            ],
            [
              79.520862,
              18.117907
            ],
            [
              79.519829,
              18.117907
            ],
            [
              79.519829,
              18.116956
            ]
          ]
        ]
      }
    },
    {
      "type": "Feature",
      "properties": {
        "data_source": "SYNTHETIC - not an official record",
        "state": "Telangana",
        "district": "Warangal",
        "mandal": "Narsampet",
        "village": "Chennaraopet",
        "survey_number": "78",
        "pattadar_account_no": "0006",
        "landholder_name": "Narsimha (synthetic)",
        "land_type": "Wet (Nala/Baavi)",
        "soil_type": "Red Chalka",
        "crop": "Fallow",
        "area_acres_guntas": "0A 35G",
        "area_acres_decimal": 0.88
      },
      "geometry": {
        "type": "Polygon",
        "coordinates": [
          [
            [
              79.571757,
              18.050409
            ],
            [
              79.572263,
              18.050409
            ],
            [
              79.572263,
              18.050892
            ],
            [
              79.571757,
              18.050892
            ],
            [
              79.571757,
              18.050409
            ]
          ]
        ]
      }
    },
    {
      "type": "Feature",
      "properties": {
        "data_source": "SYNTHETIC - not an official record",
        "state": "Telangana",
        "district": "Mahabubnagar",
        "mandal": "Wanaparthy",
        "village": "Wanaparthy",
        "survey_number": "129/8B",
        "pattadar_account_no": "0005",
        "landholder_name": "Balaraju Yadav (synthetic)",
        "land_type": "Garden (Thota)",
        "soil_type": "Black Regada",
        "crop": "Soybean",
        "area_acres_guntas": "3A 16G",
        "area_acres_decimal": 3.4
      },
      "geometry": {
        "type": "Polygon",
        "coordinates": [
          [
            [
              77.841895,
              16.97568
            ],
            [
              77.843135,
              16.97568
            ],
            [
              77.843135,
              16.976872
            ],
            [
              77.841895,
              16.976872
            ],
            [
              77.841895,
              16.97568
            ]
          ]
        ]
      }
    },
    {
      "type": "Feature",
      "properties": {
        "data_source": "SYNTHETIC - not an official record",
        "state": "Telangana",
        "district": "Nalgonda",
        "mandal": "Devarakonda",
        "village": "Chandampet",
        "survey_number": "13/3",
        "pattadar_account_no": "0004",
        "landholder_name": "Balaraju Naidu (synthetic)",
        "land_type": "Wet (Nala/Baavi)",
        "soil_type": "Black Regada",
        "crop": "Paddy",
        "area_acres_guntas": "2A 27G",
        "area_acres_decimal": 2.67
      },
      "geometry": {
        "type": "Polygon",
        "coordinates": [
          [
            [
              79.05027,
              17.271219
            ],
            [
              79.051127,
              17.271219
            ],
            [
              79.051127,
              17.272039
            ],
            [
              79.05027,
              17.272039
            ],
            [
              79.05027,
              17.271219
            ]
          ]
        ]
      }
    },
    {
      "type": "Feature",
      "properties": {
        "data_source": "SYNTHETIC - not an official record",
        "state": "Telangana",
        "district": "Nizamabad",
        "mandal": "Nizamabad",
        "village": "Varni",
        "survey_number": "36",
        "pattadar_account_no": "0003",
        "landholder_name": "Balaraju Yadav (synthetic)",
        "land_type": "Wet (Nala/Baavi)",
        "soil_type": "Red Loamy",
        "crop": "Groundnut",
        "area_acres_guntas": "3A 5G",
        "area_acres_decimal": 3.12
      },
      "geometry": {
        "type": "Polygon",
        "coordinates": [
          [
            [
              78.120227,
              18.833747
            ],
            [
              78.121152,
              18.833747
            ],
            [
              78.121152,
              18.834689
            ],
            [
              78.120227,
              18.834689
            ],
            [
              78.120227,
              18.833747
            ]
          ]
        ]
      }
    },
    {
      "type": "Feature",
      "properties": {
        "data_source": "SYNTHETIC - not an official record",
        "state": "Telangana",
        "district": "Karimnagar",
        "mandal": "Karimnagar",
        "village": "Thimmapur",
        "survey_number": "72/5",
        "pattadar_account_no": "0003",
        "landholder_name": "Padma Naidu (synthetic)",
        "land_type": "Garden (Thota)",
        "soil_type": "Black Regada",
        "crop": "Mango Orchard",
        "area_acres_guntas": "1A 35G",
        "area_acres_decimal": 1.88
      },
      "geometry": {
        "type": "Polygon",
        "coordinates": [
          [
            [
              79.253725,
              18.376598
            ],
            [
              79.254642,
              18.376598
            ],
            [
              79.254642,
              18.377303
            ],
            [
              79.253725,
              18.377303
            ],
            [
              79.253725,
              18.376598
            ]
          ]
        ]
      }
    },
    {
      "type": "Feature",
      "properties": {
        "data_source": "SYNTHETIC - not an official record",
        "state": "Telangana",
        "district": "Rangareddy",
        "mandal": "Chevella",
        "village": "Shabad",
        "survey_number": "91/6A",
        "pattadar_account_no": "0006",
        "landholder_name": "Chandraiah Chary (synthetic)",
        "land_type": "Wet (Nala/Baavi)",
        "soil_type": "Sandy Loam",
        "crop": "Maize",
        "area_acres_guntas": "0A 32G",
        "area_acres_decimal": 0.8
      },
      "geometry": {
        "type": "Polygon",
        "coordinates": [
          [
            [
              78.120739,
              17.020268
            ],
            [
              78.121321,
              17.020268
            ],
            [
              78.121321,
              17.020843
            ],
            [
              78.120739,
              17.020843
            ],
            [
              78.120739,
              17.020268
            ]
          ]
        ]
      }
    },
    {
      "type": "Feature",
      "properties": {
        "data_source": "SYNTHETIC - not an official record",
        "state": "Telangana",
        "district": "Khammam",
        "mandal": "Kothagudem",
        "village": "Palvancha",
        "survey_number": "264/9A",
        "pattadar_account_no": "0006",
        "landholder_name": "Srinivas Chary (synthetic)",
        "land_type": "Dry (Metta)",
        "soil_type": "Red Loamy",
        "crop": "Red Gram (Kandi)",
        "area_acres_guntas": "1A 17G",
        "area_acres_decimal": 1.43
      },
      "geometry": {
        "type": "Polygon",
        "coordinates": [
          [
            [
              80.064842,
              17.417339
            ],
            [
              80.065542,
              17.417339
            ],
            [
              80.065542,
              17.418124
            ],
            [
              80.064842,
              17.418124
            ],
            [
              80.064842,
              17.417339
            ]
          ]
        ]
      }
    },
    {
      "type": "Feature",
      "properties": {
        "data_source": "SYNTHETIC - not an official record",
        "state": "Telangana",
        "district": "Rangareddy",
        "mandal": "Shamshabad",
        "village": "Shamshabad",
        "survey_number": "176/4B",
        "pattadar_account_no": "0005",
        "landholder_name": "Chandraiah Naidu (synthetic)",
        "land_type": "Dry (Metta)",
        "soil_type": "Sandy Loam",
        "crop": "Cotton",
        "area_acres_guntas": "1A 14G",
        "area_acres_decimal": 1.35
      },
      "geometry": {
        "type": "Polygon",
        "coordinates": [
          [
            [
              78.411233,
              16.964439
            ],
            [
              78.411832,
              16.964439
            ],
            [
              78.411832,
              16.965134
            ],
            [
              78.411233,
              16.965134
            ],
            [
              78.411233,
              16.964439
            ]
          ]
        ]
      }
    },
    {
      "type": "Feature",
      "properties": {
        "data_source": "SYNTHETIC - not an official record",
        "state": "Telangana",
        "district": "Nalgonda",
        "mandal": "Nalgonda",
        "village": "Nalgonda",
        "survey_number": "279/5A",
        "pattadar_account_no": "0002",
        "landholder_name": "Narsimha Naik (synthetic)",
        "land_type": "Wet (Nala/Baavi)",
        "soil_type": "Red Chalka",
        "crop": "Sugarcane",
        "area_acres_guntas": "2A 34G",
        "area_acres_decimal": 2.85
      },
      "geometry": {
        "type": "Polygon",
        "coordinates": [
          [
            [
              78.961567,
              16.845671
            ],
            [
              78.962632,
              16.845671
            ],
            [
              78.962632,
              16.84671
            ],
            [
              78.961567,
              16.84671
            ],
            [
              78.961567,
              16.845671
            ]
          ]
        ]
      }
    },
    {
      "type": "Feature",
      "properties": {
        "data_source": "SYNTHETIC - not an official record",
        "state": "Telangana",
        "district": "Mahabubnagar",
        "mandal": "Wanaparthy",
        "village": "Wanaparthy",
        "survey_number": "298/8",
        "pattadar_account_no": "0006",
        "landholder_name": "Lakshmamma (synthetic)",
        "land_type": "Dry (Metta)",
        "soil_type": "Black Regada",
        "crop": "Sugarcane",
        "area_acres_guntas": "3A 22G",
        "area_acres_decimal": 3.55
      },
      "geometry": {
        "type": "Polygon",
        "coordinates": [
          [
            [
              77.882035,
              16.802824
            ],
            [
              77.883305,
              16.802824
            ],
            [
              77.883305,
              16.803756
            ],
            [
              77.882035,
              16.803756
            ],
            [
              77.882035,
              16.802824
            ]
          ]
        ]
      }
    },
    {
      "type": "Feature",
      "properties": {
        "data_source": "SYNTHETIC - not an official record",
        "state": "Telangana",
        "district": "Mahabubnagar",
        "mandal": "Wanaparthy",
        "village": "Kothakota",
        "survey_number": "179",
        "pattadar_account_no": "0002",
        "landholder_name": "Ramulu Naidu (synthetic)",
        "land_type": "Wet (Nala/Baavi)",
        "soil_type": "Sandy Loam",
        "crop": "Soybean",
        "area_acres_guntas": "1A 12G",
        "area_acres_decimal": 1.3
      },
      "geometry": {
        "type": "Polygon",
        "coordinates": [
          [
            [
              78.170529,
              16.501744
            ],
            [
              78.171154,
              16.501744
            ],
            [
              78.171154,
              16.502324
            ],
            [
              78.170529,
              16.502324
            ],
            [
              78.170529,
              16.501744
            ]
          ]
        ]
      }
    },
    {
      "type": "Feature",
      "properties": {
        "data_source": "SYNTHETIC - not an official record",
        "state": "Telangana",
        "district": "Karimnagar",
        "mandal": "Karimnagar",
        "village": "Thimmapur",
        "survey_number": "194/7",
        "pattadar_account_no": "0004",
        "landholder_name": "Bhagyamma Reddy (synthetic)",
        "land_type": "Dry (Metta)",
        "soil_type": "Red Loamy",
        "crop": "Fallow",
        "area_acres_guntas": "0A 15G",
        "area_acres_decimal": 0.38
      },
      "geometry": {
        "type": "Polygon",
        "coordinates": [
          [
            [
              79.295024,
              18.223058
            ],
            [
              79.295418,
              18.223058
            ],
            [
              79.295418,
              18.223455
            ],
            [
              79.295024,
              18.223455
            ],
            [
              79.295024,
              18.223058
            ]
          ]
        ]
      }
    },
    {
      "type": "Feature",
      "properties": {
        "data_source": "SYNTHETIC - not an official record",
        "state": "Telangana",
        "district": "Nizamabad",
        "mandal": "Armoor",
        "village": "Armoor",
        "survey_number": "258/7A",
        "pattadar_account_no": "0005",
        "landholder_name": "Lakshmamma Chary (synthetic)",
        "land_type": "Dry (Metta)",
        "soil_type": "Red Loamy",
        "crop": "Mango Orchard",
        "area_acres_guntas": "3A 9G",
        "area_acres_decimal": 3.23
      },
      "geometry": {
        "type": "Polygon",
        "coordinates": [
          [
            [
              78.102071,
              18.655245
            ],
            [
              78.103262,
              18.655245
            ],
            [
              78.103262,
              18.656243
            ],
            [
              78.102071,
              18.656243
            ],
            [
              78.102071,
              18.655245
            ]
          ]
        ]
      }
    },
    {
      "type": "Feature",
      "properties": {
        "data_source": "SYNTHETIC - not an official record",
        "state": "Telangana",
        "district": "Nizamabad",
        "mandal": "Nizamabad",
        "village": "Bodhan",
        "survey_number": "7/6A",
        "pattadar_account_no": "0002",
        "landholder_name": "Anasuya Naidu (synthetic)",
        "land_type": "Wet (Nala/Baavi)",
        "soil_type": "Red Loamy",
        "crop": "Sugarcane",
        "area_acres_guntas": "2A 32G",
        "area_acres_decimal": 2.8
      },
      "geometry": {
        "type": "Polygon",
        "coordinates": [
          [
            [
              78.055489,
              18.890918
            ],
            [
              78.056511,
              18.890918
            ],
            [
              78.056511,
              18.892002
            ],
            [
              78.055489,
              18.892002
            ],
            [
              78.055489,
              18.890918
            ]
          ]
        ]
      }
    },
    {
      "type": "Feature",
      "properties": {
        "data_source": "SYNTHETIC - not an official record",
        "state": "Telangana",
        "district": "Khammam",
        "mandal": "Kothagudem",
        "village": "Palvancha",
        "survey_number": "184/3A",
        "pattadar_account_no": "0007",
        "landholder_name": "Padma Chary (synthetic)",
        "land_type": "Wet (Nala/Baavi)",
        "soil_type": "Black Regada",
        "crop": "Mango Orchard",
        "area_acres_guntas": "2A 25G",
        "area_acres_decimal": 2.62
      },
      "geometry": {
        "type": "Polygon",
        "coordinates": [
          [
            [
              80.345157,
              17.328325
            ],
            [
              80.346182,
              17.328325
            ],
            [
              80.346182,
              17.329165
            ],
            [
              80.345157,
              17.329165
            ],
            [
              80.345157,
              17.328325
            ]
          ]
        ]
      }
    },
    {
      "type": "Feature",
      "properties": {
        "data_source": "SYNTHETIC - not an official record",
        "state": "Telangana",
        "district": "Adilabad",
        "mandal": "Adilabad",
        "village": "Adilabad Rural",
        "survey_number": "302/9",
        "pattadar_account_no": "0004",
        "landholder_name": "Anjaiah Chary (synthetic)",
        "land_type": "Garden (Thota)",
        "soil_type": "Red Loamy",
        "crop": "Groundnut",
        "area_acres_guntas": "0A 16G",
        "area_acres_decimal": 0.4
      },
      "geometry": {
        "type": "Polygon",
        "coordinates": [
          [
            [
              78.616973,
              19.757376
            ],
            [
              78.617334,
              19.757376
            ],
            [
              78.617334,
              19.757755
            ],
            [
              78.616973,
              19.757755
            ],
            [
              78.616973,
              19.757376
            ]
          ]
        ]
      }
    },
    {
      "type": "Feature",
      "properties": {
        "data_source": "SYNTHETIC - not an official record",
        "state": "Telangana",
        "district": "Khammam",
        "mandal": "Khammam",
        "village": "Khammam Rural",
        "survey_number": "343/2A",
        "pattadar_account_no": "0005",
        "landholder_name": "Venkateshwarlu Reddy (synthetic)",
        "land_type": "Garden (Thota)",
        "soil_type": "Sandy Loam",
        "crop": "Cotton",
        "area_acres_guntas": "3A 9G",
        "area_acres_decimal": 3.23
      },
      "geometry": {
        "type": "Polygon",
        "coordinates": [
          [
            [
              80.396251,
              17.062096
            ],
            [
              80.397254,
              17.062096
            ],
            [
              80.397254,
              17.063198
            ],
            [
              80.396251,
              17.063198
            ],
            [
              80.396251,
              17.062096
            ]
          ]
        ]
      }
    },
    {
      "type": "Feature",
      "properties": {
        "data_source": "SYNTHETIC - not an official record",
        "state": "Telangana",
        "district": "Suryapet",
        "mandal": "Suryapet",
        "village": "Thirumalagiri",
        "survey_number": "157",
        "pattadar_account_no": "0005",
        "landholder_name": "Balaraju (synthetic)",
        "land_type": "Garden (Thota)",
        "soil_type": "Sandy Loam",
        "crop": "Groundnut",
        "area_acres_guntas": "3A 3G",
        "area_acres_decimal": 3.08
      },
      "geometry": {
        "type": "Polygon",
        "coordinates": [
          [
            [
              79.775936,
              17.005103
            ],
            [
              79.776999,
              17.005103
            ],
            [
              79.776999,
              17.006082
            ],
            [
              79.775936,
              17.006082
            ],
            [
              79.775936,
              17.005103
            ]
          ]
        ]
      }
    },
    {
      "type": "Feature",
      "properties": {
        "data_source": "SYNTHETIC - not an official record",
        "state": "Telangana",
        "district": "Khammam",
        "mandal": "Kothagudem",
        "village": "Kothagudem",
        "survey_number": "117/6B",
        "pattadar_account_no": "0004",
        "landholder_name": "Venkateshwarlu Yadav (synthetic)",
        "land_type": "Wet (Nala/Baavi)",
        "soil_type": "Red Chalka",
        "crop": "Turmeric",
        "area_acres_guntas": "1A 11G",
        "area_acres_decimal": 1.27
      },
      "geometry": {
        "type": "Polygon",
        "coordinates": [
          [
            [
              79.941905,
              17.01754
            ],
            [
              79.942576,
              17.01754
            ],
            [
              79.942576,
              17.018133
            ],
            [
              79.941905,
              17.018133
            ],
            [
              79.941905,
              17.01754
            ]
          ]
        ]
      }
    },
    {
      "type": "Feature",
      "properties": {
        "data_source": "SYNTHETIC - not an official record",
        "state": "Telangana",
        "district": "Warangal",
        "mandal": "Warangal",
        "village": "Hasanparthy",
        "survey_number": "113",
        "pattadar_account_no": "0003",
        "landholder_name": "Padma Rao (synthetic)",
        "land_type": "Garden (Thota)",
        "soil_type": "Red Loamy",
        "crop": "Maize",
        "area_acres_guntas": "2A 31G",
        "area_acres_decimal": 2.77
      },
      "geometry": {
        "type": "Polygon",
        "coordinates": [
          [
            [
              79.723704,
              18.219913
            ],
            [
              79.724697,
              18.219913
            ],
            [
              79.724697,
              18.220749
            ],
            [
              79.723704,
              18.220749
            ],
            [
              79.723704,
              18.219913
            ]
          ]
        ]
      }
    },
    {
      "type": "Feature",
      "properties": {
        "data_source": "SYNTHETIC - not an official record",
        "state": "Telangana",
        "district": "Nizamabad",
        "mandal": "Nizamabad",
        "village": "Varni",
        "survey_number": "43/2A",
        "pattadar_account_no": "0004",
        "landholder_name": "Anjaiah (synthetic)",
        "land_type": "Wet (Nala/Baavi)",
        "soil_type": "Sandy Loam",
        "crop": "Chilli",
        "area_acres_guntas": "1A 0G",
        "area_acres_decimal": 1.0
      },
      "geometry": {
        "type": "Polygon",
        "coordinates": [
          [
            [
              78.011836,
              18.703089
            ],
            [
              78.012413,
              18.703089
            ],
            [
              78.012413,
              18.703701
            ],
            [
              78.011836,
              18.703701
            ],
            [
              78.011836,
              18.703089
            ]
          ]
        ]
      }
    },
    {
      "type": "Feature",
      "properties": {
        "data_source": "SYNTHETIC - not an official record",
        "state": "Telangana",
        "district": "Nizamabad",
        "mandal": "Armoor",
        "village": "Balkonda",
        "survey_number": "132",
        "pattadar_account_no": "0002",
        "landholder_name": "Srinivas (synthetic)",
        "land_type": "Garden (Thota)",
        "soil_type": "Red Chalka",
        "crop": "Red Gram (Kandi)",
        "area_acres_guntas": "0A 2G",
        "area_acres_decimal": 0.05
      },
      "geometry": {
        "type": "Polygon",
        "coordinates": [
          [
            [
              78.181153,
              18.830889
            ],
            [
              78.181345,
              18.830889
            ],
            [
              78.181345,
              18.831057
            ],
            [
              78.181153,
              18.831057
            ],
            [
              78.181153,
              18.830889
            ]
          ]
        ]
      }
    },
    {
      "type": "Feature",
      "properties": {
        "data_source": "SYNTHETIC - not an official record",
        "state": "Telangana",
        "district": "Nizamabad",
        "mandal": "Armoor",
        "village": "Nandipet",
        "survey_number": "203/6",
        "pattadar_account_no": "0004",
        "landholder_name": "Ramulu Chary (synthetic)",
        "land_type": "Garden (Thota)",
        "soil_type": "Red Chalka",
        "crop": "Fallow",
        "area_acres_guntas": "3A 22G",
        "area_acres_decimal": 3.55
      },
      "geometry": {
        "type": "Polygon",
        "coordinates": [
          [
            [
              78.232424,
              18.523358
            ],
            [
              78.23344,
              18.523358
            ],
            [
              78.23344,
              18.52431
            ],
            [
              78.232424,
              18.52431
            ],
            [
              78.232424,
              18.523358
            ]
          ]
        ]
      }
    },
    {
      "type": "Feature",
      "properties": {
        "data_source": "SYNTHETIC - not an official record",
        "state": "Telangana",
        "district": "Adilabad",
        "mandal": "Adilabad",
        "village": "Jainad",
        "survey_number": "118/6",
        "pattadar_account_no": "0004",
        "landholder_name": "Anjaiah Naik (synthetic)",
        "land_type": "Garden (Thota)",
        "soil_type": "Red Chalka",
        "crop": "Cotton",
        "area_acres_guntas": "0A 4G",
        "area_acres_decimal": 0.1
      },
      "geometry": {
        "type": "Polygon",
        "coordinates": [
          [
            [
              78.596466,
              19.511672
            ],
            [
              78.596639,
              19.511672
            ],
            [
              78.596639,
              19.511872
            ],
            [
              78.596466,
              19.511872
            ],
            [
              78.596466,
              19.511672
            ]
          ]
        ]
      }
    },
    {
      "type": "Feature",
      "properties": {
        "data_source": "SYNTHETIC - not an official record",
        "state": "Telangana",
        "district": "Nalgonda",
        "mandal": "Devarakonda",
        "village": "Chandampet",
        "survey_number": "41",
        "pattadar_account_no": "0005",
        "landholder_name": "Mallesham Chary (synthetic)",
        "land_type": "Wet (Nala/Baavi)",
        "soil_type": "Red Loamy",
        "crop": "Groundnut",
        "area_acres_guntas": "1A 22G",
        "area_acres_decimal": 1.55
      },
      "geometry": {
        "type": "Polygon",
        "coordinates": [
          [
            [
              79.157799,
              16.938049
            ],
            [
              79.158591,
              16.938049
            ],
            [
              79.158591,
              16.938696
            ],
            [
              79.157799,
              16.938696
            ],
            [
              79.157799,
              16.938049
            ]
          ]
        ]
      }
    },
    {
      "type": "Feature",
      "properties": {
        "data_source": "SYNTHETIC - not an official record",
        "state": "Telangana",
        "district": "Suryapet",
        "mandal": "Kodad",
        "village": "Nadigudem",
        "survey_number": "224/5B",
        "pattadar_account_no": "0005",
        "landholder_name": "Balaraju Chary (synthetic)",
        "land_type": "Wet (Nala/Baavi)",
        "soil_type": "Red Loamy",
        "crop": "Turmeric",
        "area_acres_guntas": "1A 8G",
        "area_acres_decimal": 1.2
      },
      "geometry": {
        "type": "Polygon",
        "coordinates": [
          [
            [
              79.451271,
              17.010682
            ],
            [
              79.452021,
              17.010682
            ],
            [
              79.452021,
              17.011296
            ],
            [
              79.451271,
              17.011296
            ],
            [
              79.451271,
              17.010682
            ]
          ]
        ]
      }
    },
    {
      "type": "Feature",
      "properties": {
        "data_source": "SYNTHETIC - not an official record",
        "state": "Telangana",
        "district": "Nalgonda",
        "mandal": "Devarakonda",
        "village": "Chandampet",
        "survey_number": "60/3",
        "pattadar_account_no": "0006",
        "landholder_name": "Venkateshwarlu Rao (synthetic)",
        "land_type": "Dry (Metta)",
        "soil_type": "Red Loamy",
        "crop": "Fallow",
        "area_acres_guntas": "0A 24G",
        "area_acres_decimal": 0.6
      },
      "geometry": {
        "type": "Polygon",
        "coordinates": [
          [
            [
              79.238936,
              16.871999
            ],
            [
              79.23935,
              16.871999
            ],
            [
              79.23935,
              16.872457
            ],
            [
              79.238936,
              16.872457
            ],
            [
              79.238936,
              16.871999
            ]
          ]
        ]
      }
    },
    {
      "type": "Feature",
      "properties": {
        "data_source": "SYNTHETIC - not an official record",
        "state": "Telangana",
        "district": "Warangal",
        "mandal": "Narsampet",
        "village": "Chennaraopet",
        "survey_number": "300/8A",
        "pattadar_account_no": "0007",
        "landholder_name": "Chandraiah Naidu (synthetic)",
        "land_type": "Dry (Metta)",
        "soil_type": "Red Loamy",
        "crop": "Fallow",
        "area_acres_guntas": "3A 8G",
        "area_acres_decimal": 3.2
      },
      "geometry": {
        "type": "Polygon",
        "coordinates": [
          [
            [
              79.483579,
              17.891149
            ],
            [
              79.484515,
              17.891149
            ],
            [
              79.484515,
              17.892267
            ],
            [
              79.483579,
              17.892267
            ],
            [
              79.483579,
              17.891149
            ]
          ]
        ]
      }
    },
    {
      "type": "Feature",
      "properties": {
        "data_source": "SYNTHETIC - not an official record",
        "state": "Telangana",
        "district": "Khammam",
        "mandal": "Kothagudem",
        "village": "Kothagudem",
        "survey_number": "331/2",
        "pattadar_account_no": "0005",
        "landholder_name": "Krishnamurthy Reddy (synthetic)",
        "land_type": "Wet (Nala/Baavi)",
        "soil_type": "Red Chalka",
        "crop": "Sugarcane",
        "area_acres_guntas": "0A 21G",
        "area_acres_decimal": 0.53
      },
      "geometry": {
        "type": "Polygon",
        "coordinates": [
          [
            [
              80.306077,
              17.091707
            ],
            [
              80.306574,
              17.091707
            ],
            [
              80.306574,
              17.092173
            ],
            [
              80.306077,
              17.092173
            ],
            [
              80.306077,
              17.091707
            ]
          ]
        ]
      }
    },
    {
      "type": "Feature",
      "properties": {
        "data_source": "SYNTHETIC - not an official record",
        "state": "Telangana",
        "district": "Nizamabad",
        "mandal": "Armoor",
        "village": "Balkonda",
        "survey_number": "273/9",
        "pattadar_account_no": "0003",
        "landholder_name": "Yellaiah (synthetic)",
        "land_type": "Garden (Thota)",
        "soil_type": "Sandy Loam",
        "crop": "Fallow",
        "area_acres_guntas": "2A 6G",
        "area_acres_decimal": 2.15
      },
      "geometry": {
        "type": "Polygon",
        "coordinates": [
          [
            [
              78.12249,
              18.742562
            ],
            [
              78.123383,
              18.742562
            ],
            [
              78.123383,
              18.743427
            ],
            [
              78.12249,
              18.743427
            ],
            [
              78.12249,
              18.742562
            ]
          ]
        ]
      }
    },
    {
      "type": "Feature",
      "properties": {
        "data_source": "SYNTHETIC - not an official record",
        "state": "Telangana",
        "district": "Nalgonda",
        "mandal": "Devarakonda",
        "village": "Nampalle",
        "survey_number": "239/8",
        "pattadar_account_no": "0002",
        "landholder_name": "Anasuya Naik (synthetic)",
        "land_type": "Garden (Thota)",
        "soil_type": "Red Loamy",
        "crop": "Turmeric",
        "area_acres_guntas": "1A 35G",
        "area_acres_decimal": 1.88
      },
      "geometry": {
        "type": "Polygon",
        "coordinates": [
          [
            [
              79.145309,
              17.230543
            ],
            [
              79.146105,
              17.230543
            ],
            [
              79.146105,
              17.231321
            ],
            [
              79.145309,
              17.231321
            ],
            [
              79.145309,
              17.230543
            ]
          ]
        ]
      }
    },
    {
      "type": "Feature",
      "properties": {
        "data_source": "SYNTHETIC - not an official record",
        "state": "Telangana",
        "district": "Warangal",
        "mandal": "Narsampet",
        "village": "Chennaraopet",
        "survey_number": "327/5A",
        "pattadar_account_no": "0008",
        "landholder_name": "Srinivas Reddy (synthetic)",
        "land_type": "Garden (Thota)",
        "soil_type": "Sandy Loam",
        "crop": "Red Gram (Kandi)",
        "area_acres_guntas": "1A 13G",
        "area_acres_decimal": 1.32
      },
      "geometry": {
        "type": "Polygon",
        "coordinates": [
          [
            [
              79.375103,
              17.820327
            ],
            [
              79.375891,
              17.820327
            ],
            [
              79.375891,
              17.820925
            ],
            [
              79.375103,
              17.820925
            ],
            [
              79.375103,
              17.820327
            ]
          ]
        ]
      }
    },
    {
      "type": "Feature",
      "properties": {
        "data_source": "SYNTHETIC - not an official record",
        "state": "Telangana",
        "district": "Warangal",
        "mandal": "Warangal",
        "village": "Kazipet",
        "survey_number": "214",
        "pattadar_account_no": "0002",
        "landholder_name": "Bhagyamma (synthetic)",
        "land_type": "Garden (Thota)",
        "soil_type": "Sandy Loam",
        "crop": "Chilli",
        "area_acres_guntas": "0A 31G",
        "area_acres_decimal": 0.78
      },
      "geometry": {
        "type": "Polygon",
        "coordinates": [
          [
            [
              79.432124,
              18.064951
            ],
            [
              79.432678,
              18.064951
            ],
            [
              79.432678,
              18.065404
            ],
            [
              79.432124,
              18.065404
            ],
            [
              79.432124,
              18.064951
            ]
          ]
        ]
      }
    },
    {
      "type": "Feature",
      "properties": {
        "data_source": "SYNTHETIC - not an official record",
        "state": "Telangana",
        "district": "Suryapet",
        "mandal": "Kodad",
        "village": "Kodad",
        "survey_number": "161",
        "pattadar_account_no": "0005",
        "landholder_name": "Sammaiah Reddy (synthetic)",
        "land_type": "Wet (Nala/Baavi)",
        "soil_type": "Sandy Loam",
        "crop": "Cotton",
        "area_acres_guntas": "0A 9G",
        "area_acres_decimal": 0.23
      },
      "geometry": {
        "type": "Polygon",
        "coordinates": [
          [
            [
              79.468179,
              16.983436
            ],
            [
              79.46844,
              16.983436
            ],
            [
              79.46844,
              16.983723
            ],
            [
              79.468179,
              16.983723
            ],
            [
              79.468179,
              16.983436
            ]
          ]
        ]
      }
    },
    {
      "type": "Feature",
      "properties": {
        "data_source": "SYNTHETIC - not an official record",
        "state": "Telangana",
        "district": "Mahabubnagar",
        "mandal": "Mahabubnagar",
        "village": "Mahabubnagar Rural",
        "survey_number": "229/8",
        "pattadar_account_no": "0007",
        "landholder_name": "Chandraiah Reddy (synthetic)",
        "land_type": "Garden (Thota)",
        "soil_type": "Sandy Loam",
        "crop": "Chilli",
        "area_acres_guntas": "3A 27G",
        "area_acres_decimal": 3.67
      },
      "geometry": {
        "type": "Polygon",
        "coordinates": [
          [
            [
              78.065139,
              16.854765
            ],
            [
              78.066116,
              16.854765
            ],
            [
              78.066116,
              16.855778
            ],
            [
              78.065139,
              16.855778
            ],
            [
              78.065139,
              16.854765
            ]
          ]
        ]
      }
    },
    {
      "type": "Feature",
      "properties": {
        "data_source": "SYNTHETIC - not an official record",
        "state": "Telangana",
        "district": "Rangareddy",
        "mandal": "Chevella",
        "village": "Chevella",
        "survey_number": "8/8",
        "pattadar_account_no": "0003",
        "landholder_name": "Balaraju Reddy (synthetic)",
        "land_type": "Wet (Nala/Baavi)",
        "soil_type": "Black Regada",
        "crop": "Red Gram (Kandi)",
        "area_acres_guntas": "0A 33G",
        "area_acres_decimal": 0.82
      },
      "geometry": {
        "type": "Polygon",
        "coordinates": [
          [
            [
              78.036108,
              17.235378
            ],
            [
              78.036603,
              17.235378
            ],
            [
              78.036603,
              17.235861
            ],
            [
              78.036108,
              17.235861
            ],
            [
              78.036108,
              17.235378
            ]
          ]
        ]
      }
    },
    {
      "type": "Feature",
      "properties": {
        "data_source": "SYNTHETIC - not an official record",
        "state": "Telangana",
        "district": "Adilabad",
        "mandal": "Adilabad",
        "village": "Bela",
        "survey_number": "58/9B",
        "pattadar_account_no": "0003",
        "landholder_name": "Anjaiah Rao (synthetic)",
        "land_type": "Dry (Metta)",
        "soil_type": "Red Loamy",
        "crop": "Red Gram (Kandi)",
        "area_acres_guntas": "2A 19G",
        "area_acres_decimal": 2.48
      },
      "geometry": {
        "type": "Polygon",
        "coordinates": [
          [
            [
              78.466115,
              19.549986
            ],
            [
              78.467164,
              19.549986
            ],
            [
              78.467164,
              19.550789
            ],
            [
              78.466115,
              19.550789
            ],
            [
              78.466115,
              19.549986
            ]
          ]
        ]
      }
    },
    {
      "type": "Feature",
      "properties": {
        "data_source": "SYNTHETIC - not an official record",
        "state": "Telangana",
        "district": "Nizamabad",
        "mandal": "Nizamabad",
        "village": "Nizamabad Rural",
        "survey_number": "59/3",
        "pattadar_account_no": "0003",
        "landholder_name": "Padma Naidu (synthetic)",
        "land_type": "Garden (Thota)",
        "soil_type": "Black Regada",
        "crop": "Groundnut",
        "area_acres_guntas": "3A 3G",
        "area_acres_decimal": 3.08
      },
      "geometry": {
        "type": "Polygon",
        "coordinates": [
          [
            [
              78.142765,
              18.501652
            ],
            [
              78.143738,
              18.501652
            ],
            [
              78.143738,
              18.502588
            ],
            [
              78.142765,
              18.502588
            ],
            [
              78.142765,
              18.501652
            ]
          ]
        ]
      }
    },
    {
      "type": "Feature",
      "properties": {
        "data_source": "SYNTHETIC - not an official record",
        "state": "Telangana",
        "district": "Adilabad",
        "mandal": "Adilabad",
        "village": "Adilabad Rural",
        "survey_number": "131/8A",
        "pattadar_account_no": "0005",
        "landholder_name": "Ramulu Naidu (synthetic)",
        "land_type": "Garden (Thota)",
        "soil_type": "Red Chalka",
        "crop": "Paddy",
        "area_acres_guntas": "2A 30G",
        "area_acres_decimal": 2.75
      },
      "geometry": {
        "type": "Polygon",
        "coordinates": [
          [
            [
              78.44565,
              19.710065
            ],
            [
              78.44663,
              19.710065
            ],
            [
              78.44663,
              19.711019
            ],
            [
              78.44565,
              19.711019
            ],
            [
              78.44565,
              19.710065
            ]
          ]
        ]
      }
    },
    {
      "type": "Feature",
      "properties": {
        "data_source": "SYNTHETIC - not an official record",
        "state": "Telangana",
        "district": "Adilabad",
        "mandal": "Adilabad",
        "village": "Jainad",
        "survey_number": "322/9B",
        "pattadar_account_no": "0005",
        "landholder_name": "Yellaiah Goud (synthetic)",
        "land_type": "Dry (Metta)",
        "soil_type": "Black Regada",
        "crop": "Fallow",
        "area_acres_guntas": "3A 27G",
        "area_acres_decimal": 3.67
      },
      "geometry": {
        "type": "Polygon",
        "coordinates": [
          [
            [
              78.472297,
              19.824905
            ],
            [
              78.473297,
              19.824905
            ],
            [
              78.473297,
              19.82608
            ],
            [
              78.472297,
              19.82608
            ],
            [
              78.472297,
              19.824905
            ]
          ]
        ]
      }
    },
    {
      "type": "Feature",
      "properties": {
        "data_source": "SYNTHETIC - not an official record",
        "state": "Telangana",
        "district": "Karimnagar",
        "mandal": "Huzurabad",
        "village": "Veenavanka",
        "survey_number": "47/6",
        "pattadar_account_no": "0003",
        "landholder_name": "Anjaiah Reddy (synthetic)",
        "land_type": "Garden (Thota)",
        "soil_type": "Red Loamy",
        "crop": "Sugarcane",
        "area_acres_guntas": "2A 25G",
        "area_acres_decimal": 2.62
      },
      "geometry": {
        "type": "Polygon",
        "coordinates": [
          [
            [
              79.243197,
              18.6571
            ],
            [
              79.244315,
              18.6571
            ],
            [
              79.244315,
              18.657956
            ],
            [
              79.243197,
              18.657956
            ],
            [
              79.243197,
              18.6571
            ]
          ]
        ]
      }
    },
    {
      "type": "Feature",
      "properties": {
        "data_source": "SYNTHETIC - not an official record",
        "state": "Telangana",
        "district": "Medchal-Malkajgiri",
        "mandal": "Shamirpet",
        "village": "Gundlapochampally",
        "survey_number": "211",
        "pattadar_account_no": "0006",
        "landholder_name": "Krishnamurthy Rao (synthetic)",
        "land_type": "Wet (Nala/Baavi)",
        "soil_type": "Sandy Loam",
        "crop": "Fallow",
        "area_acres_guntas": "2A 20G",
        "area_acres_decimal": 2.5
      },
      "geometry": {
        "type": "Polygon",
        "coordinates": [
          [
            [
              78.557614,
              17.548294
            ],
            [
              78.558654,
              17.548294
            ],
            [
              78.558654,
              17.54931
            ],
            [
              78.557614,
              17.54931
            ],
            [
              78.557614,
              17.548294
            ]
          ]
        ]
      }
    },
    {
      "type": "Feature",
      "properties": {
        "data_source": "SYNTHETIC - not an official record",
        "state": "Telangana",
        "district": "Warangal",
        "mandal": "Narsampet",
        "village": "Chennaraopet",
        "survey_number": "98",
        "pattadar_account_no": "0009",
        "landholder_name": "Ramulu Reddy (synthetic)",
        "land_type": "Wet (Nala/Baavi)",
        "soil_type": "Red Chalka",
        "crop": "Mango Orchard",
        "area_acres_guntas": "2A 19G",
        "area_acres_decimal": 2.48
      },
      "geometry": {
        "type": "Polygon",
        "coordinates": [
          [
            [
              79.808031,
              18.150941
            ],
            [
              79.809043,
              18.150941
            ],
            [
              79.809043,
              18.151959
            ],
            [
              79.808031,
              18.151959
            ],
            [
              79.808031,
              18.150941
            ]
          ]
        ]
      }
    },
    {
      "type": "Feature",
      "properties": {
        "data_source": "SYNTHETIC - not an official record",
        "state": "Telangana",
        "district": "Khammam",
        "mandal": "Khammam",
        "village": "Kusumanchi",
        "survey_number": "136/1",
        "pattadar_account_no": "0003",
        "landholder_name": "Krishnamurthy Reddy (synthetic)",
        "land_type": "Wet (Nala/Baavi)",
        "soil_type": "Black Regada",
        "crop": "Mango Orchard",
        "area_acres_guntas": "3A 19G",
        "area_acres_decimal": 3.48
      },
      "geometry": {
        "type": "Polygon",
        "coordinates": [
          [
            [
              80.130209,
              17.249606
            ],
            [
              80.131294,
              17.249606
            ],
            [
              80.131294,
              17.250524
            ],
            [
              80.130209,
              17.250524
            ],
            [
              80.130209,
              17.249606
            ]
          ]
        ]
      }
    },
    {
      "type": "Feature",
      "properties": {
        "data_source": "SYNTHETIC - not an official record",
        "state": "Telangana",
        "district": "Nizamabad",
        "mandal": "Nizamabad",
        "village": "Nizamabad Rural",
        "survey_number": "10",
        "pattadar_account_no": "0004",
        "landholder_name": "Anjaiah Goud (synthetic)",
        "land_type": "Garden (Thota)",
        "soil_type": "Red Loamy",
        "crop": "Cotton",
        "area_acres_guntas": "3A 34G",
        "area_acres_decimal": 3.85
      },
      "geometry": {
        "type": "Polygon",
        "coordinates": [
          [
            [
              78.315208,
              18.739911
            ],
            [
              78.316566,
              18.739911
            ],
            [
              78.316566,
              18.741082
            ],
            [
              78.315208,
              18.741082
            ],
            [
              78.315208,
              18.739911
            ]
          ]
        ]
      }
    },
    {
      "type": "Feature",
      "properties": {
        "data_source": "SYNTHETIC - not an official record",
        "state": "Telangana",
        "district": "Medchal-Malkajgiri",
        "mandal": "Shamirpet",
        "village": "Shamirpet",
        "survey_number": "52/9B",
        "pattadar_account_no": "0005",
        "landholder_name": "Venkateshwarlu Chary (synthetic)",
        "land_type": "Wet (Nala/Baavi)",
        "soil_type": "Red Loamy",
        "crop": "Red Gram (Kandi)",
        "area_acres_guntas": "2A 7G",
        "area_acres_decimal": 2.17
      },
      "geometry": {
        "type": "Polygon",
        "coordinates": [
          [
            [
              78.564452,
              17.663116
            ],
            [
              78.565363,
              17.663116
            ],
            [
              78.565363,
              17.664075
            ],
            [
              78.564452,
              17.664075
            ],
            [
              78.564452,
              17.663116
            ]
          ]
        ]
      }
    },
    {
      "type": "Feature",
      "properties": {
        "data_source": "SYNTHETIC - not an official record",
        "state": "Telangana",
        "district": "Warangal",
        "mandal": "Narsampet",
        "village": "Narsampet",
        "survey_number": "305/7",
        "pattadar_account_no": "0004",
        "landholder_name": "Narsimha Naik (synthetic)",
        "land_type": "Garden (Thota)",
        "soil_type": "Red Chalka",
        "crop": "Cotton",
        "area_acres_guntas": "1A 9G",
        "area_acres_decimal": 1.23
      },
      "geometry": {
        "type": "Polygon",
        "coordinates": [
          [
            [
              79.804161,
              18.114228
            ],
            [
              79.804807,
              18.114228
            ],
            [
              79.804807,
              18.114781
            ],
            [
              79.804161,
              18.114781
            ],
            [
              79.804161,
              18.114228
            ]
          ]
        ]
      }
    },
    {
      "type": "Feature",
      "properties": {
        "data_source": "SYNTHETIC - not an official record",
        "state": "Telangana",
        "district": "Medchal-Malkajgiri",
        "mandal": "Shamirpet",
        "village": "Thirumalagiri",
        "survey_number": "66/6",
        "pattadar_account_no": "0006",
        "landholder_name": "Anjaiah Chary (synthetic)",
        "land_type": "Garden (Thota)",
        "soil_type": "Red Chalka",
        "crop": "Mango Orchard",
        "area_acres_guntas": "2A 5G",
        "area_acres_decimal": 2.12
      },
      "geometry": {
        "type": "Polygon",
        "coordinates": [
          [
            [
              78.555302,
              17.731777
            ],
            [
              78.556222,
              17.731777
            ],
            [
              78.556222,
              17.732714
            ],
            [
              78.555302,
              17.732714
            ],
            [
              78.555302,
              17.731777
            ]
          ]
        ]
      }
    },
    {
      "type": "Feature",
      "properties": {
        "data_source": "SYNTHETIC - not an official record",
        "state": "Telangana",
        "district": "Khammam",
        "mandal": "Khammam",
        "village": "Khammam Rural",
        "survey_number": "177/1A",
        "pattadar_account_no": "0006",
        "landholder_name": "Balaraju (synthetic)",
        "land_type": "Wet (Nala/Baavi)",
        "soil_type": "Red Loamy",
        "crop": "Fallow",
        "area_acres_guntas": "2A 11G",
        "area_acres_decimal": 2.27
      },
      "geometry": {
        "type": "Polygon",
        "coordinates": [
          [
            [
              79.924015,
              17.050079
            ],
            [
              79.924827,
              17.050079
            ],
            [
              79.924827,
              17.051061
            ],
            [
              79.924015,
              17.051061
            ],
            [
              79.924015,
              17.050079
            ]
          ]
        ]
      }
    },
    {
      "type": "Feature",
      "properties": {
        "data_source": "SYNTHETIC - not an official record",
        "state": "Telangana",
        "district": "Karimnagar",
        "mandal": "Karimnagar",
        "village": "Choppadandi",
        "survey_number": "265",
        "pattadar_account_no": "0005",
        "landholder_name": "Anasuya Rao (synthetic)",
        "land_type": "Wet (Nala/Baavi)",
        "soil_type": "Red Chalka",
        "crop": "Maize",
        "area_acres_guntas": "3A 27G",
        "area_acres_decimal": 3.67
      },
      "geometry": {
        "type": "Polygon",
        "coordinates": [
          [
            [
              79.058164,
              18.688336
            ],
            [
              79.05934,
              18.688336
            ],
            [
              79.05934,
              18.689387
            ],
            [
              79.058164,
              18.689387
            ],
            [
              79.058164,
              18.688336
            ]
          ]
        ]
      }
    },
    {
      "type": "Feature",
      "properties": {
        "data_source": "SYNTHETIC - not an official record",
        "state": "Telangana",
        "district": "Nizamabad",
        "mandal": "Nizamabad",
        "village": "Bodhan",
        "survey_number": "147/8",
        "pattadar_account_no": "0003",
        "landholder_name": "Chandraiah (synthetic)",
        "land_type": "Garden (Thota)",
        "soil_type": "Red Chalka",
        "crop": "Mango Orchard",
        "area_acres_guntas": "2A 10G",
        "area_acres_decimal": 2.25
      },
      "geometry": {
        "type": "Polygon",
        "coordinates": [
          [
            [
              78.010577,
              18.844532
            ],
            [
              78.011436,
              18.844532
            ],
            [
              78.011436,
              18.845385
            ],
            [
              78.010577,
              18.845385
            ],
            [
              78.010577,
              18.844532
            ]
          ]
        ]
      }
    },
    {
      "type": "Feature",
      "properties": {
        "data_source": "SYNTHETIC - not an official record",
        "state": "Telangana",
        "district": "Nizamabad",
        "mandal": "Nizamabad",
        "village": "Nizamabad Rural",
        "survey_number": "94",
        "pattadar_account_no": "0005",
        "landholder_name": "Yellaiah Naik (synthetic)",
        "land_type": "Garden (Thota)",
        "soil_type": "Red Loamy",
        "crop": "Sugarcane",
        "area_acres_guntas": "0A 36G",
        "area_acres_decimal": 0.9
      },
      "geometry": {
        "type": "Polygon",
        "coordinates": [
          [
            [
              78.129116,
              18.602416
            ],
            [
              78.129616,
              18.602416
            ],
            [
              78.129616,
              18.60298
            ],
            [
              78.129116,
              18.60298
            ],
            [
              78.129116,
              18.602416
            ]
          ]
        ]
      }
    },
    {
      "type": "Feature",
      "properties": {
        "data_source": "SYNTHETIC - not an official record",
        "state": "Telangana",
        "district": "Khammam",
        "mandal": "Khammam",
        "village": "Nelakondapalli",
        "survey_number": "20",
        "pattadar_account_no": "0007",
        "landholder_name": "Sammaiah Yadav (synthetic)",
        "land_type": "Wet (Nala/Baavi)",
        "soil_type": "Black Regada",
        "crop": "Chilli",
        "area_acres_guntas": "2A 11G",
        "area_acres_decimal": 2.27
      },
      "geometry": {
        "type": "Polygon",
        "coordinates": [
          [
            [
              80.302338,
              17.273943
            ],
            [
              80.303308,
              17.273943
            ],
            [
              80.303308,
              17.274762
            ],
            [
              80.302338,
              17.274762
            ],
            [
              80.302338,
              17.273943
            ]
          ]
        ]
      }
    },
    {
      "type": "Feature",
      "properties": {
        "data_source": "SYNTHETIC - not an official record",
        "state": "Telangana",
        "district": "Adilabad",
        "mandal": "Nirmal",
        "village": "Bhainsa",
        "survey_number": "287",
        "pattadar_account_no": "0006",
        "landholder_name": "Anasuya Reddy (synthetic)",
        "land_type": "Garden (Thota)",
        "soil_type": "Sandy Loam",
        "crop": "Cotton",
        "area_acres_guntas": "1A 14G",
        "area_acres_decimal": 1.35
      },
      "geometry": {
        "type": "Polygon",
        "coordinates": [
          [
            [
              78.591145,
              19.576503
            ],
            [
              78.591859,
              19.576503
            ],
            [
              78.591859,
              19.577252
            ],
            [
              78.591145,
              19.577252
            ],
            [
              78.591145,
              19.576503
            ]
          ]
        ]
      }
    },
    {
      "type": "Feature",
      "properties": {
        "data_source": "SYNTHETIC - not an official record",
        "state": "Telangana",
        "district": "Warangal",
        "mandal": "Warangal",
        "village": "Hasanparthy",
        "survey_number": "47/8",
        "pattadar_account_no": "0004",
        "landholder_name": "Bhagyamma Chary (synthetic)",
        "land_type": "Garden (Thota)",
        "soil_type": "Sandy Loam",
        "crop": "Chilli",
        "area_acres_guntas": "0A 15G",
        "area_acres_decimal": 0.38
      },
      "geometry": {
        "type": "Polygon",
        "coordinates": [
          [
            [
              79.469103,
              18.035769
            ],
            [
              79.469456,
              18.035769
            ],
            [
              79.469456,
              18.036143
            ],
            [
              79.469103,
              18.036143
            ],
            [
              79.469103,
              18.035769
            ]
          ]
        ]
      }
    },
    {
      "type": "Feature",
      "properties": {
        "data_source": "SYNTHETIC - not an official record",
        "state": "Telangana",
        "district": "Karimnagar",
        "mandal": "Huzurabad",
        "village": "Huzurabad",
        "survey_number": "193",
        "pattadar_account_no": "0006",
        "landholder_name": "Lakshmamma Yadav (synthetic)",
        "land_type": "Garden (Thota)",
        "soil_type": "Red Chalka",
        "crop": "Groundnut",
        "area_acres_guntas": "0A 8G",
        "area_acres_decimal": 0.2
      },
      "geometry": {
        "type": "Polygon",
        "coordinates": [
          [
            [
              78.963253,
              18.596836
            ],
            [
              78.963502,
              18.596836
            ],
            [
              78.963502,
              18.597073
            ],
            [
              78.963253,
              18.597073
            ],
            [
              78.963253,
              18.596836
            ]
          ]
        ]
      }
    },
    {
      "type": "Feature",
      "properties": {
        "data_source": "SYNTHETIC - not an official record",
        "state": "Telangana",
        "district": "Adilabad",
        "mandal": "Nirmal",
        "village": "Laxmanchanda",
        "survey_number": "178/6",
        "pattadar_account_no": "0004",
        "landholder_name": "Venkateshwarlu (synthetic)",
        "land_type": "Dry (Metta)",
        "soil_type": "Black Regada",
        "crop": "Mango Orchard",
        "area_acres_guntas": "1A 9G",
        "area_acres_decimal": 1.23
      },
      "geometry": {
        "type": "Polygon",
        "coordinates": [
          [
            [
              78.630939,
              19.915097
            ],
            [
              78.631572,
              19.915097
            ],
            [
              78.631572,
              19.915751
            ],
            [
              78.630939,
              19.915751
            ],
            [
              78.630939,
              19.915097
            ]
          ]
        ]
      }
    },
    {
      "type": "Feature",
      "properties": {
        "data_source": "SYNTHETIC - not an official record",
        "state": "Telangana",
        "district": "Suryapet",
        "mandal": "Kodad",
        "village": "Nadigudem",
        "survey_number": "138/5B",
        "pattadar_account_no": "0006",
        "landholder_name": "Ravi Naidu (synthetic)",
        "land_type": "Dry (Metta)",
        "soil_type": "Sandy Loam",
        "crop": "Maize",
        "area_acres_guntas": "3A 37G",
        "area_acres_decimal": 3.92
      },
      "geometry": {
        "type": "Polygon",
        "coordinates": [
          [
            [
              79.660946,
              17.232276
            ],
            [
              79.662239,
              17.232276
            ],
            [
              79.662239,
              17.233286
            ],
            [
              79.660946,
              17.233286
            ],
            [
              79.660946,
              17.232276
            ]
          ]
        ]
      }
    },
    {
      "type": "Feature",
      "properties": {
        "data_source": "SYNTHETIC - not an official record",
        "state": "Telangana",
        "district": "Nalgonda",
        "mandal": "Devarakonda",
        "village": "Chandampet",
        "survey_number": "249/1",
        "pattadar_account_no": "0007",
        "landholder_name": "Anasuya Yadav (synthetic)",
        "land_type": "Wet (Nala/Baavi)",
        "soil_type": "Red Chalka",
        "crop": "Turmeric",
        "area_acres_guntas": "1A 29G",
        "area_acres_decimal": 1.73
      },
      "geometry": {
        "type": "Polygon",
        "coordinates": [
          [
            [
              78.997859,
              16.954482
            ],
            [
              78.998617,
              16.954482
            ],
            [
              78.998617,
              16.955256
            ],
            [
              78.997859,
              16.955256
            ],
            [
              78.997859,
              16.954482
            ]
          ]
        ]
      }
    },
    {
      "type": "Feature",
      "properties": {
        "data_source": "SYNTHETIC - not an official record",
        "state": "Telangana",
        "district": "Nizamabad",
        "mandal": "Armoor",
        "village": "Nandipet",
        "survey_number": "226",
        "pattadar_account_no": "0005",
        "landholder_name": "Padma Yadav (synthetic)",
        "land_type": "Dry (Metta)",
        "soil_type": "Black Regada",
        "crop": "Mango Orchard",
        "area_acres_guntas": "2A 10G",
        "area_acres_decimal": 2.25
      },
      "geometry": {
        "type": "Polygon",
        "coordinates": [
          [
            [
              78.030844,
              18.501798
            ],
            [
              78.031783,
              18.501798
            ],
            [
              78.031783,
              18.502698
            ],
            [
              78.030844,
              18.502698
            ],
            [
              78.030844,
              18.501798
            ]
          ]
        ]
      }
    },
    {
      "type": "Feature",
      "properties": {
        "data_source": "SYNTHETIC - not an official record",
        "state": "Telangana",
        "district": "Suryapet",
        "mandal": "Kodad",
        "village": "Munagala",
        "survey_number": "302/9",
        "pattadar_account_no": "0005",
        "landholder_name": "Krishnamurthy Rao (synthetic)",
        "land_type": "Wet (Nala/Baavi)",
        "soil_type": "Red Chalka",
        "crop": "Maize",
        "area_acres_guntas": "3A 32G",
        "area_acres_decimal": 3.8
      },
      "geometry": {
        "type": "Polygon",
        "coordinates": [
          [
            [
              79.825113,
              17.374095
            ],
            [
              79.826206,
              17.374095
            ],
            [
              79.826206,
              17.375061
            ],
            [
              79.825113,
              17.375061
            ],
            [
              79.825113,
              17.374095
            ]
          ]
        ]
      }
    },
    {
      "type": "Feature",
      "properties": {
        "data_source": "SYNTHETIC - not an official record",
        "state": "Telangana",
        "district": "Rangareddy",
        "mandal": "Shamshabad",
        "village": "Chandanagar Kalan",
        "survey_number": "251",
        "pattadar_account_no": "0007",
        "landholder_name": "Bhagyamma Yadav (synthetic)",
        "land_type": "Garden (Thota)",
        "soil_type": "Red Chalka",
        "crop": "Turmeric",
        "area_acres_guntas": "1A 24G",
        "area_acres_decimal": 1.6
      },
      "geometry": {
        "type": "Polygon",
        "coordinates": [
          [
            [
              78.449325,
              17.368667
            ],
            [
              78.450143,
              17.368667
            ],
            [
              78.450143,
              17.369309
            ],
            [
              78.449325,
              17.369309
            ],
            [
              78.449325,
              17.368667
            ]
          ]
        ]
      }
    },
    {
      "type": "Feature",
      "properties": {
        "data_source": "SYNTHETIC - not an official record",
        "state": "Telangana",
        "district": "Adilabad",
        "mandal": "Adilabad",
        "village": "Bela",
        "survey_number": "176",
        "pattadar_account_no": "0004",
        "landholder_name": "Ravi Chary (synthetic)",
        "land_type": "Wet (Nala/Baavi)",
        "soil_type": "Red Loamy",
        "crop": "Red Gram (Kandi)",
        "area_acres_guntas": "0A 3G",
        "area_acres_decimal": 0.07
      },
      "geometry": {
        "type": "Polygon",
        "coordinates": [
          [
            [
              78.688809,
              19.622072
            ],
            [
              78.68903,
              19.622072
            ],
            [
              78.68903,
              19.622237
            ],
            [
              78.688809,
              19.622237
            ],
            [
              78.688809,
              19.622072
            ]
          ]
        ]
      }
    },
    {
      "type": "Feature",
      "properties": {
        "data_source": "SYNTHETIC - not an official record",
        "state": "Telangana",
        "district": "Khammam",
        "mandal": "Kothagudem",
        "village": "Kothagudem",
        "survey_number": "142/9",
        "pattadar_account_no": "0006",
        "landholder_name": "Chandraiah Reddy (synthetic)",
        "land_type": "Wet (Nala/Baavi)",
        "soil_type": "Sandy Loam",
        "crop": "Red Gram (Kandi)",
        "area_acres_guntas": "0A 13G",
        "area_acres_decimal": 0.33
      },
      "geometry": {
        "type": "Polygon",
        "coordinates": [
          [
            [
              79.965294,
              17.404612
            ],
            [
              79.965633,
              17.404612
            ],
            [
              79.965633,
              17.404984
            ],
            [
              79.965294,
              17.404984
            ],
            [
              79.965294,
              17.404612
            ]
          ]
        ]
      }
    },
    {
      "type": "Feature",
      "properties": {
        "data_source": "SYNTHETIC - not an official record",
        "state": "Telangana",
        "district": "Mahabubnagar",
        "mandal": "Wanaparthy",
        "village": "Wanaparthy",
        "survey_number": "36",
        "pattadar_account_no": "0007",
        "landholder_name": "Padma Chary (synthetic)",
        "land_type": "Garden (Thota)",
        "soil_type": "Sandy Loam",
        "crop": "Red Gram (Kandi)",
        "area_acres_guntas": "2A 36G",
        "area_acres_decimal": 2.9
      },
      "geometry": {
        "type": "Polygon",
        "coordinates": [
          [
            [
              78.032773,
              16.655194
            ],
            [
              78.033705,
              16.655194
            ],
            [
              78.033705,
              16.656244
            ],
            [
              78.032773,
              16.656244
            ],
            [
              78.032773,
              16.655194
            ]
          ]
        ]
      }
    },
    {
      "type": "Feature",
      "properties": {
        "data_source": "SYNTHETIC - not an official record",
        "state": "Telangana",
        "district": "Nalgonda",
        "mandal": "Devarakonda",
        "village": "Devarakonda",
        "survey_number": "28",
        "pattadar_account_no": "0003",
        "landholder_name": "Balaraju Goud (synthetic)",
        "land_type": "Garden (Thota)",
        "soil_type": "Red Chalka",
        "crop": "Soybean",
        "area_acres_guntas": "3A 38G",
        "area_acres_decimal": 3.95
      },
      "geometry": {
        "type": "Polygon",
        "coordinates": [
          [
            [
              79.231394,
              16.894798
            ],
            [
              79.232505,
              16.894798
            ],
            [
              79.232505,
              16.895982
            ],
            [
              79.231394,
              16.895982
            ],
            [
              79.231394,
              16.894798
            ]
          ]
        ]
      }
    },
    {
      "type": "Feature",
      "properties": {
        "data_source": "SYNTHETIC - not an official record",
        "state": "Telangana",
        "district": "Warangal",
        "mandal": "Warangal",
        "village": "Hasanparthy",
        "survey_number": "5/5",
        "pattadar_account_no": "0005",
        "landholder_name": "Yellaiah Rao (synthetic)",
        "land_type": "Dry (Metta)",
        "soil_type": "Sandy Loam",
        "crop": "Chilli",
        "area_acres_guntas": "2A 26G",
        "area_acres_decimal": 2.65
      },
      "geometry": {
        "type": "Polygon",
        "coordinates": [
          [
            [
              79.644051,
              18.043517
            ],
            [
              79.645112,
              18.043517
            ],
            [
              79.645112,
              18.044586
            ],
            [
              79.644051,
              18.044586
            ],
            [
              79.644051,
              18.043517
            ]
          ]
        ]
      }
    },
    {
      "type": "Feature",
      "properties": {
        "data_source": "SYNTHETIC - not an official record",
        "state": "Telangana",
        "district": "Karimnagar",
        "mandal": "Karimnagar",
        "village": "Choppadandi",
        "survey_number": "201/9B",
        "pattadar_account_no": "0006",
        "landholder_name": "Mallesham Goud (synthetic)",
        "land_type": "Wet (Nala/Baavi)",
        "soil_type": "Red Loamy",
        "crop": "Soybean",
        "area_acres_guntas": "1A 37G",
        "area_acres_decimal": 1.93
      },
      "geometry": {
        "type": "Polygon",
        "coordinates": [
          [
            [
              79.012563,
              18.262464
            ],
            [
              79.013372,
              18.262464
            ],
            [
              79.013372,
              18.263231
            ],
            [
              79.012563,
              18.263231
            ],
            [
              79.012563,
              18.262464
            ]
          ]
        ]
      }
    },
    {
      "type": "Feature",
      "properties": {
        "data_source": "SYNTHETIC - not an official record",
        "state": "Telangana",
        "district": "Khammam",
        "mandal": "Khammam",
        "village": "Nelakondapalli",
        "survey_number": "123",
        "pattadar_account_no": "0008",
        "landholder_name": "Chandraiah Naidu (synthetic)",
        "land_type": "Wet (Nala/Baavi)",
        "soil_type": "Sandy Loam",
        "crop": "Fallow",
        "area_acres_guntas": "3A 13G",
        "area_acres_decimal": 3.33
      },
      "geometry": {
        "type": "Polygon",
        "coordinates": [
          [
            [
              80.115183,
              17.087188
            ],
            [
              80.116369,
              17.087188
            ],
            [
              80.116369,
              17.088096
            ],
            [
              80.115183,
              17.088096
            ],
            [
              80.115183,
              17.087188
            ]
          ]
        ]
      }
    },
    {
      "type": "Feature",
      "properties": {
        "data_source": "SYNTHETIC - not an official record",
        "state": "Telangana",
        "district": "Rangareddy",
        "mandal": "Shamshabad",
        "village": "Kothur",
        "survey_number": "212",
        "pattadar_account_no": "0004",
        "landholder_name": "Sammaiah (synthetic)",
        "land_type": "Dry (Metta)",
        "soil_type": "Red Loamy",
        "crop": "Turmeric",
        "area_acres_guntas": "2A 21G",
        "area_acres_decimal": 2.52
      },
      "geometry": {
        "type": "Polygon",
        "coordinates": [
          [
            [
              78.22955,
              16.994389
            ],
            [
              78.230609,
              16.994389
            ],
            [
              78.230609,
              16.995253
            ],
            [
              78.22955,
              16.995253
            ],
            [
              78.22955,
              16.994389
            ]
          ]
        ]
      }
    },
    {
      "type": "Feature",
      "properties": {
        "data_source": "SYNTHETIC - not an official record",
        "state": "Telangana",
        "district": "Mahabubnagar",
        "mandal": "Mahabubnagar",
        "village": "Mahabubnagar Rural",
        "survey_number": "21/7",
        "pattadar_account_no": "0008",
        "landholder_name": "Sammaiah Chary (synthetic)",
        "land_type": "Dry (Metta)",
        "soil_type": "Sandy Loam",
        "crop": "Turmeric",
        "area_acres_guntas": "1A 8G",
        "area_acres_decimal": 1.2
      },
      "geometry": {
        "type": "Polygon",
        "coordinates": [
          [
            [
              77.979759,
              16.506656
            ],
            [
              77.980319,
              16.506656
            ],
            [
              77.980319,
              16.507227
            ],
            [
              77.979759,
              16.507227
            ],
            [
              77.979759,
              16.506656
            ]
          ]
        ]
      }
    },
    {
      "type": "Feature",
      "properties": {
        "data_source": "SYNTHETIC - not an official record",
        "state": "Telangana",
        "district": "Rangareddy",
        "mandal": "Ibrahimpatnam",
        "village": "Ibrahimpatnam",
        "survey_number": "206/6B",
        "pattadar_account_no": "0003",
        "landholder_name": "Krishnamurthy Chary (synthetic)",
        "land_type": "Wet (Nala/Baavi)",
        "soil_type": "Black Regada",
        "crop": "Chilli",
        "area_acres_guntas": "0A 39G",
        "area_acres_decimal": 0.97
      },
      "geometry": {
        "type": "Polygon",
        "coordinates": [
          [
            [
              78.466392,
              17.119473
            ],
            [
              78.467015,
              17.119473
            ],
            [
              78.467015,
              17.119988
            ],
            [
              78.466392,
              17.119988
            ],
            [
              78.466392,
              17.119473
            ]
          ]
        ]
      }
    },
    {
      "type": "Feature",
      "properties": {
        "data_source": "SYNTHETIC - not an official record",
        "state": "Telangana",
        "district": "Medchal-Malkajgiri",
        "mandal": "Shamirpet",
        "village": "Shamirpet",
        "survey_number": "47",
        "pattadar_account_no": "0006",
        "landholder_name": "Lakshmamma Reddy (synthetic)",
        "land_type": "Dry (Metta)",
        "soil_type": "Red Loamy",
        "crop": "Fallow",
        "area_acres_guntas": "3A 35G",
        "area_acres_decimal": 3.88
      },
      "geometry": {
        "type": "Polygon",
        "coordinates": [
          [
            [
              78.78123,
              17.648809
            ],
            [
              78.782502,
              17.648809
            ],
            [
              78.782502,
              17.649824
            ],
            [
              78.78123,
              17.649824
            ],
            [
              78.78123,
              17.648809
            ]
          ]
        ]
      }
    },
    {
      "type": "Feature",
      "properties": {
        "data_source": "SYNTHETIC - not an official record",
        "state": "Telangana",
        "district": "Mahabubnagar",
        "mandal": "Mahabubnagar",
        "village": "Bhoothpur",
        "survey_number": "321/7",
        "pattadar_account_no": "0002",
        "landholder_name": "Anjaiah Naidu (synthetic)",
        "land_type": "Garden (Thota)",
        "soil_type": "Red Chalka",
        "crop": "Turmeric",
        "area_acres_guntas": "0A 10G",
        "area_acres_decimal": 0.25
      },
      "geometry": {
        "type": "Polygon",
        "coordinates": [
          [
            [
              77.9542,
              16.984782
            ],
            [
              77.954465,
              16.984782
            ],
            [
              77.954465,
              16.985054
            ],
            [
              77.9542,
              16.985054
            ],
            [
              77.9542,
              16.984782
            ]
          ]
        ]
      }
    },
    {
      "type": "Feature",
      "properties": {
        "data_source": "SYNTHETIC - not an official record",
        "state": "Telangana",
        "district": "Nalgonda",
        "mandal": "Devarakonda",
        "village": "Devarakonda",
        "survey_number": "221/5",
        "pattadar_account_no": "0004",
        "landholder_name": "Venkateshwarlu Chary (synthetic)",
        "land_type": "Garden (Thota)",
        "soil_type": "Sandy Loam",
        "crop": "Soybean",
        "area_acres_guntas": "2A 14G",
        "area_acres_decimal": 2.35
      },
      "geometry": {
        "type": "Polygon",
        "coordinates": [
          [
            [
              79.331732,
              16.880838
            ],
            [
              79.332709,
              16.880838
            ],
            [
              79.332709,
              16.881585
            ],
            [
              79.331732,
              16.881585
            ],
            [
              79.331732,
              16.880838
            ]
          ]
        ]
      }
    },
    {
      "type": "Feature",
      "properties": {
        "data_source": "SYNTHETIC - not an official record",
        "state": "Telangana",
        "district": "Mahabubnagar",
        "mandal": "Mahabubnagar",
        "village": "Mahabubnagar Rural",
        "survey_number": "146",
        "pattadar_account_no": "0009",
        "landholder_name": "Narsimha Goud (synthetic)",
        "land_type": "Wet (Nala/Baavi)",
        "soil_type": "Sandy Loam",
        "crop": "Mango Orchard",
        "area_acres_guntas": "0A 30G",
        "area_acres_decimal": 0.75
      },
      "geometry": {
        "type": "Polygon",
        "coordinates": [
          [
            [
              78.228412,
              16.810206
            ],
            [
              78.228853,
              16.810206
            ],
            [
              78.228853,
              16.810692
            ],
            [
              78.228412,
              16.810692
            ],
            [
              78.228412,
              16.810206
            ]
          ]
        ]
      }
    },
    {
      "type": "Feature",
      "properties": {
        "data_source": "SYNTHETIC - not an official record",
        "state": "Telangana",
        "district": "Adilabad",
        "mandal": "Nirmal",
        "village": "Laxmanchanda",
        "survey_number": "272/9",
        "pattadar_account_no": "0005",
        "landholder_name": "Ravi (synthetic)",
        "land_type": "Wet (Nala/Baavi)",
        "soil_type": "Red Loamy",
        "crop": "Chilli",
        "area_acres_guntas": "2A 35G",
        "area_acres_decimal": 2.88
      },
      "geometry": {
        "type": "Polygon",
        "coordinates": [
          [
            [
              78.729424,
              19.72883
            ],
            [
              78.730611,
              19.72883
            ],
            [
              78.730611,
              19.729879
            ],
            [
              78.729424,
              19.729879
            ],
            [
              78.729424,
              19.72883
            ]
          ]
        ]
      }
    },
    {
      "type": "Feature",
      "properties": {
        "data_source": "SYNTHETIC - not an official record",
        "state": "Telangana",
        "district": "Adilabad",
        "mandal": "Nirmal",
        "village": "Bhainsa",
        "survey_number": "265/4A",
        "pattadar_account_no": "0007",
        "landholder_name": "Ramulu Yadav (synthetic)",
        "land_type": "Wet (Nala/Baavi)",
        "soil_type": "Black Regada",
        "crop": "Chilli",
        "area_acres_guntas": "3A 6G",
        "area_acres_decimal": 3.15
      },
      "geometry": {
        "type": "Polygon",
        "coordinates": [
          [
            [
              78.576914,
              19.857728
            ],
            [
              78.578008,
              19.857728
            ],
            [
              78.578008,
              19.858667
            ],
            [
              78.576914,
              19.858667
            ],
            [
              78.576914,
              19.857728
            ]
          ]
        ]
      }
    },
    {
      "type": "Feature",
      "properties": {
        "data_source": "SYNTHETIC - not an official record",
        "state": "Telangana",
        "district": "Warangal",
        "mandal": "Warangal",
        "village": "Wardhannapet",
        "survey_number": "292",
        "pattadar_account_no": "0004",
        "landholder_name": "Yellaiah Chary (synthetic)",
        "land_type": "Wet (Nala/Baavi)",
        "soil_type": "Black Regada",
        "crop": "Red Gram (Kandi)",
        "area_acres_guntas": "1A 4G",
        "area_acres_decimal": 1.1
      },
      "geometry": {
        "type": "Polygon",
        "coordinates": [
          [
            [
              79.480067,
              17.760626
            ],
            [
              79.480755,
              17.760626
            ],
            [
              79.480755,
              17.761305
            ],
            [
              79.480067,
              17.761305
            ],
            [
              79.480067,
              17.760626
            ]
          ]
        ]
      }
    },
    {
      "type": "Feature",
      "properties": {
        "data_source": "SYNTHETIC - not an official record",
        "state": "Telangana",
        "district": "Rangareddy",
        "mandal": "Chevella",
        "village": "Shabad",
        "survey_number": "315/4B",
        "pattadar_account_no": "0007",
        "landholder_name": "Lakshmamma Rao (synthetic)",
        "land_type": "Wet (Nala/Baavi)",
        "soil_type": "Sandy Loam",
        "crop": "Paddy",
        "area_acres_guntas": "1A 18G",
        "area_acres_decimal": 1.45
      },
      "geometry": {
        "type": "Polygon",
        "coordinates": [
          [
            [
              78.351073,
              17.275117
            ],
            [
              78.351711,
              17.275117
            ],
            [
              78.351711,
              17.275788
            ],
            [
              78.351073,
              17.275788
            ],
            [
              78.351073,
              17.275117
            ]
          ]
        ]
      }
    },
    {
      "type": "Feature",
      "properties": {
        "data_source": "SYNTHETIC - not an official record",
        "state": "Telangana",
        "district": "Adilabad",
        "mandal": "Adilabad",
        "village": "Jainad",
        "survey_number": "221/9A",
        "pattadar_account_no": "0006",
        "landholder_name": "Padma Naik (synthetic)",
        "land_type": "Wet (Nala/Baavi)",
        "soil_type": "Sandy Loam",
        "crop": "Red Gram (Kandi)",
        "area_acres_guntas": "0A 25G",
        "area_acres_decimal": 0.62
      },
      "geometry": {
        "type": "Polygon",
        "coordinates": [
          [
            [
              78.633772,
              19.630536
            ],
            [
              78.634207,
              19.630536
            ],
            [
              78.634207,
              19.630947
            ],
            [
              78.633772,
              19.630947
            ],
            [
              78.633772,
              19.630536
            ]
          ]
        ]
      }
    },
    {
      "type": "Feature",
      "properties": {
        "data_source": "SYNTHETIC - not an official record",
        "state": "Telangana",
        "district": "Suryapet",
        "mandal": "Suryapet",
        "village": "Thirumalagiri",
        "survey_number": "295/3",
        "pattadar_account_no": "0006",
        "landholder_name": "Lakshmamma Rao (synthetic)",
        "land_type": "Garden (Thota)",
        "soil_type": "Sandy Loam",
        "crop": "Cotton",
        "area_acres_guntas": "3A 35G",
        "area_acres_decimal": 3.88
      },
      "geometry": {
        "type": "Polygon",
        "coordinates": [
          [
            [
              79.68405,
              17.173906
            ],
            [
              79.685391,
              17.173906
            ],
            [
              79.685391,
              17.175142
            ],
            [
              79.68405,
              17.175142
            ],
            [
              79.68405,
              17.173906
            ]
          ]
        ]
      }
    },
    {
      "type": "Feature",
      "properties": {
        "data_source": "SYNTHETIC - not an official record",
        "state": "Telangana",
        "district": "Warangal",
        "mandal": "Warangal",
        "village": "Kazipet",
        "survey_number": "186/4",
        "pattadar_account_no": "0003",
        "landholder_name": "Padma Rao (synthetic)",
        "land_type": "Dry (Metta)",
        "soil_type": "Black Regada",
        "crop": "Fallow",
        "area_acres_guntas": "2A 10G",
        "area_acres_decimal": 2.25
      },
      "geometry": {
        "type": "Polygon",
        "coordinates": [
          [
            [
              79.830701,
              17.823178
            ],
            [
              79.831672,
              17.823178
            ],
            [
              79.831672,
              17.823931
            ],
            [
              79.830701,
              17.823931
            ],
            [
              79.830701,
              17.823178
            ]
          ]
        ]
      }
    },
    {
      "type": "Feature",
      "properties": {
        "data_source": "SYNTHETIC - not an official record",
        "state": "Telangana",
        "district": "Karimnagar",
        "mandal": "Karimnagar",
        "village": "Thimmapur",
        "survey_number": "87",
        "pattadar_account_no": "0005",
        "landholder_name": "Mallesham Goud (synthetic)",
        "land_type": "Garden (Thota)",
        "soil_type": "Red Chalka",
        "crop": "Cotton",
        "area_acres_guntas": "3A 22G",
        "area_acres_decimal": 3.55
      },
      "geometry": {
        "type": "Polygon",
        "coordinates": [
          [
            [
              79.08464,
              18.372128
            ],
            [
              79.085686,
              18.372128
            ],
            [
              79.085686,
              18.373124
            ],
            [
              79.08464,
              18.373124
            ],
            [
              79.08464,
              18.372128
            ]
          ]
        ]
      }
    },
    {
      "type": "Feature",
      "properties": {
        "data_source": "SYNTHETIC - not an official record",
        "state": "Telangana",
        "district": "Karimnagar",
        "mandal": "Huzurabad",
        "village": "Veenavanka",
        "survey_number": "67/4",
        "pattadar_account_no": "0004",
        "landholder_name": "Bhagyamma Reddy (synthetic)",
        "land_type": "Dry (Metta)",
        "soil_type": "Red Loamy",
        "crop": "Turmeric",
        "area_acres_guntas": "1A 15G",
        "area_acres_decimal": 1.38
      },
      "geometry": {
        "type": "Polygon",
        "coordinates": [
          [
            [
              79.20813,
              18.430373
            ],
            [
              79.208856,
              18.430373
            ],
            [
              79.208856,
              18.431015
            ],
            [
              79.20813,
              18.431015
            ],
            [
              79.20813,
              18.430373
            ]
          ]
        ]
      }
    },
    {
      "type": "Feature",
      "properties": {
        "data_source": "SYNTHETIC - not an official record",
        "state": "Telangana",
        "district": "Rangareddy",
        "mandal": "Ibrahimpatnam",
        "village": "Ibrahimpatnam",
        "survey_number": "49/7",
        "pattadar_account_no": "0004",
        "landholder_name": "Sammaiah Goud (synthetic)",
        "land_type": "Dry (Metta)",
        "soil_type": "Sandy Loam",
        "crop": "Cotton",
        "area_acres_guntas": "0A 6G",
        "area_acres_decimal": 0.15
      },
      "geometry": {
        "type": "Polygon",
        "coordinates": [
          [
            [
              78.51555,
              17.256758
            ],
            [
              78.515808,
              17.256758
            ],
            [
              78.515808,
              17.256962
            ],
            [
              78.51555,
              17.256962
            ],
            [
              78.51555,
              17.256758
            ]
          ]
        ]
      }
    },
    {
      "type": "Feature",
      "properties": {
        "data_source": "SYNTHETIC - not an official record",
        "state": "Telangana",
        "district": "Nalgonda",
        "mandal": "Nalgonda",
        "village": "Panagal",
        "survey_number": "157/5",
        "pattadar_account_no": "0003",
        "landholder_name": "Venkateshwarlu Naidu (synthetic)",
        "land_type": "Garden (Thota)",
        "soil_type": "Sandy Loam",
        "crop": "Mango Orchard",
        "area_acres_guntas": "2A 21G",
        "area_acres_decimal": 2.52
      },
      "geometry": {
        "type": "Polygon",
        "coordinates": [
          [
            [
              79.048402,
              17.28221
            ],
            [
              79.049234,
              17.28221
            ],
            [
              79.049234,
              17.283246
            ],
            [
              79.048402,
              17.283246
            ],
            [
              79.048402,
              17.28221
            ]
          ]
        ]
      }
    },
    {
      "type": "Feature",
      "properties": {
        "data_source": "SYNTHETIC - not an official record",
        "state": "Telangana",
        "district": "Karimnagar",
        "mandal": "Huzurabad",
        "village": "Huzurabad",
        "survey_number": "150",
        "pattadar_account_no": "0007",
        "landholder_name": "Lakshmamma Naidu (synthetic)",
        "land_type": "Dry (Metta)",
        "soil_type": "Sandy Loam",
        "crop": "Fallow",
        "area_acres_guntas": "2A 32G",
        "area_acres_decimal": 2.8
      },
      "geometry": {
        "type": "Polygon",
        "coordinates": [
          [
            [
              79.064334,
              18.672511
            ],
            [
              79.065449,
              18.672511
            ],
            [
              79.065449,
              18.673494
            ],
            [
              79.064334,
              18.673494
            ],
            [
              79.064334,
              18.672511
            ]
          ]
        ]
      }
    },
    {
      "type": "Feature",
      "properties": {
        "data_source": "SYNTHETIC - not an official record",
        "state": "Telangana",
        "district": "Khammam",
        "mandal": "Kothagudem",
        "village": "Kothagudem",
        "survey_number": "80/2",
        "pattadar_account_no": "0007",
        "landholder_name": "Anjaiah Naik (synthetic)",
        "land_type": "Dry (Metta)",
        "soil_type": "Black Regada",
        "crop": "Fallow",
        "area_acres_guntas": "2A 15G",
        "area_acres_decimal": 2.38
      },
      "geometry": {
        "type": "Polygon",
        "coordinates": [
          [
            [
              79.985127,
              17.301491
            ],
            [
              79.986138,
              17.301491
            ],
            [
              79.986138,
              17.30245
            ],
            [
              79.985127,
              17.30245
            ],
            [
              79.985127,
              17.301491
            ]
          ]
        ]
      }
    },
    {
      "type": "Feature",
      "properties": {
        "data_source": "SYNTHETIC - not an official record",
        "state": "Telangana",
        "district": "Nizamabad",
        "mandal": "Nizamabad",
        "village": "Nizamabad Rural",
        "survey_number": "254",
        "pattadar_account_no": "0006",
        "landholder_name": "Chandraiah Reddy (synthetic)",
        "land_type": "Wet (Nala/Baavi)",
        "soil_type": "Red Chalka",
        "crop": "Soybean",
        "area_acres_guntas": "3A 13G",
        "area_acres_decimal": 3.33
      },
      "geometry": {
        "type": "Polygon",
        "coordinates": [
          [
            [
              77.976346,
              18.849515
            ],
            [
              77.977567,
              18.849515
            ],
            [
              77.977567,
              18.850574
            ],
            [
              77.976346,
              18.850574
            ],
            [
              77.976346,
              18.849515
            ]
          ]
        ]
      }
    },
    {
      "type": "Feature",
      "properties": {
        "data_source": "SYNTHETIC - not an official record",
        "state": "Telangana",
        "district": "Adilabad",
        "mandal": "Adilabad",
        "village": "Bela",
        "survey_number": "121/9A",
        "pattadar_account_no": "0005",
        "landholder_name": "Venkateshwarlu (synthetic)",
        "land_type": "Dry (Metta)",
        "soil_type": "Sandy Loam",
        "crop": "Red Gram (Kandi)",
        "area_acres_guntas": "3A 0G",
        "area_acres_decimal": 3.0
      },
      "geometry": {
        "type": "Polygon",
        "coordinates": [
          [
            [
              78.741741,
              19.459944
            ],
            [
              78.742714,
              19.459944
            ],
            [
              78.742714,
              19.46107
            ],
            [
              78.741741,
              19.46107
            ],
            [
              78.741741,
              19.459944
            ]
          ]
        ]
      }
    },
    {
      "type": "Feature",
      "properties": {
        "data_source": "SYNTHETIC - not an official record",
        "state": "Telangana",
        "district": "Mahabubnagar",
        "mandal": "Wanaparthy",
        "village": "Wanaparthy",
        "survey_number": "321/4B",
        "pattadar_account_no": "0008",
        "landholder_name": "Lakshmamma (synthetic)",
        "land_type": "Wet (Nala/Baavi)",
        "soil_type": "Red Chalka",
        "crop": "Groundnut",
        "area_acres_guntas": "0A 14G",
        "area_acres_decimal": 0.35
      },
      "geometry": {
        "type": "Polygon",
        "coordinates": [
          [
            [
              78.074123,
              16.547955
            ],
            [
              78.07443,
              16.547955
            ],
            [
              78.07443,
              16.548285
            ],
            [
              78.074123,
              16.548285
            ],
            [
              78.074123,
              16.547955
            ]
          ]
        ]
      }
    },
    {
      "type": "Feature",
      "properties": {
        "data_source": "SYNTHETIC - not an official record",
        "state": "Telangana",
        "district": "Mahabubnagar",
        "mandal": "Mahabubnagar",
        "village": "Jadcherla",
        "survey_number": "218/7",
        "pattadar_account_no": "0004",
        "landholder_name": "Sammaiah Chary (synthetic)",
        "land_type": "Wet (Nala/Baavi)",
        "soil_type": "Red Chalka",
        "crop": "Paddy",
        "area_acres_guntas": "0A 33G",
        "area_acres_decimal": 0.82
      },
      "geometry": {
        "type": "Polygon",
        "coordinates": [
          [
            [
              78.114557,
              16.741712
            ],
            [
              78.115159,
              16.741712
            ],
            [
              78.115159,
              16.74217
            ],
            [
              78.114557,
              16.74217
            ],
            [
              78.114557,
              16.741712
            ]
          ]
        ]
      }
    },
    {
      "type": "Feature",
      "properties": {
        "data_source": "SYNTHETIC - not an official record",
        "state": "Telangana",
        "district": "Karimnagar",
        "mandal": "Huzurabad",
        "village": "Jammikunta",
        "survey_number": "91/7",
        "pattadar_account_no": "0001",
        "landholder_name": "Srinivas Naik (synthetic)",
        "land_type": "Wet (Nala/Baavi)",
        "soil_type": "Red Chalka",
        "crop": "Paddy",
        "area_acres_guntas": "3A 24G",
        "area_acres_decimal": 3.6
      },
      "geometry": {
        "type": "Polygon",
        "coordinates": [
          [
            [
              78.950001,
              18.618341
            ],
            [
              78.951083,
              18.618341
            ],
            [
              78.951083,
              18.619333
            ],
            [
              78.950001,
              18.619333
            ],
            [
              78.950001,
              18.618341
            ]
          ]
        ]
      }
    },
    {
      "type": "Feature",
      "properties": {
        "data_source": "SYNTHETIC - not an official record",
        "state": "Telangana",
        "district": "Nizamabad",
        "mandal": "Nizamabad",
        "village": "Bodhan",
        "survey_number": "74/6A",
        "pattadar_account_no": "0004",
        "landholder_name": "Narsimha Rao (synthetic)",
        "land_type": "Wet (Nala/Baavi)",
        "soil_type": "Sandy Loam",
        "crop": "Chilli",
        "area_acres_guntas": "0A 38G",
        "area_acres_decimal": 0.95
      },
      "geometry": {
        "type": "Polygon",
        "coordinates": [
          [
            [
              78.008846,
              18.573247
            ],
            [
              78.009389,
              18.573247
            ],
            [
              78.009389,
              18.573819
            ],
            [
              78.008846,
              18.573819
            ],
            [
              78.008846,
              18.573247
            ]
          ]
        ]
      }
    },
    {
      "type": "Feature",
      "properties": {
        "data_source": "SYNTHETIC - not an official record",
        "state": "Telangana",
        "district": "Suryapet",
        "mandal": "Kodad",
        "village": "Kodad",
        "survey_number": "123/2",
        "pattadar_account_no": "0006",
        "landholder_name": "Srinivas Reddy (synthetic)",
        "land_type": "Wet (Nala/Baavi)",
        "soil_type": "Red Loamy",
        "crop": "Groundnut",
        "area_acres_guntas": "3A 29G",
        "area_acres_decimal": 3.73
      },
      "geometry": {
        "type": "Polygon",
        "coordinates": [
          [
            [
              79.781674,
              16.989505
            ],
            [
              79.782881,
              16.989505
            ],
            [
              79.782881,
              16.990655
            ],
            [
              79.781674,
              16.990655
            ],
            [
              79.781674,
              16.989505
            ]
          ]
        ]
      }
    },
    {
      "type": "Feature",
      "properties": {
        "data_source": "SYNTHETIC - not an official record",
        "state": "Telangana",
        "district": "Suryapet",
        "mandal": "Suryapet",
        "village": "Chilkur",
        "survey_number": "32/5A",
        "pattadar_account_no": "0006",
        "landholder_name": "Sammaiah Naik (synthetic)",
        "land_type": "Wet (Nala/Baavi)",
        "soil_type": "Red Chalka",
        "crop": "Groundnut",
        "area_acres_guntas": "2A 33G",
        "area_acres_decimal": 2.83
      },
      "geometry": {
        "type": "Polygon",
        "coordinates": [
          [
            [
              79.444225,
              17.176999
            ],
            [
              79.445095,
              17.176999
            ],
            [
              79.445095,
              17.178076
            ],
            [
              79.444225,
              17.178076
            ],
            [
              79.444225,
              17.176999
            ]
          ]
        ]
      }
    },
    {
      "type": "Feature",
      "properties": {
        "data_source": "SYNTHETIC - not an official record",
        "state": "Telangana",
        "district": "Rangareddy",
        "mandal": "Chevella",
        "village": "Moinabad",
        "survey_number": "292/9",
        "pattadar_account_no": "0004",
        "landholder_name": "Ramulu (synthetic)",
        "land_type": "Dry (Metta)",
        "soil_type": "Red Loamy",
        "crop": "Chilli",
        "area_acres_guntas": "3A 17G",
        "area_acres_decimal": 3.42
      },
      "geometry": {
        "type": "Polygon",
        "coordinates": [
          [
            [
              78.055789,
              17.400967
            ],
            [
              78.05693,
              17.400967
            ],
            [
              78.05693,
              17.401883
            ],
            [
              78.055789,
              17.401883
            ],
            [
              78.055789,
              17.400967
            ]
          ]
        ]
      }
    },
    {
      "type": "Feature",
      "properties": {
        "data_source": "SYNTHETIC - not an official record",
        "state": "Telangana",
        "district": "Nizamabad",
        "mandal": "Armoor",
        "village": "Armoor",
        "survey_number": "157/1",
        "pattadar_account_no": "0006",
        "landholder_name": "Chandraiah Chary (synthetic)",
        "land_type": "Dry (Metta)",
        "soil_type": "Sandy Loam",
        "crop": "Fallow",
        "area_acres_guntas": "0A 29G",
        "area_acres_decimal": 0.72
      },
      "geometry": {
        "type": "Polygon",
        "coordinates": [
          [
            [
              78.343202,
              18.684718
            ],
            [
              78.343745,
              18.684718
            ],
            [
              78.343745,
              18.685146
            ],
            [
              78.343202,
              18.685146
            ],
            [
              78.343202,
              18.684718
            ]
          ]
        ]
      }
    },
    {
      "type": "Feature",
      "properties": {
        "data_source": "SYNTHETIC - not an official record",
        "state": "Telangana",
        "district": "Warangal",
        "mandal": "Warangal",
        "village": "Wardhannapet",
        "survey_number": "93",
        "pattadar_account_no": "0005",
        "landholder_name": "Venkateshwarlu Naidu (synthetic)",
        "land_type": "Dry (Metta)",
        "soil_type": "Red Chalka",
        "crop": "Red Gram (Kandi)",
        "area_acres_guntas": "1A 19G",
        "area_acres_decimal": 1.48
      },
      "geometry": {
        "type": "Polygon",
        "coordinates": [
          [
            [
              79.460268,
              18.227608
            ],
            [
              79.461058,
              18.227608
            ],
            [
              79.461058,
              18.228226
            ],
            [
              79.460268,
              18.228226
            ],
            [
              79.460268,
              18.227608
            ]
          ]
        ]
      }
    },
    {
      "type": "Feature",
      "properties": {
        "data_source": "SYNTHETIC - not an official record",
        "state": "Telangana",
        "district": "Karimnagar",
        "mandal": "Huzurabad",
        "village": "Huzurabad",
        "survey_number": "327",
        "pattadar_account_no": "0008",
        "landholder_name": "Ramulu Naik (synthetic)",
        "land_type": "Wet (Nala/Baavi)",
        "soil_type": "Red Loamy",
        "crop": "Soybean",
        "area_acres_guntas": "1A 13G",
        "area_acres_decimal": 1.32
      },
      "geometry": {
        "type": "Polygon",
        "coordinates": [
          [
            [
              79.376813,
              18.680072
            ],
            [
              79.3776,
              18.680072
            ],
            [
              79.3776,
              18.680662
            ],
            [
              79.376813,
              18.680662
            ],
            [
              79.376813,
              18.680072
            ]
          ]
        ]
      }
    },
    {
      "type": "Feature",
      "properties": {
        "data_source": "SYNTHETIC - not an official record",
        "state": "Telangana",
        "district": "Nizamabad",
        "mandal": "Nizamabad",
        "village": "Bodhan",
        "survey_number": "157",
        "pattadar_account_no": "0005",
        "landholder_name": "Srinivas Yadav (synthetic)",
        "land_type": "Dry (Metta)",
        "soil_type": "Red Chalka",
        "crop": "Fallow",
        "area_acres_guntas": "0A 34G",
        "area_acres_decimal": 0.85
      },
      "geometry": {
        "type": "Polygon",
        "coordinates": [
          [
            [
              77.896282,
              18.618446
            ],
            [
              77.8969,
              18.618446
            ],
            [
              77.8969,
              18.619051
            ],
            [
              77.896282,
              18.619051
            ],
            [
              77.896282,
              18.618446
            ]
          ]
        ]
      }
    },
    {
      "type": "Feature",
      "properties": {
        "data_source": "SYNTHETIC - not an official record",
        "state": "Telangana",
        "district": "Warangal",
        "mandal": "Narsampet",
        "village": "Chennaraopet",
        "survey_number": "155",
        "pattadar_account_no": "0010",
        "landholder_name": "Mallesham Rao (synthetic)",
        "land_type": "Dry (Metta)",
        "soil_type": "Red Loamy",
        "crop": "Fallow",
        "area_acres_guntas": "3A 5G",
        "area_acres_decimal": 3.12
      },
      "geometry": {
        "type": "Polygon",
        "coordinates": [
          [
            [
              79.689249,
              18.165273
            ],
            [
              79.690291,
              18.165273
            ],
            [
              79.690291,
              18.16643
            ],
            [
              79.689249,
              18.16643
            ],
            [
              79.689249,
              18.165273
            ]
          ]
        ]
      }
    },
    {
      "type": "Feature",
      "properties": {
        "data_source": "SYNTHETIC - not an official record",
        "state": "Telangana",
        "district": "Medchal-Malkajgiri",
        "mandal": "Shamirpet",
        "village": "Gundlapochampally",
        "survey_number": "91",
        "pattadar_account_no": "0007",
        "landholder_name": "Chandraiah Naik (synthetic)",
        "land_type": "Garden (Thota)",
        "soil_type": "Black Regada",
        "crop": "Cotton",
        "area_acres_guntas": "0A 19G",
        "area_acres_decimal": 0.47
      },
      "geometry": {
        "type": "Polygon",
        "coordinates": [
          [
            [
              78.600246,
              17.38149
            ],
            [
              78.600639,
              17.38149
            ],
            [
              78.600639,
              17.381867
            ],
            [
              78.600246,
              17.381867
            ],
            [
              78.600246,
              17.38149
            ]
          ]
        ]
      }
    },
    {
      "type": "Feature",
      "properties": {
        "data_source": "SYNTHETIC - not an official record",
        "state": "Telangana",
        "district": "Warangal",
        "mandal": "Warangal",
        "village": "Kazipet",
        "survey_number": "211/1A",
        "pattadar_account_no": "0004",
        "landholder_name": "Ramulu Naik (synthetic)",
        "land_type": "Wet (Nala/Baavi)",
        "soil_type": "Black Regada",
        "crop": "Fallow",
        "area_acres_guntas": "3A 27G",
        "area_acres_decimal": 3.67
      },
      "geometry": {
        "type": "Polygon",
        "coordinates": [
          [
            [
              79.525451,
              18.011017
            ],
            [
              79.526673,
              18.011017
            ],
            [
              79.526673,
              18.012202
            ],
            [
              79.525451,
              18.012202
            ],
            [
              79.525451,
              18.011017
            ]
          ]
        ]
      }
    },
    {
      "type": "Feature",
      "properties": {
        "data_source": "SYNTHETIC - not an official record",
        "state": "Telangana",
        "district": "Rangareddy",
        "mandal": "Ibrahimpatnam",
        "village": "Kurmalguda",
        "survey_number": "325/4B",
        "pattadar_account_no": "0002",
        "landholder_name": "Anasuya (synthetic)",
        "land_type": "Garden (Thota)",
        "soil_type": "Black Regada",
        "crop": "Mango Orchard",
        "area_acres_guntas": "2A 6G",
        "area_acres_decimal": 2.15
      },
      "geometry": {
        "type": "Polygon",
        "coordinates": [
          [
            [
              78.376459,
              17.207809
            ],
            [
              78.377232,
              17.207809
            ],
            [
              78.377232,
              17.208595
            ],
            [
              78.376459,
              17.208595
            ],
            [
              78.376459,
              17.207809
            ]
          ]
        ]
      }
    },
    {
      "type": "Feature",
      "properties": {
        "data_source": "SYNTHETIC - not an official record",
        "state": "Telangana",
        "district": "Rangareddy",
        "mandal": "Shamshabad",
        "village": "Shamshabad",
        "survey_number": "55",
        "pattadar_account_no": "0006",
        "landholder_name": "Anjaiah (synthetic)",
        "land_type": "Dry (Metta)",
        "soil_type": "Red Loamy",
        "crop": "Cotton",
        "area_acres_guntas": "2A 37G",
        "area_acres_decimal": 2.92
      },
      "geometry": {
        "type": "Polygon",
        "coordinates": [
          [
            [
              78.499281,
              17.289328
            ],
            [
              78.500392,
              17.289328
            ],
            [
              78.500392,
              17.290339
            ],
            [
              78.499281,
              17.290339
            ],
            [
              78.499281,
              17.289328
            ]
          ]
        ]
      }
    },
    {
      "type": "Feature",
      "properties": {
        "data_source": "SYNTHETIC - not an official record",
        "state": "Telangana",
        "district": "Karimnagar",
        "mandal": "Huzurabad",
        "village": "Huzurabad",
        "survey_number": "243/7",
        "pattadar_account_no": "0009",
        "landholder_name": "Padma Goud (synthetic)",
        "land_type": "Dry (Metta)",
        "soil_type": "Red Loamy",
        "crop": "Fallow",
        "area_acres_guntas": "0A 31G",
        "area_acres_decimal": 0.78
      },
      "geometry": {
        "type": "Polygon",
        "coordinates": [
          [
            [
              79.136396,
              18.509999
            ],
            [
              79.136974,
              18.509999
            ],
            [
              79.136974,
              18.510572
            ],
            [
              79.136396,
              18.510572
            ],
            [
              79.136396,
              18.509999
            ]
          ]
        ]
      }
    },
    {
      "type": "Feature",
      "properties": {
        "data_source": "SYNTHETIC - not an official record",
        "state": "Telangana",
        "district": "Nalgonda",
        "mandal": "Devarakonda",
        "village": "Chandampet",
        "survey_number": "280",
        "pattadar_account_no": "0008",
        "landholder_name": "Anjaiah Rao (synthetic)",
        "land_type": "Dry (Metta)",
        "soil_type": "Red Loamy",
        "crop": "Chilli",
        "area_acres_guntas": "0A 38G",
        "area_acres_decimal": 0.95
      },
      "geometry": {
        "type": "Polygon",
        "coordinates": [
          [
            [
              79.126298,
              17.280825
            ],
            [
              79.126841,
              17.280825
            ],
            [
              79.126841,
              17.281342
            ],
            [
              79.126298,
              17.281342
            ],
            [
              79.126298,
              17.280825
            ]
          ]
        ]
      }
    },
    {
      "type": "Feature",
      "properties": {
        "data_source": "SYNTHETIC - not an official record",
        "state": "Telangana",
        "district": "Nalgonda",
        "mandal": "Miryalaguda",
        "village": "Damaracherla",
        "survey_number": "144/7",
        "pattadar_account_no": "0004",
        "landholder_name": "Balaraju Naik (synthetic)",
        "land_type": "Dry (Metta)",
        "soil_type": "Black Regada",
        "crop": "Paddy",
        "area_acres_guntas": "1A 3G",
        "area_acres_decimal": 1.07
      },
      "geometry": {
        "type": "Polygon",
        "coordinates": [
          [
            [
              79.293355,
              17.189798
            ],
            [
              79.294021,
              17.189798
            ],
            [
              79.294021,
              17.190413
            ],
            [
              79.293355,
              17.190413
            ],
            [
              79.293355,
              17.189798
            ]
          ]
        ]
      }
    },
    {
      "type": "Feature",
      "properties": {
        "data_source": "SYNTHETIC - not an official record",
        "state": "Telangana",
        "district": "Khammam",
        "mandal": "Kothagudem",
        "village": "Palvancha",
        "survey_number": "288/6B",
        "pattadar_account_no": "0008",
        "landholder_name": "Anjaiah Rao (synthetic)",
        "land_type": "Wet (Nala/Baavi)",
        "soil_type": "Sandy Loam",
        "crop": "Maize",
        "area_acres_guntas": "3A 18G",
        "area_acres_decimal": 3.45
      },
      "geometry": {
        "type": "Polygon",
        "coordinates": [
          [
            [
              80.301798,
              17.379792
            ],
            [
              80.303005,
              17.379792
            ],
            [
              80.303005,
              17.380736
            ],
            [
              80.301798,
              17.380736
            ],
            [
              80.301798,
              17.379792
            ]
          ]
        ]
      }
    },
    {
      "type": "Feature",
      "properties": {
        "data_source": "SYNTHETIC - not an official record",
        "state": "Telangana",
        "district": "Nalgonda",
        "mandal": "Nalgonda",
        "village": "Chandupatla",
        "survey_number": "279/9A",
        "pattadar_account_no": "0005",
        "landholder_name": "Bhagyamma Yadav (synthetic)",
        "land_type": "Garden (Thota)",
        "soil_type": "Black Regada",
        "crop": "Turmeric",
        "area_acres_guntas": "0A 19G",
        "area_acres_decimal": 0.47
      },
      "geometry": {
        "type": "Polygon",
        "coordinates": [
          [
            [
              79.130321,
              16.996964
            ],
            [
              79.130717,
              16.996964
            ],
            [
              79.130717,
              16.997407
            ],
            [
              79.130321,
              16.997407
            ],
            [
              79.130321,
              16.996964
            ]
          ]
        ]
      }
    },
    {
      "type": "Feature",
      "properties": {
        "data_source": "SYNTHETIC - not an official record",
        "state": "Telangana",
        "district": "Mahabubnagar",
        "mandal": "Mahabubnagar",
        "village": "Mahabubnagar Rural",
        "survey_number": "19/4B",
        "pattadar_account_no": "0010",
        "landholder_name": "Bhagyamma Rao (synthetic)",
        "land_type": "Garden (Thota)",
        "soil_type": "Red Chalka",
        "crop": "Cotton",
        "area_acres_guntas": "0A 14G",
        "area_acres_decimal": 0.35
      },
      "geometry": {
        "type": "Polygon",
        "coordinates": [
          [
            [
              78.192892,
              16.618263
            ],
            [
              78.193282,
              16.618263
            ],
            [
              78.193282,
              16.618642
            ],
            [
              78.192892,
              16.618642
            ],
            [
              78.192892,
              16.618263
            ]
          ]
        ]
      }
    },
    {
      "type": "Feature",
      "properties": {
        "data_source": "SYNTHETIC - not an official record",
        "state": "Telangana",
        "district": "Adilabad",
        "mandal": "Adilabad",
        "village": "Adilabad Rural",
        "survey_number": "161/8B",
        "pattadar_account_no": "0006",
        "landholder_name": "Anjaiah Reddy (synthetic)",
        "land_type": "Wet (Nala/Baavi)",
        "soil_type": "Black Regada",
        "crop": "Mango Orchard",
        "area_acres_guntas": "3A 0G",
        "area_acres_decimal": 3.0
      },
      "geometry": {
        "type": "Polygon",
        "coordinates": [
          [
            [
              78.728433,
              19.677267
            ],
            [
              78.729593,
              19.677267
            ],
            [
              78.729593,
              19.678335
            ],
            [
              78.728433,
              19.678335
            ],
            [
              78.728433,
              19.677267
            ]
          ]
        ]
      }
    },
    {
      "type": "Feature",
      "properties": {
        "data_source": "SYNTHETIC - not an official record",
        "state": "Telangana",
        "district": "Adilabad",
        "mandal": "Adilabad",
        "village": "Jainad",
        "survey_number": "100/1B",
        "pattadar_account_no": "0007",
        "landholder_name": "Ramulu Yadav (synthetic)",
        "land_type": "Garden (Thota)",
        "soil_type": "Red Loamy",
        "crop": "Red Gram (Kandi)",
        "area_acres_guntas": "3A 5G",
        "area_acres_decimal": 3.12
      },
      "geometry": {
        "type": "Polygon",
        "coordinates": [
          [
            [
              78.659357,
              19.663462
            ],
            [
              78.660351,
              19.663462
            ],
            [
              78.660351,
              19.664532
            ],
            [
              78.659357,
              19.664532
            ],
            [
              78.659357,
              19.663462
            ]
          ]
        ]
      }
    },
    {
      "type": "Feature",
      "properties": {
        "data_source": "SYNTHETIC - not an official record",
        "state": "Telangana",
        "district": "Warangal",
        "mandal": "Warangal",
        "village": "Kazipet",
        "survey_number": "200",
        "pattadar_account_no": "0005",
        "landholder_name": "Ravi Naidu (synthetic)",
        "land_type": "Garden (Thota)",
        "soil_type": "Red Loamy",
        "crop": "Soybean",
        "area_acres_guntas": "1A 21G",
        "area_acres_decimal": 1.52
      },
      "geometry": {
        "type": "Polygon",
        "coordinates": [
          [
            [
              79.474809,
              18.111167
            ],
            [
              79.475442,
              18.111167
            ],
            [
              79.475442,
              18.111868
            ],
            [
              79.474809,
              18.111868
            ],
            [
              79.474809,
              18.111167
            ]
          ]
        ]
      }
    },
    {
      "type": "Feature",
      "properties": {
        "data_source": "SYNTHETIC - not an official record",
        "state": "Telangana",
        "district": "Rangareddy",
        "mandal": "Shamshabad",
        "village": "Shamshabad",
        "survey_number": "307/1A",
        "pattadar_account_no": "0007",
        "landholder_name": "Yellaiah Reddy (synthetic)",
        "land_type": "Wet (Nala/Baavi)",
        "soil_type": "Red Chalka",
        "crop": "Sugarcane",
        "area_acres_guntas": "2A 4G",
        "area_acres_decimal": 2.1
      },
      "geometry": {
        "type": "Polygon",
        "coordinates": [
          [
            [
              78.381563,
              17.252103
            ],
            [
              78.38254,
              17.252103
            ],
            [
              78.38254,
              17.25282
            ],
            [
              78.381563,
              17.25282
            ],
            [
              78.381563,
              17.252103
            ]
          ]
        ]
      }
    },
    {
      "type": "Feature",
      "properties": {
        "data_source": "SYNTHETIC - not an official record",
        "state": "Telangana",
        "district": "Nizamabad",
        "mandal": "Nizamabad",
        "village": "Nizamabad Rural",
        "survey_number": "191/9B",
        "pattadar_account_no": "0007",
        "landholder_name": "Balaraju Chary (synthetic)",
        "land_type": "Dry (Metta)",
        "soil_type": "Red Loamy",
        "crop": "Fallow",
        "area_acres_guntas": "3A 9G",
        "area_acres_decimal": 3.23
      },
      "geometry": {
        "type": "Polygon",
        "coordinates": [
          [
            [
              78.20773,
              18.823155
            ],
            [
              78.208813,
              18.823155
            ],
            [
              78.208813,
              18.824258
            ],
            [
              78.20773,
              18.824258
            ],
            [
              78.20773,
              18.823155
            ]
          ]
        ]
      }
    },
    {
      "type": "Feature",
      "properties": {
        "data_source": "SYNTHETIC - not an official record",
        "state": "Telangana",
        "district": "Nalgonda",
        "mandal": "Nalgonda",
        "village": "Nalgonda",
        "survey_number": "313",
        "pattadar_account_no": "0003",
        "landholder_name": "Chandraiah Yadav (synthetic)",
        "land_type": "Garden (Thota)",
        "soil_type": "Red Chalka",
        "crop": "Red Gram (Kandi)",
        "area_acres_guntas": "2A 10G",
        "area_acres_decimal": 2.25
      },
      "geometry": {
        "type": "Polygon",
        "coordinates": [
          [
            [
              78.930168,
              17.204155
            ],
            [
              78.93096,
              17.204155
            ],
            [
              78.93096,
              17.205084
            ],
            [
              78.930168,
              17.205084
            ],
            [
              78.930168,
              17.204155
            ]
          ]
        ]
      }
    },
    {
      "type": "Feature",
      "properties": {
        "data_source": "SYNTHETIC - not an official record",
        "state": "Telangana",
        "district": "Adilabad",
        "mandal": "Adilabad",
        "village": "Bela",
        "survey_number": "263/3",
        "pattadar_account_no": "0006",
        "landholder_name": "Venkateshwarlu Yadav (synthetic)",
        "land_type": "Garden (Thota)",
        "soil_type": "Red Loamy",
        "crop": "Paddy",
        "area_acres_guntas": "3A 11G",
        "area_acres_decimal": 3.27
      },
      "geometry": {
        "type": "Polygon",
        "coordinates": [
          [
            [
              78.528399,
              19.844676
            ],
            [
              78.529354,
              19.844676
            ],
            [
              78.529354,
              19.845592
            ],
            [
              78.528399,
              19.845592
            ],
            [
              78.528399,
              19.844676
            ]
          ]
        ]
      }
    },
    {
      "type": "Feature",
      "properties": {
        "data_source": "SYNTHETIC - not an official record",
        "state": "Telangana",
        "district": "Rangareddy",
        "mandal": "Shamshabad",
        "village": "Kothur",
        "survey_number": "289/1",
        "pattadar_account_no": "0005",
        "landholder_name": "Padma Goud (synthetic)",
        "land_type": "Dry (Metta)",
        "soil_type": "Red Chalka",
        "crop": "Paddy",
        "area_acres_guntas": "1A 8G",
        "area_acres_decimal": 1.2
      },
      "geometry": {
        "type": "Polygon",
        "coordinates": [
          [
            [
              78.136853,
              16.977534
            ],
            [
              78.137543,
              16.977534
            ],
            [
              78.137543,
              16.978083
            ],
            [
              78.136853,
              16.978083
            ],
            [
              78.136853,
              16.977534
            ]
          ]
        ]
      }
    },
    {
      "type": "Feature",
      "properties": {
        "data_source": "SYNTHETIC - not an official record",
        "state": "Telangana",
        "district": "Rangareddy",
        "mandal": "Shamshabad",
        "village": "Chandanagar Kalan",
        "survey_number": "242",
        "pattadar_account_no": "0008",
        "landholder_name": "Lakshmamma Rao (synthetic)",
        "land_type": "Garden (Thota)",
        "soil_type": "Black Regada",
        "crop": "Cotton",
        "area_acres_guntas": "0A 17G",
        "area_acres_decimal": 0.42
      },
      "geometry": {
        "type": "Polygon",
        "coordinates": [
          [
            [
              78.277062,
              17.2709
            ],
            [
              78.277397,
              17.2709
            ],
            [
              78.277397,
              17.271217
            ],
            [
              78.277062,
              17.271217
            ],
            [
              78.277062,
              17.2709
            ]
          ]
        ]
      }
    },
    {
      "type": "Feature",
      "properties": {
        "data_source": "SYNTHETIC - not an official record",
        "state": "Telangana",
        "district": "Medchal-Malkajgiri",
        "mandal": "Keesara",
        "village": "Keesara",
        "survey_number": "322/9",
        "pattadar_account_no": "0008",
        "landholder_name": "Srinivas Goud (synthetic)",
        "land_type": "Wet (Nala/Baavi)",
        "soil_type": "Red Chalka",
        "crop": "Paddy",
        "area_acres_guntas": "0A 30G",
        "area_acres_decimal": 0.75
      },
      "geometry": {
        "type": "Polygon",
        "coordinates": [
          [
            [
              78.778085,
              17.519229
            ],
            [
              78.778568,
              17.519229
            ],
            [
              78.778568,
              17.519651
            ],
            [
              78.778085,
              17.519651
            ],
            [
              78.778085,
              17.519229
            ]
          ]
        ]
      }
    },
    {
      "type": "Feature",
      "properties": {
        "data_source": "SYNTHETIC - not an official record",
        "state": "Telangana",
        "district": "Adilabad",
        "mandal": "Nirmal",
        "village": "Laxmanchanda",
        "survey_number": "1/9B",
        "pattadar_account_no": "0006",
        "landholder_name": "Lakshmamma Yadav (synthetic)",
        "land_type": "Wet (Nala/Baavi)",
        "soil_type": "Black Regada",
        "crop": "Groundnut",
        "area_acres_guntas": "0A 2G",
        "area_acres_decimal": 0.05
      },
      "geometry": {
        "type": "Polygon",
        "coordinates": [
          [
            [
              78.446662,
              19.726108
            ],
            [
              78.446826,
              19.726108
            ],
            [
              78.446826,
              19.726304
            ],
            [
              78.446662,
              19.726304
            ],
            [
              78.446662,
              19.726108
            ]
          ]
        ]
      }
    },
    {
      "type": "Feature",
      "properties": {
        "data_source": "SYNTHETIC - not an official record",
        "state": "Telangana",
        "district": "Nalgonda",
        "mandal": "Devarakonda",
        "village": "Nampalle",
        "survey_number": "134/7A",
        "pattadar_account_no": "0003",
        "landholder_name": "Yellaiah (synthetic)",
        "land_type": "Garden (Thota)",
        "soil_type": "Red Loamy",
        "crop": "Groundnut",
        "area_acres_guntas": "0A 11G",
        "area_acres_decimal": 0.28
      },
      "geometry": {
        "type": "Polygon",
        "coordinates": [
          [
            [
              79.221595,
              16.820428
            ],
            [
              79.221893,
              16.820428
            ],
            [
              79.221893,
              16.820699
            ],
            [
              79.221595,
              16.820699
            ],
            [
              79.221595,
              16.820428
            ]
          ]
        ]
      }
    },
    {
      "type": "Feature",
      "properties": {
        "data_source": "SYNTHETIC - not an official record",
        "state": "Telangana",
        "district": "Rangareddy",
        "mandal": "Chevella",
        "village": "Shabad",
        "survey_number": "147",
        "pattadar_account_no": "0008",
        "landholder_name": "Anjaiah Yadav (synthetic)",
        "land_type": "Garden (Thota)",
        "soil_type": "Black Regada",
        "crop": "Mango Orchard",
        "area_acres_guntas": "1A 30G",
        "area_acres_decimal": 1.75
      },
      "geometry": {
        "type": "Polygon",
        "coordinates": [
          [
            [
              78.183731,
              17.21138
            ],
            [
              78.18463,
              17.21138
            ],
            [
              78.18463,
              17.212086
            ],
            [
              78.183731,
              17.212086
            ],
            [
              78.183731,
              17.21138
            ]
          ]
        ]
      }
    },
    {
      "type": "Feature",
      "properties": {
        "data_source": "SYNTHETIC - not an official record",
        "state": "Telangana",
        "district": "Warangal",
        "mandal": "Narsampet",
        "village": "Narsampet",
        "survey_number": "242/8",
        "pattadar_account_no": "0005",
        "landholder_name": "Krishnamurthy Chary (synthetic)",
        "land_type": "Garden (Thota)",
        "soil_type": "Black Regada",
        "crop": "Turmeric",
        "area_acres_guntas": "3A 21G",
        "area_acres_decimal": 3.52
      },
      "geometry": {
        "type": "Polygon",
        "coordinates": [
          [
            [
              79.660136,
              18.062694
            ],
            [
              79.661308,
              18.062694
            ],
            [
              79.661308,
              18.063686
            ],
            [
              79.660136,
              18.063686
            ],
            [
              79.660136,
              18.062694
            ]
          ]
        ]
      }
    },
    {
      "type": "Feature",
      "properties": {
        "data_source": "SYNTHETIC - not an official record",
        "state": "Telangana",
        "district": "Khammam",
        "mandal": "Kothagudem",
        "village": "Palvancha",
        "survey_number": "172/8",
        "pattadar_account_no": "0009",
        "landholder_name": "Padma Rao (synthetic)",
        "land_type": "Garden (Thota)",
        "soil_type": "Red Loamy",
        "crop": "Mango Orchard",
        "area_acres_guntas": "1A 24G",
        "area_acres_decimal": 1.6
      },
      "geometry": {
        "type": "Polygon",
        "coordinates": [
          [
            [
              80.282255,
              17.056508
            ],
            [
              80.283056,
              17.056508
            ],
            [
              80.283056,
              17.057211
            ],
            [
              80.282255,
              17.057211
            ],
            [
              80.282255,
              17.056508
            ]
          ]
        ]
      }
    },
    {
      "type": "Feature",
      "properties": {
        "data_source": "SYNTHETIC - not an official record",
        "state": "Telangana",
        "district": "Khammam",
        "mandal": "Kothagudem",
        "village": "Palvancha",
        "survey_number": "153",
        "pattadar_account_no": "0010",
        "landholder_name": "Ramulu Chary (synthetic)",
        "land_type": "Garden (Thota)",
        "soil_type": "Red Loamy",
        "crop": "Sugarcane",
        "area_acres_guntas": "2A 20G",
        "area_acres_decimal": 2.5
      },
      "geometry": {
        "type": "Polygon",
        "coordinates": [
          [
            [
              80.193005,
              17.042296
            ],
            [
              80.193903,
              17.042296
            ],
            [
              80.193903,
              17.043226
            ],
            [
              80.193005,
              17.043226
            ],
            [
              80.193005,
              17.042296
            ]
          ]
        ]
      }
    },
    {
      "type": "Feature",
      "properties": {
        "data_source": "SYNTHETIC - not an official record",
        "state": "Telangana",
        "district": "Nalgonda",
        "mandal": "Miryalaguda",
        "village": "Damaracherla",
        "survey_number": "260",
        "pattadar_account_no": "0005",
        "landholder_name": "Anjaiah Yadav (synthetic)",
        "land_type": "Wet (Nala/Baavi)",
        "soil_type": "Black Regada",
        "crop": "Cotton",
        "area_acres_guntas": "3A 19G",
        "area_acres_decimal": 3.48
      },
      "geometry": {
        "type": "Polygon",
        "coordinates": [
          [
            [
              78.918974,
              16.921475
            ],
            [
              78.920142,
              16.921475
            ],
            [
              78.920142,
              16.922431
            ],
            [
              78.918974,
              16.922431
            ],
            [
              78.918974,
              16.921475
            ]
          ]
        ]
      }
    },
    {
      "type": "Feature",
      "properties": {
        "data_source": "SYNTHETIC - not an official record",
        "state": "Telangana",
        "district": "Khammam",
        "mandal": "Khammam",
        "village": "Khammam Rural",
        "survey_number": "121/4A",
        "pattadar_account_no": "0007",
        "landholder_name": "Sammaiah Naik (synthetic)",
        "land_type": "Garden (Thota)",
        "soil_type": "Black Regada",
        "crop": "Fallow",
        "area_acres_guntas": "0A 15G",
        "area_acres_decimal": 0.38
      },
      "geometry": {
        "type": "Polygon",
        "coordinates": [
          [
            [
              80.197753,
              17.031762
            ],
            [
              80.19813,
              17.031762
            ],
            [
              80.19813,
              17.032123
            ],
            [
              80.197753,
              17.032123
            ],
            [
              80.197753,
              17.031762
            ]
          ]
        ]
      }
    },
    {
      "type": "Feature",
      "properties": {
        "data_source": "SYNTHETIC - not an official record",
        "state": "Telangana",
        "district": "Nalgonda",
        "mandal": "Nalgonda",
        "village": "Panagal",
        "survey_number": "321/3",
        "pattadar_account_no": "0004",
        "landholder_name": "Srinivas Naidu (synthetic)",
        "land_type": "Dry (Metta)",
        "soil_type": "Red Loamy",
        "crop": "Fallow",
        "area_acres_guntas": "1A 0G",
        "area_acres_decimal": 1.0
      },
      "geometry": {
        "type": "Polygon",
        "coordinates": [
          [
            [
              79.220547,
              17.062898
            ],
            [
              79.22109,
              17.062898
            ],
            [
              79.22109,
              17.0635
            ],
            [
              79.220547,
              17.0635
            ],
            [
              79.220547,
              17.062898
            ]
          ]
        ]
      }
    },
    {
      "type": "Feature",
      "properties": {
        "data_source": "SYNTHETIC - not an official record",
        "state": "Telangana",
        "district": "Adilabad",
        "mandal": "Nirmal",
        "village": "Bhainsa",
        "survey_number": "31",
        "pattadar_account_no": "0008",
        "landholder_name": "Chandraiah Chary (synthetic)",
        "land_type": "Dry (Metta)",
        "soil_type": "Black Regada",
        "crop": "Cotton",
        "area_acres_guntas": "2A 35G",
        "area_acres_decimal": 2.88
      },
      "geometry": {
        "type": "Polygon",
        "coordinates": [
          [
            [
              78.773889,
              19.84182
            ],
            [
              78.774845,
              19.84182
            ],
            [
              78.774845,
              19.842774
            ],
            [
              78.773889,
              19.842774
            ],
            [
              78.773889,
              19.84182
            ]
          ]
        ]
      }
    },
    {
      "type": "Feature",
      "properties": {
        "data_source": "SYNTHETIC - not an official record",
        "state": "Telangana",
        "district": "Nizamabad",
        "mandal": "Armoor",
        "village": "Balkonda",
        "survey_number": "253/3",
        "pattadar_account_no": "0004",
        "landholder_name": "Ravi (synthetic)",
        "land_type": "Wet (Nala/Baavi)",
        "soil_type": "Red Chalka",
        "crop": "Maize",
        "area_acres_guntas": "3A 4G",
        "area_acres_decimal": 3.1
      },
      "geometry": {
        "type": "Polygon",
        "coordinates": [
          [
            [
              77.987807,
              18.728429
            ],
            [
              77.988946,
              18.728429
            ],
            [
              77.988946,
              18.729441
            ],
            [
              77.987807,
              18.729441
            ],
            [
              77.987807,
              18.728429
            ]
          ]
        ]
      }
    },
    {
      "type": "Feature",
      "properties": {
        "data_source": "SYNTHETIC - not an official record",
        "state": "Telangana",
        "district": "Suryapet",
        "mandal": "Suryapet",
        "village": "Chilkur",
        "survey_number": "264/2",
        "pattadar_account_no": "0007",
        "landholder_name": "Krishnamurthy (synthetic)",
        "land_type": "Wet (Nala/Baavi)",
        "soil_type": "Sandy Loam",
        "crop": "Mango Orchard",
        "area_acres_guntas": "3A 37G",
        "area_acres_decimal": 3.92
      },
      "geometry": {
        "type": "Polygon",
        "coordinates": [
          [
            [
              79.834551,
              16.970295
            ],
            [
              79.835746,
              16.970295
            ],
            [
              79.835746,
              16.971578
            ],
            [
              79.834551,
              16.971578
            ],
            [
              79.834551,
              16.970295
            ]
          ]
        ]
      }
    },
    {
      "type": "Feature",
      "properties": {
        "data_source": "SYNTHETIC - not an official record",
        "state": "Telangana",
        "district": "Mahabubnagar",
        "mandal": "Mahabubnagar",
        "village": "Bhoothpur",
        "survey_number": "87/2",
        "pattadar_account_no": "0003",
        "landholder_name": "Srinivas Naidu (synthetic)",
        "land_type": "Dry (Metta)",
        "soil_type": "Sandy Loam",
        "crop": "Fallow",
        "area_acres_guntas": "1A 19G",
        "area_acres_decimal": 1.48
      },
      "geometry": {
        "type": "Polygon",
        "coordinates": [
          [
            [
              77.953907,
              16.933152
            ],
            [
              77.954695,
              16.933152
            ],
            [
              77.954695,
              16.933808
            ],
            [
              77.953907,
              16.933808
            ],
            [
              77.953907,
              16.933152
            ]
          ]
        ]
      }
    },
    {
      "type": "Feature",
      "properties": {
        "data_source": "SYNTHETIC - not an official record",
        "state": "Telangana",
        "district": "Mahabubnagar",
        "mandal": "Wanaparthy",
        "village": "Wanaparthy",
        "survey_number": "133/8",
        "pattadar_account_no": "0009",
        "landholder_name": "Padma Yadav (synthetic)",
        "land_type": "Dry (Metta)",
        "soil_type": "Red Chalka",
        "crop": "Chilli",
        "area_acres_guntas": "3A 17G",
        "area_acres_decimal": 3.42
      },
      "geometry": {
        "type": "Polygon",
        "coordinates": [
          [
            [
              78.10768,
              16.815973
            ],
            [
              78.108763,
              16.815973
            ],
            [
              78.108763,
              16.817169
            ],
            [
              78.10768,
              16.817169
            ],
            [
              78.10768,
              16.815973
            ]
          ]
        ]
      }
    },
    {
      "type": "Feature",
      "properties": {
        "data_source": "SYNTHETIC - not an official record",
        "state": "Telangana",
        "district": "Warangal",
        "mandal": "Narsampet",
        "village": "Chennaraopet",
        "survey_number": "206/9A",
        "pattadar_account_no": "0011",
        "landholder_name": "Venkateshwarlu Chary (synthetic)",
        "land_type": "Wet (Nala/Baavi)",
        "soil_type": "Sandy Loam",
        "crop": "Paddy",
        "area_acres_guntas": "3A 3G",
        "area_acres_decimal": 3.08
      },
      "geometry": {
        "type": "Polygon",
        "coordinates": [
          [
            [
              79.437876,
              18.125994
            ],
            [
              79.438976,
              18.125994
            ],
            [
              79.438976,
              18.127035
            ],
            [
              79.437876,
              18.127035
            ],
            [
              79.437876,
              18.125994
            ]
          ]
        ]
      }
    },
    {
      "type": "Feature",
      "properties": {
        "data_source": "SYNTHETIC - not an official record",
        "state": "Telangana",
        "district": "Khammam",
        "mandal": "Kothagudem",
        "village": "Yellandu",
        "survey_number": "85",
        "pattadar_account_no": "0006",
        "landholder_name": "Venkateshwarlu Reddy (synthetic)",
        "land_type": "Garden (Thota)",
        "soil_type": "Black Regada",
        "crop": "Cotton",
        "area_acres_guntas": "3A 34G",
        "area_acres_decimal": 3.85
      },
      "geometry": {
        "type": "Polygon",
        "coordinates": [
          [
            [
              79.98662,
              17.247927
            ],
            [
              79.987882,
              17.247927
            ],
            [
              79.987882,
              17.248903
            ],
            [
              79.98662,
              17.248903
            ],
            [
              79.98662,
              17.247927
            ]
          ]
        ]
      }
    },
    {
      "type": "Feature",
      "properties": {
        "data_source": "SYNTHETIC - not an official record",
        "state": "Telangana",
        "district": "Mahabubnagar",
        "mandal": "Mahabubnagar",
        "village": "Bhoothpur",
        "survey_number": "265/2B",
        "pattadar_account_no": "0004",
        "landholder_name": "Balaraju Yadav (synthetic)",
        "land_type": "Garden (Thota)",
        "soil_type": "Red Chalka",
        "crop": "Maize",
        "area_acres_guntas": "0A 10G",
        "area_acres_decimal": 0.25
      },
      "geometry": {
        "type": "Polygon",
        "coordinates": [
          [
            [
              78.084708,
              16.680437
            ],
            [
              78.085034,
              16.680437
            ],
            [
              78.085034,
              16.68069
            ],
            [
              78.084708,
              16.68069
            ],
            [
              78.084708,
              16.680437
            ]
          ]
        ]
      }
    },
    {
      "type": "Feature",
      "properties": {
        "data_source": "SYNTHETIC - not an official record",
        "state": "Telangana",
        "district": "Adilabad",
        "mandal": "Nirmal",
        "village": "Nirmal",
        "survey_number": "85",
        "pattadar_account_no": "0002",
        "landholder_name": "Anjaiah Reddy (synthetic)",
        "land_type": "Dry (Metta)",
        "soil_type": "Sandy Loam",
        "crop": "Red Gram (Kandi)",
        "area_acres_guntas": "0A 9G",
        "area_acres_decimal": 0.23
      },
      "geometry": {
        "type": "Polygon",
        "coordinates": [
          [
            [
              78.462734,
              19.520814
            ],
            [
              78.463062,
              19.520814
            ],
            [
              78.463062,
              19.521086
            ],
            [
              78.462734,
              19.521086
            ],
            [
              78.462734,
              19.520814
            ]
          ]
        ]
      }
    },
    {
      "type": "Feature",
      "properties": {
        "data_source": "SYNTHETIC - not an official record",
        "state": "Telangana",
        "district": "Khammam",
        "mandal": "Khammam",
        "village": "Khammam Rural",
        "survey_number": "297/5A",
        "pattadar_account_no": "0008",
        "landholder_name": "Krishnamurthy Reddy (synthetic)",
        "land_type": "Wet (Nala/Baavi)",
        "soil_type": "Black Regada",
        "crop": "Chilli",
        "area_acres_guntas": "3A 29G",
        "area_acres_decimal": 3.73
      },
      "geometry": {
        "type": "Polygon",
        "coordinates": [
          [
            [
              80.322817,
              17.394329
            ],
            [
              80.324005,
              17.394329
            ],
            [
              80.324005,
              17.395285
            ],
            [
              80.322817,
              17.395285
            ],
            [
              80.322817,
              17.394329
            ]
          ]
        ]
      }
    },
    {
      "type": "Feature",
      "properties": {
        "data_source": "SYNTHETIC - not an official record",
        "state": "Telangana",
        "district": "Karimnagar",
        "mandal": "Karimnagar",
        "village": "Choppadandi",
        "survey_number": "243",
        "pattadar_account_no": "0007",
        "landholder_name": "Chandraiah Naik (synthetic)",
        "land_type": "Wet (Nala/Baavi)",
        "soil_type": "Black Regada",
        "crop": "Groundnut",
        "area_acres_guntas": "2A 26G",
        "area_acres_decimal": 2.65
      },
      "geometry": {
        "type": "Polygon",
        "coordinates": [
          [
            [
              78.978386,
              18.674029
            ],
            [
              78.979514,
              18.674029
            ],
            [
              78.979514,
              18.674997
            ],
            [
              78.978386,
              18.674997
            ],
            [
              78.978386,
              18.674029
            ]
          ]
        ]
      }
    },
    {
      "type": "Feature",
      "properties": {
        "data_source": "SYNTHETIC - not an official record",
        "state": "Telangana",
        "district": "Suryapet",
        "mandal": "Suryapet",
        "village": "Suryapet Rural",
        "survey_number": "226/6",
        "pattadar_account_no": "0004",
        "landholder_name": "Padma Goud (synthetic)",
        "land_type": "Garden (Thota)",
        "soil_type": "Sandy Loam",
        "crop": "Mango Orchard",
        "area_acres_guntas": "2A 18G",
        "area_acres_decimal": 2.45
      },
      "geometry": {
        "type": "Polygon",
        "coordinates": [
          [
            [
              79.764783,
              17.170404
            ],
            [
              79.7657,
              17.170404
            ],
            [
              79.7657,
              17.171432
            ],
            [
              79.764783,
              17.171432
            ],
            [
              79.764783,
              17.170404
            ]
          ]
        ]
      }
    },
    {
      "type": "Feature",
      "properties": {
        "data_source": "SYNTHETIC - not an official record",
        "state": "Telangana",
        "district": "Rangareddy",
        "mandal": "Chevella",
        "village": "Moinabad",
        "survey_number": "338/2",
        "pattadar_account_no": "0005",
        "landholder_name": "Srinivas Goud (synthetic)",
        "land_type": "Garden (Thota)",
        "soil_type": "Red Loamy",
        "crop": "Sugarcane",
        "area_acres_guntas": "1A 39G",
        "area_acres_decimal": 1.98
      },
      "geometry": {
        "type": "Polygon",
        "coordinates": [
          [
            [
              78.361191,
              17.15643
            ],
            [
              78.36202,
              17.15643
            ],
            [
              78.36202,
              17.157126
            ],
            [
              78.361191,
              17.157126
            ],
            [
              78.361191,
              17.15643
            ]
          ]
        ]
      }
    },
    {
      "type": "Feature",
      "properties": {
        "data_source": "SYNTHETIC - not an official record",
        "state": "Telangana",
        "district": "Nalgonda",
        "mandal": "Devarakonda",
        "village": "Nampalle",
        "survey_number": "165/7A",
        "pattadar_account_no": "0004",
        "landholder_name": "Chandraiah Naidu (synthetic)",
        "land_type": "Dry (Metta)",
        "soil_type": "Red Loamy",
        "crop": "Fallow",
        "area_acres_guntas": "0A 37G",
        "area_acres_decimal": 0.93
      },
      "geometry": {
        "type": "Polygon",
        "coordinates": [
          [
            [
              78.978292,
              17.290305
            ],
            [
              78.97885,
              17.290305
            ],
            [
              78.97885,
              17.29092
            ],
            [
              78.978292,
              17.29092
            ],
            [
              78.978292,
              17.290305
            ]
          ]
        ]
      }
    },
    {
      "type": "Feature",
      "properties": {
        "data_source": "SYNTHETIC - not an official record",
        "state": "Telangana",
        "district": "Adilabad",
        "mandal": "Nirmal",
        "village": "Laxmanchanda",
        "survey_number": "122",
        "pattadar_account_no": "0007",
        "landholder_name": "Chandraiah Goud (synthetic)",
        "land_type": "Dry (Metta)",
        "soil_type": "Black Regada",
        "crop": "Soybean",
        "area_acres_guntas": "3A 33G",
        "area_acres_decimal": 3.83
      },
      "geometry": {
        "type": "Polygon",
        "coordinates": [
          [
            [
              78.756443,
              19.571958
            ],
            [
              78.757564,
              19.571958
            ],
            [
              78.757564,
              19.573028
            ],
            [
              78.756443,
              19.573028
            ],
            [
              78.756443,
              19.571958
            ]
          ]
        ]
      }
    },
    {
      "type": "Feature",
      "properties": {
        "data_source": "SYNTHETIC - not an official record",
        "state": "Telangana",
        "district": "Suryapet",
        "mandal": "Suryapet",
        "village": "Thirumalagiri",
        "survey_number": "290/3B",
        "pattadar_account_no": "0007",
        "landholder_name": "Srinivas Chary (synthetic)",
        "land_type": "Wet (Nala/Baavi)",
        "soil_type": "Red Chalka",
        "crop": "Groundnut",
        "area_acres_guntas": "0A 11G",
        "area_acres_decimal": 0.28
      },
      "geometry": {
        "type": "Polygon",
        "coordinates": [
          [
            [
              79.719403,
              17.283824
            ],
            [
              79.719742,
              17.283824
            ],
            [
              79.719742,
              17.284098
            ],
            [
              79.719403,
              17.284098
            ],
            [
              79.719403,
              17.283824
            ]
          ]
        ]
      }
    },
    {
      "type": "Feature",
      "properties": {
        "data_source": "SYNTHETIC - not an official record",
        "state": "Telangana",
        "district": "Nizamabad",
        "mandal": "Nizamabad",
        "village": "Varni",
        "survey_number": "288/9A",
        "pattadar_account_no": "0005",
        "landholder_name": "Srinivas Reddy (synthetic)",
        "land_type": "Wet (Nala/Baavi)",
        "soil_type": "Red Loamy",
        "crop": "Chilli",
        "area_acres_guntas": "3A 34G",
        "area_acres_decimal": 3.85
      },
      "geometry": {
        "type": "Polygon",
        "coordinates": [
          [
            [
              78.140416,
              18.447887
            ],
            [
              78.14167,
              18.447887
            ],
            [
              78.14167,
              18.448866
            ],
            [
              78.140416,
              18.448866
            ],
            [
              78.140416,
              18.447887
            ]
          ]
        ]
      }
    },
    {
      "type": "Feature",
      "properties": {
        "data_source": "SYNTHETIC - not an official record",
        "state": "Telangana",
        "district": "Nalgonda",
        "mandal": "Devarakonda",
        "village": "Chandampet",
        "survey_number": "207/2",
        "pattadar_account_no": "0009",
        "landholder_name": "Yellaiah Yadav (synthetic)",
        "land_type": "Garden (Thota)",
        "soil_type": "Black Regada",
        "crop": "Chilli",
        "area_acres_guntas": "0A 24G",
        "area_acres_decimal": 0.6
      },
      "geometry": {
        "type": "Polygon",
        "coordinates": [
          [
            [
              79.087466,
              16.967181
            ],
            [
              79.087959,
              16.967181
            ],
            [
              79.087959,
              16.967651
            ],
            [
              79.087466,
              16.967651
            ],
            [
              79.087466,
              16.967181
            ]
          ]
        ]
      }
    },
    {
      "type": "Feature",
      "properties": {
        "data_source": "SYNTHETIC - not an official record",
        "state": "Telangana",
        "district": "Karimnagar",
        "mandal": "Karimnagar",
        "village": "Karimnagar Rural",
        "survey_number": "203",
        "pattadar_account_no": "0004",
        "landholder_name": "Chandraiah Chary (synthetic)",
        "land_type": "Garden (Thota)",
        "soil_type": "Red Chalka",
        "crop": "Soybean",
        "area_acres_guntas": "1A 7G",
        "area_acres_decimal": 1.18
      },
      "geometry": {
        "type": "Polygon",
        "coordinates": [
          [
            [
              78.987213,
              18.440597
            ],
            [
              78.987873,
              18.440597
            ],
            [
              78.987873,
              18.441306
            ],
            [
              78.987213,
              18.441306
            ],
            [
              78.987213,
              18.440597
            ]
          ]
        ]
      }
    },
    {
      "type": "Feature",
      "properties": {
        "data_source": "SYNTHETIC - not an official record",
        "state": "Telangana",
        "district": "Rangareddy",
        "mandal": "Chevella",
        "village": "Shabad",
        "survey_number": "234",
        "pattadar_account_no": "0009",
        "landholder_name": "Narsimha Naidu (synthetic)",
        "land_type": "Dry (Metta)",
        "soil_type": "Red Loamy",
        "crop": "Fallow",
        "area_acres_guntas": "0A 8G",
        "area_acres_decimal": 0.2
      },
      "geometry": {
        "type": "Polygon",
        "coordinates": [
          [
            [
              78.524038,
              17.33531
            ],
            [
              78.5243,
              17.33531
            ],
            [
              78.5243,
              17.3356
            ],
            [
              78.524038,
              17.3356
            ],
            [
              78.524038,
              17.33531
            ]
          ]
        ]
      }
    },
    {
      "type": "Feature",
      "properties": {
        "data_source": "SYNTHETIC - not an official record",
        "state": "Telangana",
        "district": "Adilabad",
        "mandal": "Nirmal",
        "village": "Laxmanchanda",
        "survey_number": "138/6B",
        "pattadar_account_no": "0008",
        "landholder_name": "Narsimha Yadav (synthetic)",
        "land_type": "Wet (Nala/Baavi)",
        "soil_type": "Black Regada",
        "crop": "Maize",
        "area_acres_guntas": "2A 19G",
        "area_acres_decimal": 2.48
      },
      "geometry": {
        "type": "Polygon",
        "coordinates": [
          [
            [
              78.425891,
              19.482713
            ],
            [
              78.426827,
              19.482713
            ],
            [
              78.426827,
              19.483723
            ],
            [
              78.425891,
              19.483723
            ],
            [
              78.425891,
              19.482713
            ]
          ]
        ]
      }
    },
    {
      "type": "Feature",
      "properties": {
        "data_source": "SYNTHETIC - not an official record",
        "state": "Telangana",
        "district": "Rangareddy",
        "mandal": "Ibrahimpatnam",
        "village": "Ibrahimpatnam",
        "survey_number": "274/7",
        "pattadar_account_no": "0005",
        "landholder_name": "Venkateshwarlu Rao (synthetic)",
        "land_type": "Wet (Nala/Baavi)",
        "soil_type": "Sandy Loam",
        "crop": "Maize",
        "area_acres_guntas": "1A 39G",
        "area_acres_decimal": 1.98
      },
      "geometry": {
        "type": "Polygon",
        "coordinates": [
          [
            [
              78.229319,
              17.075935
            ],
            [
              78.230148,
              17.075935
            ],
            [
              78.230148,
              17.076743
            ],
            [
              78.229319,
              17.076743
            ],
            [
              78.229319,
              17.075935
            ]
          ]
        ]
      }
    },
    {
      "type": "Feature",
      "properties": {
        "data_source": "SYNTHETIC - not an official record",
        "state": "Telangana",
        "district": "Adilabad",
        "mandal": "Nirmal",
        "village": "Bhainsa",
        "survey_number": "337",
        "pattadar_account_no": "0009",
        "landholder_name": "Mallesham Rao (synthetic)",
        "land_type": "Dry (Metta)",
        "soil_type": "Black Regada",
        "crop": "Maize",
        "area_acres_guntas": "3A 15G",
        "area_acres_decimal": 3.38
      },
      "geometry": {
        "type": "Polygon",
        "coordinates": [
          [
            [
              78.508186,
              19.508706
            ],
            [
              78.509374,
              19.508706
            ],
            [
              78.509374,
              19.509824
            ],
            [
              78.508186,
              19.509824
            ],
            [
              78.508186,
              19.508706
            ]
          ]
        ]
      }
    },
    {
      "type": "Feature",
      "properties": {
        "data_source": "SYNTHETIC - not an official record",
        "state": "Telangana",
        "district": "Warangal",
        "mandal": "Narsampet",
        "village": "Chennaraopet",
        "survey_number": "317",
        "pattadar_account_no": "0012",
        "landholder_name": "Anasuya Reddy (synthetic)",
        "land_type": "Wet (Nala/Baavi)",
        "soil_type": "Black Regada",
        "crop": "Turmeric",
        "area_acres_guntas": "3A 31G",
        "area_acres_decimal": 3.77
      },
      "geometry": {
        "type": "Polygon",
        "coordinates": [
          [
            [
              79.845382,
              17.950804
            ],
            [
              79.846504,
              17.950804
            ],
            [
              79.846504,
              17.951851
            ],
            [
              79.845382,
              17.951851
            ],
            [
              79.845382,
              17.950804
            ]
          ]
        ]
      }
    },
    {
      "type": "Feature",
      "properties": {
        "data_source": "SYNTHETIC - not an official record",
        "state": "Telangana",
        "district": "Suryapet",
        "mandal": "Suryapet",
        "village": "Thirumalagiri",
        "survey_number": "39/9",
        "pattadar_account_no": "0008",
        "landholder_name": "Yellaiah Naik (synthetic)",
        "land_type": "Wet (Nala/Baavi)",
        "soil_type": "Red Loamy",
        "crop": "Maize",
        "area_acres_guntas": "3A 6G",
        "area_acres_decimal": 3.15
      },
      "geometry": {
        "type": "Polygon",
        "coordinates": [
          [
            [
              79.488123,
              17.376237
            ],
            [
              79.489283,
              17.376237
            ],
            [
              79.489283,
              17.377149
            ],
            [
              79.488123,
              17.377149
            ],
            [
              79.488123,
              17.376237
            ]
          ]
        ]
      }
    },
    {
      "type": "Feature",
      "properties": {
        "data_source": "SYNTHETIC - not an official record",
        "state": "Telangana",
        "district": "Warangal",
        "mandal": "Warangal",
        "village": "Hasanparthy",
        "survey_number": "322/6B",
        "pattadar_account_no": "0006",
        "landholder_name": "Padma Naidu (synthetic)",
        "land_type": "Wet (Nala/Baavi)",
        "soil_type": "Sandy Loam",
        "crop": "Maize",
        "area_acres_guntas": "3A 15G",
        "area_acres_decimal": 3.38
      },
      "geometry": {
        "type": "Polygon",
        "coordinates": [
          [
            [
              79.741267,
              17.787329
            ],
            [
              79.742456,
              17.787329
            ],
            [
              79.742456,
              17.788257
            ],
            [
              79.741267,
              17.788257
            ],
            [
              79.741267,
              17.787329
            ]
          ]
        ]
      }
    },
    {
      "type": "Feature",
      "properties": {
        "data_source": "SYNTHETIC - not an official record",
        "state": "Telangana",
        "district": "Rangareddy",
        "mandal": "Ibrahimpatnam",
        "village": "Pedda Amberpet",
        "survey_number": "229",
        "pattadar_account_no": "0004",
        "landholder_name": "Anasuya Naik (synthetic)",
        "land_type": "Garden (Thota)",
        "soil_type": "Sandy Loam",
        "crop": "Paddy",
        "area_acres_guntas": "2A 37G",
        "area_acres_decimal": 2.92
      },
      "geometry": {
        "type": "Polygon",
        "coordinates": [
          [
            [
              78.140004,
              17.409927
            ],
            [
              78.141006,
              17.409927
            ],
            [
              78.141006,
              17.411025
            ],
            [
              78.140004,
              17.411025
            ],
            [
              78.140004,
              17.409927
            ]
          ]
        ]
      }
    },
    {
      "type": "Feature",
      "properties": {
        "data_source": "SYNTHETIC - not an official record",
        "state": "Telangana",
        "district": "Adilabad",
        "mandal": "Nirmal",
        "village": "Laxmanchanda",
        "survey_number": "256/2B",
        "pattadar_account_no": "0009",
        "landholder_name": "Ramulu Naik (synthetic)",
        "land_type": "Dry (Metta)",
        "soil_type": "Red Chalka",
        "crop": "Cotton",
        "area_acres_guntas": "3A 27G",
        "area_acres_decimal": 3.67
      },
      "geometry": {
        "type": "Polygon",
        "coordinates": [
          [
            [
              78.627892,
              19.791353
            ],
            [
              78.629137,
              19.791353
            ],
            [
              78.629137,
              19.792512
            ],
            [
              78.627892,
              19.792512
            ],
            [
              78.627892,
              19.791353
            ]
          ]
        ]
      }
    },
    {
      "type": "Feature",
      "properties": {
        "data_source": "SYNTHETIC - not an official record",
        "state": "Telangana",
        "district": "Rangareddy",
        "mandal": "Shamshabad",
        "village": "Shamshabad",
        "survey_number": "197",
        "pattadar_account_no": "0008",
        "landholder_name": "Ramulu (synthetic)",
        "land_type": "Garden (Thota)",
        "soil_type": "Red Loamy",
        "crop": "Chilli",
        "area_acres_guntas": "1A 21G",
        "area_acres_decimal": 1.52
      },
      "geometry": {
        "type": "Polygon",
        "coordinates": [
          [
            [
              78.525595,
              17.060768
            ],
            [
              78.526393,
              17.060768
            ],
            [
              78.526393,
              17.061527
            ],
            [
              78.525595,
              17.061527
            ],
            [
              78.525595,
              17.060768
            ]
          ]
        ]
      }
    },
    {
      "type": "Feature",
      "properties": {
        "data_source": "SYNTHETIC - not an official record",
        "state": "Telangana",
        "district": "Medchal-Malkajgiri",
        "mandal": "Shamirpet",
        "village": "Gundlapochampally",
        "survey_number": "189",
        "pattadar_account_no": "0008",
        "landholder_name": "Anasuya Reddy (synthetic)",
        "land_type": "Wet (Nala/Baavi)",
        "soil_type": "Black Regada",
        "crop": "Turmeric",
        "area_acres_guntas": "0A 31G",
        "area_acres_decimal": 0.78
      },
      "geometry": {
        "type": "Polygon",
        "coordinates": [
          [
            [
              78.391995,
              17.399781
            ],
            [
              78.392578,
              17.399781
            ],
            [
              78.392578,
              17.400346
            ],
            [
              78.391995,
              17.400346
            ],
            [
              78.391995,
              17.399781
            ]
          ]
        ]
      }
    },
    {
      "type": "Feature",
      "properties": {
        "data_source": "SYNTHETIC - not an official record",
        "state": "Telangana",
        "district": "Mahabubnagar",
        "mandal": "Mahabubnagar",
        "village": "Bhoothpur",
        "survey_number": "171/7",
        "pattadar_account_no": "0005",
        "landholder_name": "Mallesham Chary (synthetic)",
        "land_type": "Garden (Thota)",
        "soil_type": "Red Chalka",
        "crop": "Sugarcane",
        "area_acres_guntas": "1A 28G",
        "area_acres_decimal": 1.7
      },
      "geometry": {
        "type": "Polygon",
        "coordinates": [
          [
            [
              77.969047,
              16.876516
            ],
            [
              77.969754,
              16.876516
            ],
            [
              77.969754,
              16.877294
            ],
            [
              77.969047,
              16.877294
            ],
            [
              77.969047,
              16.876516
            ]
          ]
        ]
      }
    },
    {
      "type": "Feature",
      "properties": {
        "data_source": "SYNTHETIC - not an official record",
        "state": "Telangana",
        "district": "Karimnagar",
        "mandal": "Huzurabad",
        "village": "Veenavanka",
        "survey_number": "165",
        "pattadar_account_no": "0005",
        "landholder_name": "Ramulu Naik (synthetic)",
        "land_type": "Garden (Thota)",
        "soil_type": "Red Chalka",
        "crop": "Fallow",
        "area_acres_guntas": "2A 30G",
        "area_acres_decimal": 2.75
      },
      "geometry": {
        "type": "Polygon",
        "coordinates": [
          [
            [
              79.064038,
              18.482921
            ],
            [
              79.065104,
              18.482921
            ],
            [
              79.065104,
              18.483881
            ],
            [
              79.064038,
              18.483881
            ],
            [
              79.064038,
              18.482921
            ]
          ]
        ]
      }
    },
    {
      "type": "Feature",
      "properties": {
        "data_source": "SYNTHETIC - not an official record",
        "state": "Telangana",
        "district": "Suryapet",
        "mandal": "Suryapet",
        "village": "Thirumalagiri",
        "survey_number": "226/1B",
        "pattadar_account_no": "0009",
        "landholder_name": "Sammaiah Rao (synthetic)",
        "land_type": "Wet (Nala/Baavi)",
        "soil_type": "Red Loamy",
        "crop": "Turmeric",
        "area_acres_guntas": "2A 13G",
        "area_acres_decimal": 2.33
      },
      "geometry": {
        "type": "Polygon",
        "coordinates": [
          [
            [
              79.81669,
              16.992202
            ],
            [
              79.817648,
              16.992202
            ],
            [
              79.817648,
              16.993202
            ],
            [
              79.81669,
              16.993202
            ],
            [
              79.81669,
              16.992202
            ]
          ]
        ]
      }
    },
    {
      "type": "Feature",
      "properties": {
        "data_source": "SYNTHETIC - not an official record",
        "state": "Telangana",
        "district": "Nizamabad",
        "mandal": "Nizamabad",
        "village": "Varni",
        "survey_number": "301",
        "pattadar_account_no": "0006",
        "landholder_name": "Srinivas Goud (synthetic)",
        "land_type": "Dry (Metta)",
        "soil_type": "Red Chalka",
        "crop": "Groundnut",
        "area_acres_guntas": "3A 32G",
        "area_acres_decimal": 3.8
      },
      "geometry": {
        "type": "Polygon",
        "coordinates": [
          [
            [
              78.00836,
              18.668566
            ],
            [
              78.009423,
              18.668566
            ],
            [
              78.009423,
              18.669641
            ],
            [
              78.00836,
              18.669641
            ],
            [
              78.00836,
              18.668566
            ]
          ]
        ]
      }
    },
    {
      "type": "Feature",
      "properties": {
        "data_source": "SYNTHETIC - not an official record",
        "state": "Telangana",
        "district": "Rangareddy",
        "mandal": "Shamshabad",
        "village": "Shamshabad",
        "survey_number": "312",
        "pattadar_account_no": "0009",
        "landholder_name": "Srinivas Naik (synthetic)",
        "land_type": "Garden (Thota)",
        "soil_type": "Red Loamy",
        "crop": "Groundnut",
        "area_acres_guntas": "3A 12G",
        "area_acres_decimal": 3.3
      },
      "geometry": {
        "type": "Polygon",
        "coordinates": [
          [
            [
              78.069144,
              17.373444
            ],
            [
              78.070184,
              17.373444
            ],
            [
              78.070184,
              17.374544
            ],
            [
              78.069144,
              17.374544
            ],
            [
              78.069144,
              17.373444
            ]
          ]
        ]
      }
    },
    {
      "type": "Feature",
      "properties": {
        "data_source": "SYNTHETIC - not an official record",
        "state": "Telangana",
        "district": "Suryapet",
        "mandal": "Suryapet",
        "village": "Thirumalagiri",
        "survey_number": "334/7A",
        "pattadar_account_no": "0010",
        "landholder_name": "Anjaiah Rao (synthetic)",
        "land_type": "Wet (Nala/Baavi)",
        "soil_type": "Red Loamy",
        "crop": "Turmeric",
        "area_acres_guntas": "3A 11G",
        "area_acres_decimal": 3.27
      },
      "geometry": {
        "type": "Polygon",
        "coordinates": [
          [
            [
              79.439882,
              17.038898
            ],
            [
              79.440852,
              17.038898
            ],
            [
              79.440852,
              17.040044
            ],
            [
              79.439882,
              17.040044
            ],
            [
              79.439882,
              17.038898
            ]
          ]
        ]
      }
    },
    {
      "type": "Feature",
      "properties": {
        "data_source": "SYNTHETIC - not an official record",
        "state": "Telangana",
        "district": "Rangareddy",
        "mandal": "Ibrahimpatnam",
        "village": "Pedda Amberpet",
        "survey_number": "187/4B",
        "pattadar_account_no": "0005",
        "landholder_name": "Srinivas Chary (synthetic)",
        "land_type": "Garden (Thota)",
        "soil_type": "Red Chalka",
        "crop": "Chilli",
        "area_acres_guntas": "1A 27G",
        "area_acres_decimal": 1.68
      },
      "geometry": {
        "type": "Polygon",
        "coordinates": [
          [
            [
              78.520775,
              17.362878
            ],
            [
              78.521584,
              17.362878
            ],
            [
              78.521584,
              17.363624
            ],
            [
              78.520775,
              17.363624
            ],
            [
              78.520775,
              17.362878
            ]
          ]
        ]
      }
    },
    {
      "type": "Feature",
      "properties": {
        "data_source": "SYNTHETIC - not an official record",
        "state": "Telangana",
        "district": "Khammam",
        "mandal": "Kothagudem",
        "village": "Yellandu",
        "survey_number": "293",
        "pattadar_account_no": "0007",
        "landholder_name": "Balaraju Yadav (synthetic)",
        "land_type": "Dry (Metta)",
        "soil_type": "Sandy Loam",
        "crop": "Sugarcane",
        "area_acres_guntas": "1A 39G",
        "area_acres_decimal": 1.98
      },
      "geometry": {
        "type": "Polygon",
        "coordinates": [
          [
            [
              79.909093,
              17.323532
            ],
            [
              79.909908,
              17.323532
            ],
            [
              79.909908,
              17.324397
            ],
            [
              79.909093,
              17.324397
            ],
            [
              79.909093,
              17.323532
            ]
          ]
        ]
      }
    },
    {
      "type": "Feature",
      "properties": {
        "data_source": "SYNTHETIC - not an official record",
        "state": "Telangana",
        "district": "Adilabad",
        "mandal": "Adilabad",
        "village": "Jainad",
        "survey_number": "328/5",
        "pattadar_account_no": "0008",
        "landholder_name": "Lakshmamma Naidu (synthetic)",
        "land_type": "Garden (Thota)",
        "soil_type": "Sandy Loam",
        "crop": "Fallow",
        "area_acres_guntas": "0A 5G",
        "area_acres_decimal": 0.12
      },
      "geometry": {
        "type": "Polygon",
        "coordinates": [
          [
            [
              78.729938,
              19.918695
            ],
            [
              78.73013,
              19.918695
            ],
            [
              78.73013,
              19.91889
            ],
            [
              78.729938,
              19.91889
            ],
            [
              78.729938,
              19.918695
            ]
          ]
        ]
      }
    },
    {
      "type": "Feature",
      "properties": {
        "data_source": "SYNTHETIC - not an official record",
        "state": "Telangana",
        "district": "Khammam",
        "mandal": "Khammam",
        "village": "Nelakondapalli",
        "survey_number": "127",
        "pattadar_account_no": "0009",
        "landholder_name": "Narsimha Rao (synthetic)",
        "land_type": "Garden (Thota)",
        "soil_type": "Black Regada",
        "crop": "Fallow",
        "area_acres_guntas": "2A 24G",
        "area_acres_decimal": 2.6
      },
      "geometry": {
        "type": "Polygon",
        "coordinates": [
          [
            [
              80.360825,
              17.162118
            ],
            [
              80.36192,
              17.162118
            ],
            [
              80.36192,
              17.163123
            ],
            [
              80.360825,
              17.163123
            ],
            [
              80.360825,
              17.162118
            ]
          ]
        ]
      }
    },
    {
      "type": "Feature",
      "properties": {
        "data_source": "SYNTHETIC - not an official record",
        "state": "Telangana",
        "district": "Khammam",
        "mandal": "Khammam",
        "village": "Nelakondapalli",
        "survey_number": "19/8A",
        "pattadar_account_no": "0010",
        "landholder_name": "Venkateshwarlu Chary (synthetic)",
        "land_type": "Wet (Nala/Baavi)",
        "soil_type": "Black Regada",
        "crop": "Cotton",
        "area_acres_guntas": "3A 26G",
        "area_acres_decimal": 3.65
      },
      "geometry": {
        "type": "Polygon",
        "coordinates": [
          [
            [
              80.265646,
              17.248856
            ],
            [
              80.266922,
              17.248856
            ],
            [
              80.266922,
              17.250088
            ],
            [
              80.265646,
              17.250088
            ],
            [
              80.265646,
              17.248856
            ]
          ]
        ]
      }
    },
    {
      "type": "Feature",
      "properties": {
        "data_source": "SYNTHETIC - not an official record",
        "state": "Telangana",
        "district": "Nalgonda",
        "mandal": "Miryalaguda",
        "village": "Damaracherla",
        "survey_number": "184/7A",
        "pattadar_account_no": "0006",
        "landholder_name": "Krishnamurthy (synthetic)",
        "land_type": "Garden (Thota)",
        "soil_type": "Red Loamy",
        "crop": "Mango Orchard",
        "area_acres_guntas": "0A 5G",
        "area_acres_decimal": 0.12
      },
      "geometry": {
        "type": "Polygon",
        "coordinates": [
          [
            [
              79.299817,
              17.228439
            ],
            [
              79.300008,
              17.228439
            ],
            [
              79.300008,
              17.22866
            ],
            [
              79.299817,
              17.22866
            ],
            [
              79.299817,
              17.228439
            ]
          ]
        ]
      }
    },
    {
      "type": "Feature",
      "properties": {
        "data_source": "SYNTHETIC - not an official record",
        "state": "Telangana",
        "district": "Karimnagar",
        "mandal": "Karimnagar",
        "village": "Choppadandi",
        "survey_number": "275/4B",
        "pattadar_account_no": "0008",
        "landholder_name": "Mallesham Naidu (synthetic)",
        "land_type": "Garden (Thota)",
        "soil_type": "Sandy Loam",
        "crop": "Maize",
        "area_acres_guntas": "2A 29G",
        "area_acres_decimal": 2.73
      },
      "geometry": {
        "type": "Polygon",
        "coordinates": [
          [
            [
              79.303512,
              18.196869
            ],
            [
              79.30461,
              18.196869
            ],
            [
              79.30461,
              18.197898
            ],
            [
              79.303512,
              18.197898
            ],
            [
              79.303512,
              18.196869
            ]
          ]
        ]
      }
    },
    {
      "type": "Feature",
      "properties": {
        "data_source": "SYNTHETIC - not an official record",
        "state": "Telangana",
        "district": "Rangareddy",
        "mandal": "Shamshabad",
        "village": "Chandanagar Kalan",
        "survey_number": "100/2",
        "pattadar_account_no": "0009",
        "landholder_name": "Ramulu Reddy (synthetic)",
        "land_type": "Wet (Nala/Baavi)",
        "soil_type": "Red Loamy",
        "crop": "Groundnut",
        "area_acres_guntas": "2A 21G",
        "area_acres_decimal": 2.52
      },
      "geometry": {
        "type": "Polygon",
        "coordinates": [
          [
            [
              78.42803,
              17.32575
            ],
            [
              78.428869,
              17.32575
            ],
            [
              78.428869,
              17.326665
            ],
            [
              78.42803,
              17.326665
            ],
            [
              78.42803,
              17.32575
            ]
          ]
        ]
      }
    },
    {
      "type": "Feature",
      "properties": {
        "data_source": "SYNTHETIC - not an official record",
        "state": "Telangana",
        "district": "Medchal-Malkajgiri",
        "mandal": "Keesara",
        "village": "Nagaram",
        "survey_number": "119/4A",
        "pattadar_account_no": "0004",
        "landholder_name": "Narsimha Yadav (synthetic)",
        "land_type": "Garden (Thota)",
        "soil_type": "Red Loamy",
        "crop": "Groundnut",
        "area_acres_guntas": "2A 19G",
        "area_acres_decimal": 2.48
      },
      "geometry": {
        "type": "Polygon",
        "coordinates": [
          [
            [
              78.306264,
              17.439927
            ],
            [
              78.307235,
              17.439927
            ],
            [
              78.307235,
              17.440828
            ],
            [
              78.306264,
              17.440828
            ],
            [
              78.306264,
              17.439927
            ]
          ]
        ]
      }
    },
    {
      "type": "Feature",
      "properties": {
        "data_source": "SYNTHETIC - not an official record",
        "state": "Telangana",
        "district": "Medchal-Malkajgiri",
        "mandal": "Shamirpet",
        "village": "Gundlapochampally",
        "survey_number": "291/2",
        "pattadar_account_no": "0009",
        "landholder_name": "Narsimha Naik (synthetic)",
        "land_type": "Wet (Nala/Baavi)",
        "soil_type": "Red Chalka",
        "crop": "Red Gram (Kandi)",
        "area_acres_guntas": "0A 21G",
        "area_acres_decimal": 0.53
      },
      "geometry": {
        "type": "Polygon",
        "coordinates": [
          [
            [
              78.377322,
              17.397961
            ],
            [
              78.377809,
              17.397961
            ],
            [
              78.377809,
              17.39843
            ],
            [
              78.377322,
              17.39843
            ],
            [
              78.377322,
              17.397961
            ]
          ]
        ]
      }
    },
    {
      "type": "Feature",
      "properties": {
        "data_source": "SYNTHETIC - not an official record",
        "state": "Telangana",
        "district": "Nizamabad",
        "mandal": "Armoor",
        "village": "Armoor",
        "survey_number": "300/5",
        "pattadar_account_no": "0007",
        "landholder_name": "Sammaiah Naidu (synthetic)",
        "land_type": "Dry (Metta)",
        "soil_type": "Red Loamy",
        "crop": "Maize",
        "area_acres_guntas": "2A 10G",
        "area_acres_decimal": 2.25
      },
      "geometry": {
        "type": "Polygon",
        "coordinates": [
          [
            [
              78.280897,
              18.750891
            ],
            [
              78.281755,
              18.750891
            ],
            [
              78.281755,
              18.751686
            ],
            [
              78.280897,
              18.751686
            ],
            [
              78.280897,
              18.750891
            ]
          ]
        ]
      }
    },
    {
      "type": "Feature",
      "properties": {
        "data_source": "SYNTHETIC - not an official record",
        "state": "Telangana",
        "district": "Nizamabad",
        "mandal": "Armoor",
        "village": "Nandipet",
        "survey_number": "192",
        "pattadar_account_no": "0006",
        "landholder_name": "Yellaiah Reddy (synthetic)",
        "land_type": "Garden (Thota)",
        "soil_type": "Red Chalka",
        "crop": "Sugarcane",
        "area_acres_guntas": "3A 33G",
        "area_acres_decimal": 3.83
      },
      "geometry": {
        "type": "Polygon",
        "coordinates": [
          [
            [
              78.31726,
              18.714518
            ],
            [
              78.318287,
              18.714518
            ],
            [
              78.318287,
              18.715549
            ],
            [
              78.31726,
              18.715549
            ],
            [
              78.31726,
              18.714518
            ]
          ]
        ]
      }
    },
    {
      "type": "Feature",
      "properties": {
        "data_source": "SYNTHETIC - not an official record",
        "state": "Telangana",
        "district": "Karimnagar",
        "mandal": "Karimnagar",
        "village": "Choppadandi",
        "survey_number": "298/9",
        "pattadar_account_no": "0009",
        "landholder_name": "Narsimha (synthetic)",
        "land_type": "Dry (Metta)",
        "soil_type": "Red Loamy",
        "crop": "Maize",
        "area_acres_guntas": "0A 36G",
        "area_acres_decimal": 0.9
      },
      "geometry": {
        "type": "Polygon",
        "coordinates": [
          [
            [
              78.97996,
              18.613905
            ],
            [
              78.980501,
              18.613905
            ],
            [
              78.980501,
              18.614406
            ],
            [
              78.97996,
              18.614406
            ],
            [
              78.97996,
              18.613905
            ]
          ]
        ]
      }
    },
    {
      "type": "Feature",
      "properties": {
        "data_source": "SYNTHETIC - not an official record",
        "state": "Telangana",
        "district": "Nizamabad",
        "mandal": "Nizamabad",
        "village": "Nizamabad Rural",
        "survey_number": "170/4A",
        "pattadar_account_no": "0008",
        "landholder_name": "Bhagyamma Yadav (synthetic)",
        "land_type": "Dry (Metta)",
        "soil_type": "Red Chalka",
        "crop": "Fallow",
        "area_acres_guntas": "0A 14G",
        "area_acres_decimal": 0.35
      },
      "geometry": {
        "type": "Polygon",
        "coordinates": [
          [
            [
              78.193164,
              18.42887
            ],
            [
              78.1935,
              18.42887
            ],
            [
              78.1935,
              18.429215
            ],
            [
              78.193164,
              18.429215
            ],
            [
              78.193164,
              18.42887
            ]
          ]
        ]
      }
    },
    {
      "type": "Feature",
      "properties": {
        "data_source": "SYNTHETIC - not an official record",
        "state": "Telangana",
        "district": "Medchal-Malkajgiri",
        "mandal": "Shamirpet",
        "village": "Shamirpet",
        "survey_number": "332",
        "pattadar_account_no": "0007",
        "landholder_name": "Lakshmamma (synthetic)",
        "land_type": "Wet (Nala/Baavi)",
        "soil_type": "Red Chalka",
        "crop": "Soybean",
        "area_acres_guntas": "2A 13G",
        "area_acres_decimal": 2.33
      },
      "geometry": {
        "type": "Polygon",
        "coordinates": [
          [
            [
              78.642199,
              17.544321
            ],
            [
              78.643012,
              17.544321
            ],
            [
              78.643012,
              17.545292
            ],
            [
              78.642199,
              17.545292
            ],
            [
              78.642199,
              17.544321
            ]
          ]
        ]
      }
    },
    {
      "type": "Feature",
      "properties": {
        "data_source": "SYNTHETIC - not an official record",
        "state": "Telangana",
        "district": "Warangal",
        "mandal": "Narsampet",
        "village": "Narsampet",
        "survey_number": "270/1A",
        "pattadar_account_no": "0006",
        "landholder_name": "Yellaiah Goud (synthetic)",
        "land_type": "Wet (Nala/Baavi)",
        "soil_type": "Black Regada",
        "crop": "Maize",
        "area_acres_guntas": "2A 20G",
        "area_acres_decimal": 2.5
      },
      "geometry": {
        "type": "Polygon",
        "coordinates": [
          [
            [
              79.819877,
              17.878082
            ],
            [
              79.820733,
              17.878082
            ],
            [
              79.820733,
              17.878995
            ],
            [
              79.819877,
              17.878995
            ],
            [
              79.819877,
              17.878082
            ]
          ]
        ]
      }
    },
    {
      "type": "Feature",
      "properties": {
        "data_source": "SYNTHETIC - not an official record",
        "state": "Telangana",
        "district": "Karimnagar",
        "mandal": "Huzurabad",
        "village": "Huzurabad",
        "survey_number": "139",
        "pattadar_account_no": "0010",
        "landholder_name": "Narsimha (synthetic)",
        "land_type": "Garden (Thota)",
        "soil_type": "Red Loamy",
        "crop": "Red Gram (Kandi)",
        "area_acres_guntas": "1A 31G",
        "area_acres_decimal": 1.77
      },
      "geometry": {
        "type": "Polygon",
        "coordinates": [
          [
            [
              79.350869,
              18.525466
            ],
            [
              79.351563,
              18.525466
            ],
            [
              79.351563,
              18.526193
            ],
            [
              79.350869,
              18.526193
            ],
            [
              79.350869,
              18.525466
            ]
          ]
        ]
      }
    },
    {
      "type": "Feature",
      "properties": {
        "data_source": "SYNTHETIC - not an official record",
        "state": "Telangana",
        "district": "Nalgonda",
        "mandal": "Nalgonda",
        "village": "Chandupatla",
        "survey_number": "269/6",
        "pattadar_account_no": "0006",
        "landholder_name": "Venkateshwarlu (synthetic)",
        "land_type": "Garden (Thota)",
        "soil_type": "Red Loamy",
        "crop": "Turmeric",
        "area_acres_guntas": "2A 10G",
        "area_acres_decimal": 2.25
      },
      "geometry": {
        "type": "Polygon",
        "coordinates": [
          [
            [
              78.957037,
              16.926396
            ],
            [
              78.957928,
              16.926396
            ],
            [
              78.957928,
              16.927373
            ],
            [
              78.957037,
              16.927373
            ],
            [
              78.957037,
              16.926396
            ]
          ]
        ]
      }
    },
    {
      "type": "Feature",
      "properties": {
        "data_source": "SYNTHETIC - not an official record",
        "state": "Telangana",
        "district": "Karimnagar",
        "mandal": "Karimnagar",
        "village": "Thimmapur",
        "survey_number": "252",
        "pattadar_account_no": "0006",
        "landholder_name": "Chandraiah Goud (synthetic)",
        "land_type": "Wet (Nala/Baavi)",
        "soil_type": "Sandy Loam",
        "crop": "Fallow",
        "area_acres_guntas": "3A 17G",
        "area_acres_decimal": 3.42
      },
      "geometry": {
        "type": "Polygon",
        "coordinates": [
          [
            [
              79.29216,
              18.293498
            ],
            [
              79.293282,
              18.293498
            ],
            [
              79.293282,
              18.294601
            ],
            [
              79.29216,
              18.294601
            ],
            [
              79.29216,
              18.293498
            ]
          ]
        ]
      }
    },
    {
      "type": "Feature",
      "properties": {
        "data_source": "SYNTHETIC - not an official record",
        "state": "Telangana",
        "district": "Warangal",
        "mandal": "Warangal",
        "village": "Kazipet",
        "survey_number": "279/5B",
        "pattadar_account_no": "0006",
        "landholder_name": "Narsimha Rao (synthetic)",
        "land_type": "Dry (Metta)",
        "soil_type": "Red Chalka",
        "crop": "Fallow",
        "area_acres_guntas": "1A 3G",
        "area_acres_decimal": 1.07
      },
      "geometry": {
        "type": "Polygon",
        "coordinates": [
          [
            [
              79.520523,
              18.100274
            ],
            [
              79.521131,
              18.100274
            ],
            [
              79.521131,
              18.100877
            ],
            [
              79.520523,
              18.100877
            ],
            [
              79.520523,
              18.100274
            ]
          ]
        ]
      }
    },
    {
      "type": "Feature",
      "properties": {
        "data_source": "SYNTHETIC - not an official record",
        "state": "Telangana",
        "district": "Adilabad",
        "mandal": "Nirmal",
        "village": "Bhainsa",
        "survey_number": "233",
        "pattadar_account_no": "0010",
        "landholder_name": "Anjaiah (synthetic)",
        "land_type": "Wet (Nala/Baavi)",
        "soil_type": "Sandy Loam",
        "crop": "Cotton",
        "area_acres_guntas": "3A 0G",
        "area_acres_decimal": 3.0
      },
      "geometry": {
        "type": "Polygon",
        "coordinates": [
          [
            [
              78.583453,
              19.588373
            ],
            [
              78.584431,
              19.588373
            ],
            [
              78.584431,
              19.589504
            ],
            [
              78.583453,
              19.589504
            ],
            [
              78.583453,
              19.588373
            ]
          ]
        ]
      }
    },
    {
      "type": "Feature",
      "properties": {
        "data_source": "SYNTHETIC - not an official record",
        "state": "Telangana",
        "district": "Warangal",
        "mandal": "Narsampet",
        "village": "Narsampet",
        "survey_number": "338",
        "pattadar_account_no": "0007",
        "landholder_name": "Sammaiah Reddy (synthetic)",
        "land_type": "Dry (Metta)",
        "soil_type": "Black Regada",
        "crop": "Red Gram (Kandi)",
        "area_acres_guntas": "1A 16G",
        "area_acres_decimal": 1.4
      },
      "geometry": {
        "type": "Polygon",
        "coordinates": [
          [
            [
              79.548565,
              17.785898
            ],
            [
              79.549188,
              17.785898
            ],
            [
              79.549188,
              17.786589
            ],
            [
              79.548565,
              17.786589
            ],
            [
              79.548565,
              17.785898
            ]
          ]
        ]
      }
    },
    {
      "type": "Feature",
      "properties": {
        "data_source": "SYNTHETIC - not an official record",
        "state": "Telangana",
        "district": "Khammam",
        "mandal": "Khammam",
        "village": "Nelakondapalli",
        "survey_number": "205",
        "pattadar_account_no": "0011",
        "landholder_name": "Venkateshwarlu Yadav (synthetic)",
        "land_type": "Wet (Nala/Baavi)",
        "soil_type": "Black Regada",
        "crop": "Cotton",
        "area_acres_guntas": "3A 1G",
        "area_acres_decimal": 3.02
      },
      "geometry": {
        "type": "Polygon",
        "coordinates": [
          [
            [
              80.17078,
              17.323897
            ],
            [
              80.171764,
              17.323897
            ],
            [
              80.171764,
              17.324854
            ],
            [
              80.17078,
              17.324854
            ],
            [
              80.17078,
              17.323897
            ]
          ]
        ]
      }
    },
    {
      "type": "Feature",
      "properties": {
        "data_source": "SYNTHETIC - not an official record",
        "state": "Telangana",
        "district": "Adilabad",
        "mandal": "Adilabad",
        "village": "Jainad",
        "survey_number": "126",
        "pattadar_account_no": "0009",
        "landholder_name": "Anjaiah Chary (synthetic)",
        "land_type": "Wet (Nala/Baavi)",
        "soil_type": "Red Chalka",
        "crop": "Maize",
        "area_acres_guntas": "0A 32G",
        "area_acres_decimal": 0.8
      },
      "geometry": {
        "type": "Polygon",
        "coordinates": [
          [
            [
              78.758314,
              19.67526
            ],
            [
              78.758808,
              19.67526
            ],
            [
              78.758808,
              19.675845
            ],
            [
              78.758314,
              19.675845
            ],
            [
              78.758314,
              19.67526
            ]
          ]
        ]
      }
    },
    {
      "type": "Feature",
      "properties": {
        "data_source": "SYNTHETIC - not an official record",
        "state": "Telangana",
        "district": "Karimnagar",
        "mandal": "Huzurabad",
        "village": "Jammikunta",
        "survey_number": "188/8",
        "pattadar_account_no": "0002",
        "landholder_name": "Krishnamurthy Yadav (synthetic)",
        "land_type": "Garden (Thota)",
        "soil_type": "Sandy Loam",
        "crop": "Soybean",
        "area_acres_guntas": "1A 28G",
        "area_acres_decimal": 1.7
      },
      "geometry": {
        "type": "Polygon",
        "coordinates": [
          [
            [
              79.337712,
              18.199223
            ],
            [
              79.338606,
              18.199223
            ],
            [
              79.338606,
              18.200059
            ],
            [
              79.337712,
              18.200059
            ],
            [
              79.337712,
              18.199223
            ]
          ]
        ]
      }
    },
    {
      "type": "Feature",
      "properties": {
        "data_source": "SYNTHETIC - not an official record",
        "state": "Telangana",
        "district": "Khammam",
        "mandal": "Kothagudem",
        "village": "Kothagudem",
        "survey_number": "332/9A",
        "pattadar_account_no": "0008",
        "landholder_name": "Mallesham Reddy (synthetic)",
        "land_type": "Garden (Thota)",
        "soil_type": "Red Loamy",
        "crop": "Sugarcane",
        "area_acres_guntas": "3A 18G",
        "area_acres_decimal": 3.45
      },
      "geometry": {
        "type": "Polygon",
        "coordinates": [
          [
            [
              80.123461,
              17.192875
            ],
            [
              80.124646,
              17.192875
            ],
            [
              80.124646,
              17.194058
            ],
            [
              80.123461,
              17.194058
            ],
            [
              80.123461,
              17.192875
            ]
          ]
        ]
      }
    },
    {
      "type": "Feature",
      "properties": {
        "data_source": "SYNTHETIC - not an official record",
        "state": "Telangana",
        "district": "Khammam",
        "mandal": "Khammam",
        "village": "Khammam Rural",
        "survey_number": "62/4A",
        "pattadar_account_no": "0009",
        "landholder_name": "Ravi Reddy (synthetic)",
        "land_type": "Dry (Metta)",
        "soil_type": "Sandy Loam",
        "crop": "Red Gram (Kandi)",
        "area_acres_guntas": "1A 36G",
        "area_acres_decimal": 1.9
      },
      "geometry": {
        "type": "Polygon",
        "coordinates": [
          [
            [
              79.953662,
              17.102128
            ],
            [
              79.954561,
              17.102128
            ],
            [
              79.954561,
              17.102895
            ],
            [
              79.953662,
              17.102895
            ],
            [
              79.953662,
              17.102128
            ]
          ]
        ]
      }
    },
    {
      "type": "Feature",
      "properties": {
        "data_source": "SYNTHETIC - not an official record",
        "state": "Telangana",
        "district": "Mahabubnagar",
        "mandal": "Mahabubnagar",
        "village": "Mahabubnagar Rural",
        "survey_number": "307/6",
        "pattadar_account_no": "0011",
        "landholder_name": "Bhagyamma Reddy (synthetic)",
        "land_type": "Garden (Thota)",
        "soil_type": "Red Chalka",
        "crop": "Maize",
        "area_acres_guntas": "2A 29G",
        "area_acres_decimal": 2.73
      },
      "geometry": {
        "type": "Polygon",
        "coordinates": [
          [
            [
              78.021591,
              16.538343
            ],
            [
              78.02254,
              16.538343
            ],
            [
              78.02254,
              16.539177
            ],
            [
              78.021591,
              16.539177
            ],
            [
              78.021591,
              16.538343
            ]
          ]
        ]
      }
    },
    {
      "type": "Feature",
      "properties": {
        "data_source": "SYNTHETIC - not an official record",
        "state": "Telangana",
        "district": "Medchal-Malkajgiri",
        "mandal": "Keesara",
        "village": "Keesara",
        "survey_number": "146",
        "pattadar_account_no": "0009",
        "landholder_name": "Ramulu Reddy (synthetic)",
        "land_type": "Garden (Thota)",
        "soil_type": "Red Loamy",
        "crop": "Chilli",
        "area_acres_guntas": "3A 0G",
        "area_acres_decimal": 3.0
      },
      "geometry": {
        "type": "Polygon",
        "coordinates": [
          [
            [
              78.302962,
              17.859194
            ],
            [
              78.303894,
              17.859194
            ],
            [
              78.303894,
              17.860261
            ],
            [
              78.302962,
              17.860261
            ],
            [
              78.302962,
              17.859194
            ]
          ]
        ]
      }
    },
    {
      "type": "Feature",
      "properties": {
        "data_source": "SYNTHETIC - not an official record",
        "state": "Telangana",
        "district": "Karimnagar",
        "mandal": "Karimnagar",
        "village": "Karimnagar Rural",
        "survey_number": "78",
        "pattadar_account_no": "0005",
        "landholder_name": "Srinivas Reddy (synthetic)",
        "land_type": "Wet (Nala/Baavi)",
        "soil_type": "Black Regada",
        "crop": "Cotton",
        "area_acres_guntas": "0A 21G",
        "area_acres_decimal": 0.53
      },
      "geometry": {
        "type": "Polygon",
        "coordinates": [
          [
            [
              79.299875,
              18.316211
            ],
            [
              79.300286,
              18.316211
            ],
            [
              79.300286,
              18.316679
            ],
            [
              79.299875,
              18.316679
            ],
            [
              79.299875,
              18.316211
            ]
          ]
        ]
      }
    },
    {
      "type": "Feature",
      "properties": {
        "data_source": "SYNTHETIC - not an official record",
        "state": "Telangana",
        "district": "Nalgonda",
        "mandal": "Nalgonda",
        "village": "Nalgonda",
        "survey_number": "12/7B",
        "pattadar_account_no": "0004",
        "landholder_name": "Yellaiah Naik (synthetic)",
        "land_type": "Garden (Thota)",
        "soil_type": "Red Loamy",
        "crop": "Red Gram (Kandi)",
        "area_acres_guntas": "2A 8G",
        "area_acres_decimal": 2.2
      },
      "geometry": {
        "type": "Polygon",
        "coordinates": [
          [
            [
              79.299003,
              17.040707
            ],
            [
              79.299891,
              17.040707
            ],
            [
              79.299891,
              17.041429
            ],
            [
              79.299003,
              17.041429
            ],
            [
              79.299003,
              17.040707
            ]
          ]
        ]
      }
    },
    {
      "type": "Feature",
      "properties": {
        "data_source": "SYNTHETIC - not an official record",
        "state": "Telangana",
        "district": "Rangareddy",
        "mandal": "Ibrahimpatnam",
        "village": "Pedda Amberpet",
        "survey_number": "212",
        "pattadar_account_no": "0006",
        "landholder_name": "Yellaiah Naidu (synthetic)",
        "land_type": "Wet (Nala/Baavi)",
        "soil_type": "Black Regada",
        "crop": "Groundnut",
        "area_acres_guntas": "0A 23G",
        "area_acres_decimal": 0.57
      },
      "geometry": {
        "type": "Polygon",
        "coordinates": [
          [
            [
              78.422683,
              16.974873
            ],
            [
              78.423198,
              16.974873
            ],
            [
              78.423198,
              16.975348
            ],
            [
              78.422683,
              16.975348
            ],
            [
              78.422683,
              16.974873
            ]
          ]
        ]
      }
    },
    {
      "type": "Feature",
      "properties": {
        "data_source": "SYNTHETIC - not an official record",
        "state": "Telangana",
        "district": "Adilabad",
        "mandal": "Nirmal",
        "village": "Laxmanchanda",
        "survey_number": "202",
        "pattadar_account_no": "0010",
        "landholder_name": "Narsimha Rao (synthetic)",
        "land_type": "Dry (Metta)",
        "soil_type": "Black Regada",
        "crop": "Chilli",
        "area_acres_guntas": "2A 2G",
        "area_acres_decimal": 2.05
      },
      "geometry": {
        "type": "Polygon",
        "coordinates": [
          [
            [
              78.546763,
              19.823898
            ],
            [
              78.547634,
              19.823898
            ],
            [
              78.547634,
              19.824626
            ],
            [
              78.546763,
              19.824626
            ],
            [
              78.546763,
              19.823898
            ]
          ]
        ]
      }
    },
    {
      "type": "Feature",
      "properties": {
        "data_source": "SYNTHETIC - not an official record",
        "state": "Telangana",
        "district": "Nalgonda",
        "mandal": "Nalgonda",
        "village": "Nalgonda",
        "survey_number": "322/7A",
        "pattadar_account_no": "0005",
        "landholder_name": "Lakshmamma Naidu (synthetic)",
        "land_type": "Garden (Thota)",
        "soil_type": "Red Chalka",
        "crop": "Groundnut",
        "area_acres_guntas": "0A 1G",
        "area_acres_decimal": 0.03
      },
      "geometry": {
        "type": "Polygon",
        "coordinates": [
          [
            [
              79.39213,
              16.943125
            ],
            [
              79.392295,
              16.943125
            ],
            [
              79.392295,
              16.943288
            ],
            [
              79.39213,
              16.943288
            ],
            [
              79.39213,
              16.943125
            ]
          ]
        ]
      }
    },
    {
      "type": "Feature",
      "properties": {
        "data_source": "SYNTHETIC - not an official record",
        "state": "Telangana",
        "district": "Mahabubnagar",
        "mandal": "Wanaparthy",
        "village": "Kothakota",
        "survey_number": "223/3B",
        "pattadar_account_no": "0003",
        "landholder_name": "Anasuya Rao (synthetic)",
        "land_type": "Garden (Thota)",
        "soil_type": "Black Regada",
        "crop": "Red Gram (Kandi)",
        "area_acres_guntas": "1A 2G",
        "area_acres_decimal": 1.05
      },
      "geometry": {
        "type": "Polygon",
        "coordinates": [
          [
            [
              78.012268,
              16.615959
            ],
            [
              78.012972,
              16.615959
            ],
            [
              78.012972,
              16.616534
            ],
            [
              78.012268,
              16.616534
            ],
            [
              78.012268,
              16.615959
            ]
          ]
        ]
      }
    },
    {
      "type": "Feature",
      "properties": {
        "data_source": "SYNTHETIC - not an official record",
        "state": "Telangana",
        "district": "Nalgonda",
        "mandal": "Devarakonda",
        "village": "Chandampet",
        "survey_number": "79",
        "pattadar_account_no": "0010",
        "landholder_name": "Ramulu Reddy (synthetic)",
        "land_type": "Wet (Nala/Baavi)",
        "soil_type": "Sandy Loam",
        "crop": "Paddy",
        "area_acres_guntas": "1A 4G",
        "area_acres_decimal": 1.1
      },
      "geometry": {
        "type": "Polygon",
        "coordinates": [
          [
            [
              79.080327,
              17.249653
            ],
            [
              79.080932,
              17.249653
            ],
            [
              79.080932,
              17.250243
            ],
            [
              79.080327,
              17.250243
            ],
            [
              79.080327,
              17.249653
            ]
          ]
        ]
      }
    },
    {
      "type": "Feature",
      "properties": {
        "data_source": "SYNTHETIC - not an official record",
        "state": "Telangana",
        "district": "Nizamabad",
        "mandal": "Nizamabad",
        "village": "Bodhan",
        "survey_number": "101/3B",
        "pattadar_account_no": "0006",
        "landholder_name": "Ramulu (synthetic)",
        "land_type": "Garden (Thota)",
        "soil_type": "Red Loamy",
        "crop": "Groundnut",
        "area_acres_guntas": "2A 0G",
        "area_acres_decimal": 2.0
      },
      "geometry": {
        "type": "Polygon",
        "coordinates": [
          [
            [
              78.222373,
              18.558384
            ],
            [
              78.223232,
              18.558384
            ],
            [
              78.223232,
              18.559274
            ],
            [
              78.222373,
              18.559274
            ],
            [
              78.222373,
              18.558384
            ]
          ]
        ]
      }
    },
    {
      "type": "Feature",
      "properties": {
        "data_source": "SYNTHETIC - not an official record",
        "state": "Telangana",
        "district": "Warangal",
        "mandal": "Warangal",
        "village": "Wardhannapet",
        "survey_number": "78/1",
        "pattadar_account_no": "0006",
        "landholder_name": "Anjaiah Yadav (synthetic)",
        "land_type": "Wet (Nala/Baavi)",
        "soil_type": "Red Loamy",
        "crop": "Mango Orchard",
        "area_acres_guntas": "0A 22G",
        "area_acres_decimal": 0.55
      },
      "geometry": {
        "type": "Polygon",
        "coordinates": [
          [
            [
              79.357016,
              18.102239
            ],
            [
              79.357512,
              18.102239
            ],
            [
              79.357512,
              18.102713
            ],
            [
              79.357016,
              18.102713
            ],
            [
              79.357016,
              18.102239
            ]
          ]
        ]
      }
    },
    {
      "type": "Feature",
      "properties": {
        "data_source": "SYNTHETIC - not an official record",
        "state": "Telangana",
        "district": "Nalgonda",
        "mandal": "Nalgonda",
        "village": "Nalgonda",
        "survey_number": "118/9A",
        "pattadar_account_no": "0006",
        "landholder_name": "Bhagyamma (synthetic)",
        "land_type": "Wet (Nala/Baavi)",
        "soil_type": "Red Chalka",
        "crop": "Chilli",
        "area_acres_guntas": "0A 8G",
        "area_acres_decimal": 0.2
      },
      "geometry": {
        "type": "Polygon",
        "coordinates": [
          [
            [
              79.384451,
              17.086522
            ],
            [
              79.384729,
              17.086522
            ],
            [
              79.384729,
              17.0868
            ],
            [
              79.384451,
              17.0868
            ],
            [
              79.384451,
              17.086522
            ]
          ]
        ]
      }
    },
    {
      "type": "Feature",
      "properties": {
        "data_source": "SYNTHETIC - not an official record",
        "state": "Telangana",
        "district": "Warangal",
        "mandal": "Narsampet",
        "village": "Chennaraopet",
        "survey_number": "35",
        "pattadar_account_no": "0013",
        "landholder_name": "Anjaiah Reddy (synthetic)",
        "land_type": "Dry (Metta)",
        "soil_type": "Red Loamy",
        "crop": "Fallow",
        "area_acres_guntas": "3A 22G",
        "area_acres_decimal": 3.55
      },
      "geometry": {
        "type": "Polygon",
        "coordinates": [
          [
            [
              79.443665,
              18.213164
            ],
            [
              79.44482,
              18.213164
            ],
            [
              79.44482,
              18.214405
            ],
            [
              79.443665,
              18.214405
            ],
            [
              79.443665,
              18.213164
            ]
          ]
        ]
      }
    },
    {
      "type": "Feature",
      "properties": {
        "data_source": "SYNTHETIC - not an official record",
        "state": "Telangana",
        "district": "Suryapet",
        "mandal": "Suryapet",
        "village": "Suryapet Rural",
        "survey_number": "315/2A",
        "pattadar_account_no": "0005",
        "landholder_name": "Padma Yadav (synthetic)",
        "land_type": "Wet (Nala/Baavi)",
        "soil_type": "Red Loamy",
        "crop": "Sugarcane",
        "area_acres_guntas": "0A 31G",
        "area_acres_decimal": 0.78
      },
      "geometry": {
        "type": "Polygon",
        "coordinates": [
          [
            [
              79.575865,
              17.154889
            ],
            [
              79.576445,
              17.154889
            ],
            [
              79.576445,
              17.15537
            ],
            [
              79.575865,
              17.15537
            ],
            [
              79.575865,
              17.154889
            ]
          ]
        ]
      }
    },
    {
      "type": "Feature",
      "properties": {
        "data_source": "SYNTHETIC - not an official record",
        "state": "Telangana",
        "district": "Warangal",
        "mandal": "Narsampet",
        "village": "Narsampet",
        "survey_number": "248",
        "pattadar_account_no": "0008",
        "landholder_name": "Bhagyamma Yadav (synthetic)",
        "land_type": "Garden (Thota)",
        "soil_type": "Black Regada",
        "crop": "Sugarcane",
        "area_acres_guntas": "2A 8G",
        "area_acres_decimal": 2.2
      },
      "geometry": {
        "type": "Polygon",
        "coordinates": [
          [
            [
              79.435797,
              17.779755
            ],
            [
              79.436576,
              17.779755
            ],
            [
              79.436576,
              17.780577
            ],
            [
              79.435797,
              17.780577
            ],
            [
              79.435797,
              17.779755
            ]
          ]
        ]
      }
    },
    {
      "type": "Feature",
      "properties": {
        "data_source": "SYNTHETIC - not an official record",
        "state": "Telangana",
        "district": "Medchal-Malkajgiri",
        "mandal": "Shamirpet",
        "village": "Shamirpet",
        "survey_number": "246/4B",
        "pattadar_account_no": "0008",
        "landholder_name": "Yellaiah Reddy (synthetic)",
        "land_type": "Wet (Nala/Baavi)",
        "soil_type": "Red Loamy",
        "crop": "Cotton",
        "area_acres_guntas": "2A 31G",
        "area_acres_decimal": 2.77
      },
      "geometry": {
        "type": "Polygon",
        "coordinates": [
          [
            [
              78.406819,
              17.700398
            ],
            [
              78.40791,
              17.700398
            ],
            [
              78.40791,
              17.701228
            ],
            [
              78.406819,
              17.701228
            ],
            [
              78.406819,
              17.700398
            ]
          ]
        ]
      }
    },
    {
      "type": "Feature",
      "properties": {
        "data_source": "SYNTHETIC - not an official record",
        "state": "Telangana",
        "district": "Suryapet",
        "mandal": "Suryapet",
        "village": "Thirumalagiri",
        "survey_number": "274/2B",
        "pattadar_account_no": "0011",
        "landholder_name": "Krishnamurthy Naidu (synthetic)",
        "land_type": "Garden (Thota)",
        "soil_type": "Black Regada",
        "crop": "Maize",
        "area_acres_guntas": "2A 14G",
        "area_acres_decimal": 2.35
      },
      "geometry": {
        "type": "Polygon",
        "coordinates": [
          [
            [
              79.570315,
              16.906788
            ],
            [
              79.571348,
              16.906788
            ],
            [
              79.571348,
              16.907779
            ],
            [
              79.570315,
              16.907779
            ],
            [
              79.570315,
              16.906788
            ]
          ]
        ]
      }
    },
    {
      "type": "Feature",
      "properties": {
        "data_source": "SYNTHETIC - not an official record",
        "state": "Telangana",
        "district": "Adilabad",
        "mandal": "Nirmal",
        "village": "Laxmanchanda",
        "survey_number": "206/5A",
        "pattadar_account_no": "0011",
        "landholder_name": "Chandraiah (synthetic)",
        "land_type": "Dry (Metta)",
        "soil_type": "Red Chalka",
        "crop": "Fallow",
        "area_acres_guntas": "3A 38G",
        "area_acres_decimal": 3.95
      },
      "geometry": {
        "type": "Polygon",
        "coordinates": [
          [
            [
              78.63063,
              19.646891
            ],
            [
              78.63166,
              19.646891
            ],
            [
              78.63166,
              19.648081
            ],
            [
              78.63063,
              19.648081
            ],
            [
              78.63063,
              19.646891
            ]
          ]
        ]
      }
    },
    {
      "type": "Feature",
      "properties": {
        "data_source": "SYNTHETIC - not an official record",
        "state": "Telangana",
        "district": "Rangareddy",
        "mandal": "Shamshabad",
        "village": "Shamshabad",
        "survey_number": "125/4",
        "pattadar_account_no": "0010",
        "landholder_name": "Bhagyamma Rao (synthetic)",
        "land_type": "Dry (Metta)",
        "soil_type": "Black Regada",
        "crop": "Soybean",
        "area_acres_guntas": "2A 17G",
        "area_acres_decimal": 2.42
      },
      "geometry": {
        "type": "Polygon",
        "coordinates": [
          [
            [
              78.061523,
              17.256946
            ],
            [
              78.062403,
              17.256946
            ],
            [
              78.062403,
              17.257808
            ],
            [
              78.061523,
              17.257808
            ],
            [
              78.061523,
              17.256946
            ]
          ]
        ]
      }
    },
    {
      "type": "Feature",
      "properties": {
        "data_source": "SYNTHETIC - not an official record",
        "state": "Telangana",
        "district": "Khammam",
        "mandal": "Khammam",
        "village": "Khammam Rural",
        "survey_number": "305",
        "pattadar_account_no": "0010",
        "landholder_name": "Chandraiah (synthetic)",
        "land_type": "Dry (Metta)",
        "soil_type": "Black Regada",
        "crop": "Maize",
        "area_acres_guntas": "1A 15G",
        "area_acres_decimal": 1.38
      },
      "geometry": {
        "type": "Polygon",
        "coordinates": [
          [
            [
              80.014772,
              17.210303
            ],
            [
              80.015375,
              17.210303
            ],
            [
              80.015375,
              17.211052
            ],
            [
              80.014772,
              17.211052
            ],
            [
              80.014772,
              17.210303
            ]
          ]
        ]
      }
    },
    {
      "type": "Feature",
      "properties": {
        "data_source": "SYNTHETIC - not an official record",
        "state": "Telangana",
        "district": "Mahabubnagar",
        "mandal": "Wanaparthy",
        "village": "Pebbair",
        "survey_number": "308/7",
        "pattadar_account_no": "0006",
        "landholder_name": "Lakshmamma Reddy (synthetic)",
        "land_type": "Dry (Metta)",
        "soil_type": "Black Regada",
        "crop": "Maize",
        "area_acres_guntas": "0A 29G",
        "area_acres_decimal": 0.72
      },
      "geometry": {
        "type": "Polygon",
        "coordinates": [
          [
            [
              77.851049,
              16.563942
            ],
            [
              77.851578,
              16.563942
            ],
            [
              77.851578,
              16.564455
            ],
            [
              77.851049,
              16.564455
            ],
            [
              77.851049,
              16.563942
            ]
          ]
        ]
      }
    },
    {
      "type": "Feature",
      "properties": {
        "data_source": "SYNTHETIC - not an official record",
        "state": "Telangana",
        "district": "Nizamabad",
        "mandal": "Armoor",
        "village": "Armoor",
        "survey_number": "122/7",
        "pattadar_account_no": "0008",
        "landholder_name": "Ramulu Goud (synthetic)",
        "land_type": "Dry (Metta)",
        "soil_type": "Red Chalka",
        "crop": "Red Gram (Kandi)",
        "area_acres_guntas": "3A 0G",
        "area_acres_decimal": 3.0
      },
      "geometry": {
        "type": "Polygon",
        "coordinates": [
          [
            [
              78.186916,
              18.583652
            ],
            [
              78.18782,
              18.583652
            ],
            [
              78.18782,
              18.584608
            ],
            [
              78.186916,
              18.584608
            ],
            [
              78.186916,
              18.583652
            ]
          ]
        ]
      }
    },
    {
      "type": "Feature",
      "properties": {
        "data_source": "SYNTHETIC - not an official record",
        "state": "Telangana",
        "district": "Rangareddy",
        "mandal": "Shamshabad",
        "village": "Shamshabad",
        "survey_number": "220",
        "pattadar_account_no": "0011",
        "landholder_name": "Ravi Yadav (synthetic)",
        "land_type": "Dry (Metta)",
        "soil_type": "Sandy Loam",
        "crop": "Turmeric",
        "area_acres_guntas": "1A 4G",
        "area_acres_decimal": 1.1
      },
      "geometry": {
        "type": "Polygon",
        "coordinates": [
          [
            [
              78.442479,
              17.065347
            ],
            [
              78.443125,
              17.065347
            ],
            [
              78.443125,
              17.065925
            ],
            [
              78.442479,
              17.065925
            ],
            [
              78.442479,
              17.065347
            ]
          ]
        ]
      }
    },
    {
      "type": "Feature",
      "properties": {
        "data_source": "SYNTHETIC - not an official record",
        "state": "Telangana",
        "district": "Medchal-Malkajgiri",
        "mandal": "Shamirpet",
        "village": "Gundlapochampally",
        "survey_number": "175/5",
        "pattadar_account_no": "0010",
        "landholder_name": "Yellaiah (synthetic)",
        "land_type": "Wet (Nala/Baavi)",
        "soil_type": "Sandy Loam",
        "crop": "Groundnut",
        "area_acres_guntas": "2A 30G",
        "area_acres_decimal": 2.75
      },
      "geometry": {
        "type": "Polygon",
        "coordinates": [
          [
            [
              78.497499,
              17.566191
            ],
            [
              78.498488,
              17.566191
            ],
            [
              78.498488,
              17.567038
            ],
            [
              78.497499,
              17.567038
            ],
            [
              78.497499,
              17.566191
            ]
          ]
        ]
      }
    },
    {
      "type": "Feature",
      "properties": {
        "data_source": "SYNTHETIC - not an official record",
        "state": "Telangana",
        "district": "Adilabad",
        "mandal": "Nirmal",
        "village": "Nirmal",
        "survey_number": "198/5",
        "pattadar_account_no": "0003",
        "landholder_name": "Narsimha (synthetic)",
        "land_type": "Wet (Nala/Baavi)",
        "soil_type": "Red Chalka",
        "crop": "Cotton",
        "area_acres_guntas": "3A 38G",
        "area_acres_decimal": 3.95
      },
      "geometry": {
        "type": "Polygon",
        "coordinates": [
          [
            [
              78.551327,
              19.904539
            ],
            [
              78.552443,
              19.904539
            ],
            [
              78.552443,
              19.905814
            ],
            [
              78.551327,
              19.905814
            ],
            [
              78.551327,
              19.904539
            ]
          ]
        ]
      }
    },
    {
      "type": "Feature",
      "properties": {
        "data_source": "SYNTHETIC - not an official record",
        "state": "Telangana",
        "district": "Nalgonda",
        "mandal": "Nalgonda",
        "village": "Chandupatla",
        "survey_number": "204/1",
        "pattadar_account_no": "0007",
        "landholder_name": "Mallesham Rao (synthetic)",
        "land_type": "Dry (Metta)",
        "soil_type": "Sandy Loam",
        "crop": "Fallow",
        "area_acres_guntas": "3A 8G",
        "area_acres_decimal": 3.2
      },
      "geometry": {
        "type": "Polygon",
        "coordinates": [
          [
            [
              79.098106,
              16.987164
            ],
            [
              79.099213,
              16.987164
            ],
            [
              79.099213,
              16.988168
            ],
            [
              79.098106,
              16.988168
            ],
            [
              79.098106,
              16.987164
            ]
          ]
        ]
      }
    },
    {
      "type": "Feature",
      "properties": {
        "data_source": "SYNTHETIC - not an official record",
        "state": "Telangana",
        "district": "Adilabad",
        "mandal": "Adilabad",
        "village": "Jainad",
        "survey_number": "350",
        "pattadar_account_no": "0010",
        "landholder_name": "Anasuya Yadav (synthetic)",
        "land_type": "Wet (Nala/Baavi)",
        "soil_type": "Red Chalka",
        "crop": "Paddy",
        "area_acres_guntas": "2A 34G",
        "area_acres_decimal": 2.85
      },
      "geometry": {
        "type": "Polygon",
        "coordinates": [
          [
            [
              78.661443,
              19.678923
            ],
            [
              78.662321,
              19.678923
            ],
            [
              78.662321,
              19.679827
            ],
            [
              78.661443,
              19.679827
            ],
            [
              78.661443,
              19.678923
            ]
          ]
        ]
      }
    },
    {
      "type": "Feature",
      "properties": {
        "data_source": "SYNTHETIC - not an official record",
        "state": "Telangana",
        "district": "Rangareddy",
        "mandal": "Ibrahimpatnam",
        "village": "Kurmalguda",
        "survey_number": "326/3",
        "pattadar_account_no": "0003",
        "landholder_name": "Bhagyamma Reddy (synthetic)",
        "land_type": "Garden (Thota)",
        "soil_type": "Black Regada",
        "crop": "Paddy",
        "area_acres_guntas": "2A 37G",
        "area_acres_decimal": 2.92
      },
      "geometry": {
        "type": "Polygon",
        "coordinates": [
          [
            [
              78.351976,
              17.144309
            ],
            [
              78.353112,
              17.144309
            ],
            [
              78.353112,
              17.145294
            ],
            [
              78.351976,
              17.145294
            ],
            [
              78.351976,
              17.144309
            ]
          ]
        ]
      }
    },
    {
      "type": "Feature",
      "properties": {
        "data_source": "SYNTHETIC - not an official record",
        "state": "Telangana",
        "district": "Mahabubnagar",
        "mandal": "Wanaparthy",
        "village": "Kothakota",
        "survey_number": "229",
        "pattadar_account_no": "0004",
        "landholder_name": "Yellaiah Naik (synthetic)",
        "land_type": "Dry (Metta)",
        "soil_type": "Sandy Loam",
        "crop": "Turmeric",
        "area_acres_guntas": "0A 39G",
        "area_acres_decimal": 0.97
      },
      "geometry": {
        "type": "Polygon",
        "coordinates": [
          [
            [
              77.922424,
              16.988004
            ],
            [
              77.923097,
              16.988004
            ],
            [
              77.923097,
              16.988588
            ],
            [
              77.922424,
              16.988588
            ],
            [
              77.922424,
              16.988004
            ]
          ]
        ]
      }
    },
    {
      "type": "Feature",
      "properties": {
        "data_source": "SYNTHETIC - not an official record",
        "state": "Telangana",
        "district": "Mahabubnagar",
        "mandal": "Mahabubnagar",
        "village": "Bhoothpur",
        "survey_number": "323",
        "pattadar_account_no": "0006",
        "landholder_name": "Venkateshwarlu Goud (synthetic)",
        "land_type": "Wet (Nala/Baavi)",
        "soil_type": "Black Regada",
        "crop": "Soybean",
        "area_acres_guntas": "2A 34G",
        "area_acres_decimal": 2.85
      },
      "geometry": {
        "type": "Polygon",
        "coordinates": [
          [
            [
              78.180203,
              16.626383
            ],
            [
              78.181103,
              16.626383
            ],
            [
              78.181103,
              16.62741
            ],
            [
              78.180203,
              16.62741
            ],
            [
              78.180203,
              16.626383
            ]
          ]
        ]
      }
    },
    {
      "type": "Feature",
      "properties": {
        "data_source": "SYNTHETIC - not an official record",
        "state": "Telangana",
        "district": "Suryapet",
        "mandal": "Kodad",
        "village": "Kodad",
        "survey_number": "2",
        "pattadar_account_no": "0007",
        "landholder_name": "Anjaiah Yadav (synthetic)",
        "land_type": "Garden (Thota)",
        "soil_type": "Sandy Loam",
        "crop": "Paddy",
        "area_acres_guntas": "2A 5G",
        "area_acres_decimal": 2.12
      },
      "geometry": {
        "type": "Polygon",
        "coordinates": [
          [
            [
              79.701985,
              16.914304
            ],
            [
              79.702743,
              16.914304
            ],
            [
              79.702743,
              16.915071
            ],
            [
              79.701985,
              16.915071
            ],
            [
              79.701985,
              16.914304
            ]
          ]
        ]
      }
    },
    {
      "type": "Feature",
      "properties": {
        "data_source": "SYNTHETIC - not an official record",
        "state": "Telangana",
        "district": "Mahabubnagar",
        "mandal": "Wanaparthy",
        "village": "Wanaparthy",
        "survey_number": "258",
        "pattadar_account_no": "0010",
        "landholder_name": "Srinivas Yadav (synthetic)",
        "land_type": "Dry (Metta)",
        "soil_type": "Red Loamy",
        "crop": "Turmeric",
        "area_acres_guntas": "2A 31G",
        "area_acres_decimal": 2.77
      },
      "geometry": {
        "type": "Polygon",
        "coordinates": [
          [
            [
              77.962464,
              16.730038
            ],
            [
              77.963347,
              16.730038
            ],
            [
              77.963347,
              16.730942
            ],
            [
              77.962464,
              16.730942
            ],
            [
              77.962464,
              16.730038
            ]
          ]
        ]
      }
    },
    {
      "type": "Feature",
      "properties": {
        "data_source": "SYNTHETIC - not an official record",
        "state": "Telangana",
        "district": "Mahabubnagar",
        "mandal": "Wanaparthy",
        "village": "Wanaparthy",
        "survey_number": "342",
        "pattadar_account_no": "0011",
        "landholder_name": "Ravi Naidu (synthetic)",
        "land_type": "Garden (Thota)",
        "soil_type": "Black Regada",
        "crop": "Paddy",
        "area_acres_guntas": "0A 23G",
        "area_acres_decimal": 0.57
      },
      "geometry": {
        "type": "Polygon",
        "coordinates": [
          [
            [
              78.002238,
              16.594334
            ],
            [
              78.002717,
              16.594334
            ],
            [
              78.002717,
              16.594733
            ],
            [
              78.002238,
              16.594733
            ],
            [
              78.002238,
              16.594334
            ]
          ]
        ]
      }
    },
    {
      "type": "Feature",
      "properties": {
        "data_source": "SYNTHETIC - not an official record",
        "state": "Telangana",
        "district": "Suryapet",
        "mandal": "Kodad",
        "village": "Kodad",
        "survey_number": "227/1",
        "pattadar_account_no": "0008",
        "landholder_name": "Anjaiah Yadav (synthetic)",
        "land_type": "Dry (Metta)",
        "soil_type": "Sandy Loam",
        "crop": "Mango Orchard",
        "area_acres_guntas": "3A 24G",
        "area_acres_decimal": 3.6
      },
      "geometry": {
        "type": "Polygon",
        "coordinates": [
          [
            [
              79.640679,
              16.964052
            ],
            [
              79.641839,
              16.964052
            ],
            [
              79.641839,
              16.965076
            ],
            [
              79.640679,
              16.965076
            ],
            [
              79.640679,
              16.964052
            ]
          ]
        ]
      }
    },
    {
      "type": "Feature",
      "properties": {
        "data_source": "SYNTHETIC - not an official record",
        "state": "Telangana",
        "district": "Medchal-Malkajgiri",
        "mandal": "Keesara",
        "village": "Keesara",
        "survey_number": "90",
        "pattadar_account_no": "0010",
        "landholder_name": "Anasuya Reddy (synthetic)",
        "land_type": "Wet (Nala/Baavi)",
        "soil_type": "Black Regada",
        "crop": "Maize",
        "area_acres_guntas": "2A 1G",
        "area_acres_decimal": 2.02
      },
      "geometry": {
        "type": "Polygon",
        "coordinates": [
          [
            [
              78.522061,
              17.634595
            ],
            [
              78.52282,
              17.634595
            ],
            [
              78.52282,
              17.635307
            ],
            [
              78.522061,
              17.635307
            ],
            [
              78.522061,
              17.634595
            ]
          ]
        ]
      }
    },
    {
      "type": "Feature",
      "properties": {
        "data_source": "SYNTHETIC - not an official record",
        "state": "Telangana",
        "district": "Khammam",
        "mandal": "Khammam",
        "village": "Khammam Rural",
        "survey_number": "256/6A",
        "pattadar_account_no": "0011",
        "landholder_name": "Ramulu Goud (synthetic)",
        "land_type": "Wet (Nala/Baavi)",
        "soil_type": "Red Chalka",
        "crop": "Maize",
        "area_acres_guntas": "3A 34G",
        "area_acres_decimal": 3.85
      },
      "geometry": {
        "type": "Polygon",
        "coordinates": [
          [
            [
              80.078439,
              17.136752
            ],
            [
              80.079657,
              17.136752
            ],
            [
              80.079657,
              17.138035
            ],
            [
              80.078439,
              17.138035
            ],
            [
              80.078439,
              17.136752
            ]
          ]
        ]
      }
    },
    {
      "type": "Feature",
      "properties": {
        "data_source": "SYNTHETIC - not an official record",
        "state": "Telangana",
        "district": "Karimnagar",
        "mandal": "Karimnagar",
        "village": "Thimmapur",
        "survey_number": "277/9A",
        "pattadar_account_no": "0007",
        "landholder_name": "Krishnamurthy Chary (synthetic)",
        "land_type": "Wet (Nala/Baavi)",
        "soil_type": "Sandy Loam",
        "crop": "Cotton",
        "area_acres_guntas": "1A 14G",
        "area_acres_decimal": 1.35
      },
      "geometry": {
        "type": "Polygon",
        "coordinates": [
          [
            [
              79.076811,
              18.558773
            ],
            [
              79.077604,
              18.558773
            ],
            [
              79.077604,
              18.559394
            ],
            [
              79.076811,
              18.559394
            ],
            [
              79.076811,
              18.558773
            ]
          ]
        ]
      }
    },
    {
      "type": "Feature",
      "properties": {
        "data_source": "SYNTHETIC - not an official record",
        "state": "Telangana",
        "district": "Rangareddy",
        "mandal": "Shamshabad",
        "village": "Shamshabad",
        "survey_number": "273/6",
        "pattadar_account_no": "0012",
        "landholder_name": "Anjaiah Rao (synthetic)",
        "land_type": "Dry (Metta)",
        "soil_type": "Red Loamy",
        "crop": "Fallow",
        "area_acres_guntas": "1A 1G",
        "area_acres_decimal": 1.02
      },
      "geometry": {
        "type": "Polygon",
        "coordinates": [
          [
            [
              78.243051,
              17.359374
            ],
            [
              78.243659,
              17.359374
            ],
            [
              78.243659,
              17.359931
            ],
            [
              78.243051,
              17.359931
            ],
            [
              78.243051,
              17.359374
            ]
          ]
        ]
      }
    },
    {
      "type": "Feature",
      "properties": {
        "data_source": "SYNTHETIC - not an official record",
        "state": "Telangana",
        "district": "Adilabad",
        "mandal": "Nirmal",
        "village": "Laxmanchanda",
        "survey_number": "13/6B",
        "pattadar_account_no": "0012",
        "landholder_name": "Ravi Goud (synthetic)",
        "land_type": "Wet (Nala/Baavi)",
        "soil_type": "Red Loamy",
        "crop": "Fallow",
        "area_acres_guntas": "1A 0G",
        "area_acres_decimal": 1.0
      },
      "geometry": {
        "type": "Polygon",
        "coordinates": [
          [
            [
              78.301786,
              19.505916
            ],
            [
              78.302391,
              19.505916
            ],
            [
              78.302391,
              19.506453
            ],
            [
              78.301786,
              19.506453
            ],
            [
              78.301786,
              19.505916
            ]
          ]
        ]
      }
    },
    {
      "type": "Feature",
      "properties": {
        "data_source": "SYNTHETIC - not an official record",
        "state": "Telangana",
        "district": "Adilabad",
        "mandal": "Nirmal",
        "village": "Bhainsa",
        "survey_number": "63",
        "pattadar_account_no": "0011",
        "landholder_name": "Ramulu Naidu (synthetic)",
        "land_type": "Garden (Thota)",
        "soil_type": "Sandy Loam",
        "crop": "Soybean",
        "area_acres_guntas": "3A 27G",
        "area_acres_decimal": 3.67
      },
      "geometry": {
        "type": "Polygon",
        "coordinates": [
          [
            [
              78.440175,
              19.494421
            ],
            [
              78.441326,
              19.494421
            ],
            [
              78.441326,
              19.495654
            ],
            [
              78.440175,
              19.495654
            ],
            [
              78.440175,
              19.494421
            ]
          ]
        ]
      }
    },
    {
      "type": "Feature",
      "properties": {
        "data_source": "SYNTHETIC - not an official record",
        "state": "Telangana",
        "district": "Nizamabad",
        "mandal": "Nizamabad",
        "village": "Nizamabad Rural",
        "survey_number": "129/8",
        "pattadar_account_no": "0009",
        "landholder_name": "Chandraiah Chary (synthetic)",
        "land_type": "Dry (Metta)",
        "soil_type": "Red Chalka",
        "crop": "Cotton",
        "area_acres_guntas": "1A 32G",
        "area_acres_decimal": 1.8
      },
      "geometry": {
        "type": "Polygon",
        "coordinates": [
          [
            [
              78.01858,
              18.604629
            ],
            [
              78.019459,
              18.604629
            ],
            [
              78.019459,
              18.605483
            ],
            [
              78.01858,
              18.605483
            ],
            [
              78.01858,
              18.604629
            ]
          ]
        ]
      }
    },
    {
      "type": "Feature",
      "properties": {
        "data_source": "SYNTHETIC - not an official record",
        "state": "Telangana",
        "district": "Karimnagar",
        "mandal": "Karimnagar",
        "village": "Choppadandi",
        "survey_number": "109/3",
        "pattadar_account_no": "0010",
        "landholder_name": "Yellaiah Chary (synthetic)",
        "land_type": "Wet (Nala/Baavi)",
        "soil_type": "Sandy Loam",
        "crop": "Mango Orchard",
        "area_acres_guntas": "2A 19G",
        "area_acres_decimal": 2.48
      },
      "geometry": {
        "type": "Polygon",
        "coordinates": [
          [
            [
              79.161301,
              18.545807
            ],
            [
              79.162392,
              18.545807
            ],
            [
              79.162392,
              18.546816
            ],
            [
              79.161301,
              18.546816
            ],
            [
              79.161301,
              18.545807
            ]
          ]
        ]
      }
    },
    {
      "type": "Feature",
      "properties": {
        "data_source": "SYNTHETIC - not an official record",
        "state": "Telangana",
        "district": "Karimnagar",
        "mandal": "Huzurabad",
        "village": "Jammikunta",
        "survey_number": "328/8B",
        "pattadar_account_no": "0003",
        "landholder_name": "Yellaiah Chary (synthetic)",
        "land_type": "Dry (Metta)",
        "soil_type": "Sandy Loam",
        "crop": "Fallow",
        "area_acres_guntas": "0A 31G",
        "area_acres_decimal": 0.78
      },
      "geometry": {
        "type": "Polygon",
        "coordinates": [
          [
            [
              79.094151,
              18.447757
            ],
            [
              79.094649,
              18.447757
            ],
            [
              79.094649,
              18.44822
            ],
            [
              79.094151,
              18.44822
            ],
            [
              79.094151,
              18.447757
            ]
          ]
        ]
      }
    },
    {
      "type": "Feature",
      "properties": {
        "data_source": "SYNTHETIC - not an official record",
        "state": "Telangana",
        "district": "Nalgonda",
        "mandal": "Devarakonda",
        "village": "Devarakonda",
        "survey_number": "59/6",
        "pattadar_account_no": "0005",
        "landholder_name": "Ravi Chary (synthetic)",
        "land_type": "Dry (Metta)",
        "soil_type": "Red Chalka",
        "crop": "Fallow",
        "area_acres_guntas": "1A 24G",
        "area_acres_decimal": 1.6
      },
      "geometry": {
        "type": "Polygon",
        "coordinates": [
          [
            [
              79.012633,
              16.992297
            ],
            [
              79.0135,
              16.992297
            ],
            [
              79.0135,
              16.992937
            ],
            [
              79.012633,
              16.992937
            ],
            [
              79.012633,
              16.992297
            ]
          ]
        ]
      }
    },
    {
      "type": "Feature",
      "properties": {
        "data_source": "SYNTHETIC - not an official record",
        "state": "Telangana",
        "district": "Medchal-Malkajgiri",
        "mandal": "Shamirpet",
        "village": "Shamirpet",
        "survey_number": "74/2",
        "pattadar_account_no": "0009",
        "landholder_name": "Mallesham Naik (synthetic)",
        "land_type": "Dry (Metta)",
        "soil_type": "Black Regada",
        "crop": "Fallow",
        "area_acres_guntas": "3A 9G",
        "area_acres_decimal": 3.23
      },
      "geometry": {
        "type": "Polygon",
        "coordinates": [
          [
            [
              78.310591,
              17.708579
            ],
            [
              78.31172,
              17.708579
            ],
            [
              78.31172,
              17.709505
            ],
            [
              78.310591,
              17.709505
            ],
            [
              78.310591,
              17.708579
            ]
          ]
        ]
      }
    },
    {
      "type": "Feature",
      "properties": {
        "data_source": "SYNTHETIC - not an official record",
        "state": "Telangana",
        "district": "Nizamabad",
        "mandal": "Armoor",
        "village": "Armoor",
        "survey_number": "196",
        "pattadar_account_no": "0009",
        "landholder_name": "Sammaiah Reddy (synthetic)",
        "land_type": "Wet (Nala/Baavi)",
        "soil_type": "Red Chalka",
        "crop": "Paddy",
        "area_acres_guntas": "1A 30G",
        "area_acres_decimal": 1.75
      },
      "geometry": {
        "type": "Polygon",
        "coordinates": [
          [
            [
              78.264733,
              18.796529
            ],
            [
              78.265539,
              18.796529
            ],
            [
              78.265539,
              18.797281
            ],
            [
              78.264733,
              18.797281
            ],
            [
              78.264733,
              18.796529
            ]
          ]
        ]
      }
    },
    {
      "type": "Feature",
      "properties": {
        "data_source": "SYNTHETIC - not an official record",
        "state": "Telangana",
        "district": "Warangal",
        "mandal": "Warangal",
        "village": "Wardhannapet",
        "survey_number": "188/8",
        "pattadar_account_no": "0007",
        "landholder_name": "Anjaiah Yadav (synthetic)",
        "land_type": "Dry (Metta)",
        "soil_type": "Red Chalka",
        "crop": "Fallow",
        "area_acres_guntas": "1A 10G",
        "area_acres_decimal": 1.25
      },
      "geometry": {
        "type": "Polygon",
        "coordinates": [
          [
            [
              79.466296,
              17.878791
            ],
            [
              79.467057,
              17.878791
            ],
            [
              79.467057,
              17.879511
            ],
            [
              79.466296,
              17.879511
            ],
            [
              79.466296,
              17.878791
            ]
          ]
        ]
      }
    },
    {
      "type": "Feature",
      "properties": {
        "data_source": "SYNTHETIC - not an official record",
        "state": "Telangana",
        "district": "Nizamabad",
        "mandal": "Nizamabad",
        "village": "Varni",
        "survey_number": "116",
        "pattadar_account_no": "0007",
        "landholder_name": "Mallesham Reddy (synthetic)",
        "land_type": "Garden (Thota)",
        "soil_type": "Red Chalka",
        "crop": "Groundnut",
        "area_acres_guntas": "1A 4G",
        "area_acres_decimal": 1.1
      },
      "geometry": {
        "type": "Polygon",
        "coordinates": [
          [
            [
              78.208589,
              18.715233
            ],
            [
              78.209191,
              18.715233
            ],
            [
              78.209191,
              18.715814
            ],
            [
              78.208589,
              18.715814
            ],
            [
              78.208589,
              18.715233
            ]
          ]
        ]
      }
    },
    {
      "type": "Feature",
      "properties": {
        "data_source": "SYNTHETIC - not an official record",
        "state": "Telangana",
        "district": "Nizamabad",
        "mandal": "Armoor",
        "village": "Balkonda",
        "survey_number": "332/2A",
        "pattadar_account_no": "0005",
        "landholder_name": "Padma (synthetic)",
        "land_type": "Wet (Nala/Baavi)",
        "soil_type": "Red Chalka",
        "crop": "Mango Orchard",
        "area_acres_guntas": "3A 12G",
        "area_acres_decimal": 3.3
      },
      "geometry": {
        "type": "Polygon",
        "coordinates": [
          [
            [
              78.161577,
              18.481649
            ],
            [
              78.162739,
              18.481649
            ],
            [
              78.162739,
              18.482542
            ],
            [
              78.161577,
              18.482542
            ],
            [
              78.161577,
              18.481649
            ]
          ]
        ]
      }
    },
    {
      "type": "Feature",
      "properties": {
        "data_source": "SYNTHETIC - not an official record",
        "state": "Telangana",
        "district": "Rangareddy",
        "mandal": "Ibrahimpatnam",
        "village": "Kurmalguda",
        "survey_number": "192/3A",
        "pattadar_account_no": "0004",
        "landholder_name": "Ravi Goud (synthetic)",
        "land_type": "Garden (Thota)",
        "soil_type": "Black Regada",
        "crop": "Fallow",
        "area_acres_guntas": "1A 15G",
        "area_acres_decimal": 1.38
      },
      "geometry": {
        "type": "Polygon",
        "coordinates": [
          [
            [
              78.524991,
              17.425265
            ],
            [
              78.525608,
              17.425265
            ],
            [
              78.525608,
              17.425962
            ],
            [
              78.524991,
              17.425962
            ],
            [
              78.524991,
              17.425265
            ]
          ]
        ]
      }
    },
    {
      "type": "Feature",
      "properties": {
        "data_source": "SYNTHETIC - not an official record",
        "state": "Telangana",
        "district": "Suryapet",
        "mandal": "Kodad",
        "village": "Nadigudem",
        "survey_number": "179/4",
        "pattadar_account_no": "0007",
        "landholder_name": "Sammaiah Naidu (synthetic)",
        "land_type": "Dry (Metta)",
        "soil_type": "Red Loamy",
        "crop": "Turmeric",
        "area_acres_guntas": "0A 11G",
        "area_acres_decimal": 0.28
      },
      "geometry": {
        "type": "Polygon",
        "coordinates": [
          [
            [
              79.578728,
              16.898032
            ],
            [
              79.579043,
              16.898032
            ],
            [
              79.579043,
              16.898315
            ],
            [
              79.578728,
              16.898315
            ],
            [
              79.578728,
              16.898032
            ]
          ]
        ]
      }
    },
    {
      "type": "Feature",
      "properties": {
        "data_source": "SYNTHETIC - not an official record",
        "state": "Telangana",
        "district": "Nalgonda",
        "mandal": "Nalgonda",
        "village": "Chandupatla",
        "survey_number": "20/4",
        "pattadar_account_no": "0008",
        "landholder_name": "Narsimha Naik (synthetic)",
        "land_type": "Wet (Nala/Baavi)",
        "soil_type": "Red Chalka",
        "crop": "Paddy",
        "area_acres_guntas": "3A 5G",
        "area_acres_decimal": 3.12
      },
      "geometry": {
        "type": "Polygon",
        "coordinates": [
          [
            [
              79.034276,
              16.911304
            ],
            [
              79.035472,
              16.911304
            ],
            [
              79.035472,
              16.912383
            ],
            [
              79.034276,
              16.912383
            ],
            [
              79.034276,
              16.911304
            ]
          ]
        ]
      }
    },
    {
      "type": "Feature",
      "properties": {
        "data_source": "SYNTHETIC - not an official record",
        "state": "Telangana",
        "district": "Medchal-Malkajgiri",
        "mandal": "Shamirpet",
        "village": "Gundlapochampally",
        "survey_number": "149",
        "pattadar_account_no": "0011",
        "landholder_name": "Lakshmamma Reddy (synthetic)",
        "land_type": "Dry (Metta)",
        "soil_type": "Black Regada",
        "crop": "Fallow",
        "area_acres_guntas": "1A 0G",
        "area_acres_decimal": 1.0
      },
      "geometry": {
        "type": "Polygon",
        "coordinates": [
          [
            [
              78.409655,
              17.738633
            ],
            [
              78.410233,
              17.738633
            ],
            [
              78.410233,
              17.739128
            ],
            [
              78.409655,
              17.739128
            ],
            [
              78.409655,
              17.738633
            ]
          ]
        ]
      }
    },
    {
      "type": "Feature",
      "properties": {
        "data_source": "SYNTHETIC - not an official record",
        "state": "Telangana",
        "district": "Nizamabad",
        "mandal": "Nizamabad",
        "village": "Bodhan",
        "survey_number": "238/4",
        "pattadar_account_no": "0007",
        "landholder_name": "Ravi Goud (synthetic)",
        "land_type": "Dry (Metta)",
        "soil_type": "Red Chalka",
        "crop": "Cotton",
        "area_acres_guntas": "2A 9G",
        "area_acres_decimal": 2.23
      },
      "geometry": {
        "type": "Polygon",
        "coordinates": [
          [
            [
              78.314011,
              18.866476
            ],
            [
              78.314991,
              18.866476
            ],
            [
              78.314991,
              18.867372
            ],
            [
              78.314011,
              18.867372
            ],
            [
              78.314011,
              18.866476
            ]
          ]
        ]
      }
    },
    {
      "type": "Feature",
      "properties": {
        "data_source": "SYNTHETIC - not an official record",
        "state": "Telangana",
        "district": "Medchal-Malkajgiri",
        "mandal": "Keesara",
        "village": "Nagaram",
        "survey_number": "316",
        "pattadar_account_no": "0005",
        "landholder_name": "Sammaiah Rao (synthetic)",
        "land_type": "Wet (Nala/Baavi)",
        "soil_type": "Red Chalka",
        "crop": "Maize",
        "area_acres_guntas": "1A 24G",
        "area_acres_decimal": 1.6
      },
      "geometry": {
        "type": "Polygon",
        "coordinates": [
          [
            [
              78.765251,
              17.718779
            ],
            [
              78.766009,
              17.718779
            ],
            [
              78.766009,
              17.719443
            ],
            [
              78.765251,
              17.719443
            ],
            [
              78.765251,
              17.718779
            ]
          ]
        ]
      }
    },
    {
      "type": "Feature",
      "properties": {
        "data_source": "SYNTHETIC - not an official record",
        "state": "Telangana",
        "district": "Nalgonda",
        "mandal": "Devarakonda",
        "village": "Chandampet",
        "survey_number": "168",
        "pattadar_account_no": "0011",
        "landholder_name": "Sammaiah Naidu (synthetic)",
        "land_type": "Garden (Thota)",
        "soil_type": "Sandy Loam",
        "crop": "Paddy",
        "area_acres_guntas": "0A 5G",
        "area_acres_decimal": 0.12
      },
      "geometry": {
        "type": "Polygon",
        "coordinates": [
          [
            [
              78.990854,
              17.276982
            ],
            [
              78.99104,
              17.276982
            ],
            [
              78.99104,
              17.277155
            ],
            [
              78.990854,
              17.277155
            ],
            [
              78.990854,
              17.276982
            ]
          ]
        ]
      }
    },
    {
      "type": "Feature",
      "properties": {
        "data_source": "SYNTHETIC - not an official record",
        "state": "Telangana",
        "district": "Nalgonda",
        "mandal": "Devarakonda",
        "village": "Nampalle",
        "survey_number": "225",
        "pattadar_account_no": "0005",
        "landholder_name": "Mallesham Naik (synthetic)",
        "land_type": "Dry (Metta)",
        "soil_type": "Red Chalka",
        "crop": "Mango Orchard",
        "area_acres_guntas": "2A 25G",
        "area_acres_decimal": 2.62
      },
      "geometry": {
        "type": "Polygon",
        "coordinates": [
          [
            [
              78.969099,
              17.069075
            ],
            [
              78.970194,
              17.069075
            ],
            [
              78.970194,
              17.069995
            ],
            [
              78.969099,
              17.069995
            ],
            [
              78.969099,
              17.069075
            ]
          ]
        ]
      }
    },
    {
      "type": "Feature",
      "properties": {
        "data_source": "SYNTHETIC - not an official record",
        "state": "Telangana",
        "district": "Nalgonda",
        "mandal": "Miryalaguda",
        "village": "Damaracherla",
        "survey_number": "348",
        "pattadar_account_no": "0007",
        "landholder_name": "Narsimha Naik (synthetic)",
        "land_type": "Garden (Thota)",
        "soil_type": "Black Regada",
        "crop": "Mango Orchard",
        "area_acres_guntas": "0A 6G",
        "area_acres_decimal": 0.15
      },
      "geometry": {
        "type": "Polygon",
        "coordinates": [
          [
            [
              78.926177,
              17.194135
            ],
            [
              78.92639,
              17.194135
            ],
            [
              78.92639,
              17.19434
            ],
            [
              78.926177,
              17.19434
            ],
            [
              78.926177,
              17.194135
            ]
          ]
        ]
      }
    },
    {
      "type": "Feature",
      "properties": {
        "data_source": "SYNTHETIC - not an official record",
        "state": "Telangana",
        "district": "Warangal",
        "mandal": "Warangal",
        "village": "Hasanparthy",
        "survey_number": "244/6",
        "pattadar_account_no": "0007",
        "landholder_name": "Sammaiah Chary (synthetic)",
        "land_type": "Dry (Metta)",
        "soil_type": "Sandy Loam",
        "crop": "Chilli",
        "area_acres_guntas": "2A 5G",
        "area_acres_decimal": 2.12
      },
      "geometry": {
        "type": "Polygon",
        "coordinates": [
          [
            [
              79.461019,
              17.991701
            ],
            [
              79.461816,
              17.991701
            ],
            [
              79.461816,
              17.99242
            ],
            [
              79.461019,
              17.99242
            ],
            [
              79.461019,
              17.991701
            ]
          ]
        ]
      }
    },
    {
      "type": "Feature",
      "properties": {
        "data_source": "SYNTHETIC - not an official record",
        "state": "Telangana",
        "district": "Suryapet",
        "mandal": "Suryapet",
        "village": "Chilkur",
        "survey_number": "340/3B",
        "pattadar_account_no": "0008",
        "landholder_name": "Srinivas Rao (synthetic)",
        "land_type": "Garden (Thota)",
        "soil_type": "Red Loamy",
        "crop": "Turmeric",
        "area_acres_guntas": "1A 10G",
        "area_acres_decimal": 1.25
      },
      "geometry": {
        "type": "Polygon",
        "coordinates": [
          [
            [
              79.6672,
              17.225024
            ],
            [
              79.667798,
              17.225024
            ],
            [
              79.667798,
              17.22558
            ],
            [
              79.6672,
              17.22558
            ],
            [
              79.6672,
              17.225024
            ]
          ]
        ]
      }
    },
    {
      "type": "Feature",
      "properties": {
        "data_source": "SYNTHETIC - not an official record",
        "state": "Telangana",
        "district": "Khammam",
        "mandal": "Khammam",
        "village": "Kusumanchi",
        "survey_number": "133",
        "pattadar_account_no": "0004",
        "landholder_name": "Ramulu Goud (synthetic)",
        "land_type": "Garden (Thota)",
        "soil_type": "Red Chalka",
        "crop": "Chilli",
        "area_acres_guntas": "0A 16G",
        "area_acres_decimal": 0.4
      },
      "geometry": {
        "type": "Polygon",
        "coordinates": [
          [
            [
              80.316768,
              17.083771
            ],
            [
              80.317114,
              17.083771
            ],
            [
              80.317114,
              17.084105
            ],
            [
              80.316768,
              17.084105
            ],
            [
              80.316768,
              17.083771
            ]
          ]
        ]
      }
    },
    {
      "type": "Feature",
      "properties": {
        "data_source": "SYNTHETIC - not an official record",
        "state": "Telangana",
        "district": "Rangareddy",
        "mandal": "Ibrahimpatnam",
        "village": "Kurmalguda",
        "survey_number": "74",
        "pattadar_account_no": "0005",
        "landholder_name": "Ravi Naik (synthetic)",
        "land_type": "Garden (Thota)",
        "soil_type": "Black Regada",
        "crop": "Maize",
        "area_acres_guntas": "0A 6G",
        "area_acres_decimal": 0.15
      },
      "geometry": {
        "type": "Polygon",
        "coordinates": [
          [
            [
              78.08557,
              17.264729
            ],
            [
              78.085808,
              17.264729
            ],
            [
              78.085808,
              17.26494
            ],
            [
              78.08557,
              17.26494
            ],
            [
              78.08557,
              17.264729
            ]
          ]
        ]
      }
    },
    {
      "type": "Feature",
      "properties": {
        "data_source": "SYNTHETIC - not an official record",
        "state": "Telangana",
        "district": "Suryapet",
        "mandal": "Suryapet",
        "village": "Suryapet Rural",
        "survey_number": "71/4B",
        "pattadar_account_no": "0006",
        "landholder_name": "Chandraiah Naik (synthetic)",
        "land_type": "Garden (Thota)",
        "soil_type": "Sandy Loam",
        "crop": "Maize",
        "area_acres_guntas": "2A 5G",
        "area_acres_decimal": 2.12
      },
      "geometry": {
        "type": "Polygon",
        "coordinates": [
          [
            [
              79.56916,
              17.120559
            ],
            [
              79.57009,
              17.120559
            ],
            [
              79.57009,
              17.121397
            ],
            [
              79.56916,
              17.121397
            ],
            [
              79.56916,
              17.120559
            ]
          ]
        ]
      }
    },
    {
      "type": "Feature",
      "properties": {
        "data_source": "SYNTHETIC - not an official record",
        "state": "Telangana",
        "district": "Warangal",
        "mandal": "Narsampet",
        "village": "Narsampet",
        "survey_number": "25/3B",
        "pattadar_account_no": "0009",
        "landholder_name": "Mallesham Goud (synthetic)",
        "land_type": "Garden (Thota)",
        "soil_type": "Red Chalka",
        "crop": "Groundnut",
        "area_acres_guntas": "0A 23G",
        "area_acres_decimal": 0.57
      },
      "geometry": {
        "type": "Polygon",
        "coordinates": [
          [
            [
              79.639498,
              18.161749
            ],
            [
              79.639908,
              18.161749
            ],
            [
              79.639908,
              18.162146
            ],
            [
              79.639498,
              18.162146
            ],
            [
              79.639498,
              18.161749
            ]
          ]
        ]
      }
    },
    {
      "type": "Feature",
      "properties": {
        "data_source": "SYNTHETIC - not an official record",
        "state": "Telangana",
        "district": "Rangareddy",
        "mandal": "Shamshabad",
        "village": "Kothur",
        "survey_number": "320/5",
        "pattadar_account_no": "0006",
        "landholder_name": "Mallesham Naidu (synthetic)",
        "land_type": "Dry (Metta)",
        "soil_type": "Red Chalka",
        "crop": "Fallow",
        "area_acres_guntas": "1A 14G",
        "area_acres_decimal": 1.35
      },
      "geometry": {
        "type": "Polygon",
        "coordinates": [
          [
            [
              78.459162,
              17.442298
            ],
            [
              78.459959,
              17.442298
            ],
            [
              78.459959,
              17.442912
            ],
            [
              78.459162,
              17.442912
            ],
            [
              78.459162,
              17.442298
            ]
          ]
        ]
      }
    },
    {
      "type": "Feature",
      "properties": {
        "data_source": "SYNTHETIC - not an official record",
        "state": "Telangana",
        "district": "Nizamabad",
        "mandal": "Nizamabad",
        "village": "Bodhan",
        "survey_number": "185/9",
        "pattadar_account_no": "0008",
        "landholder_name": "Ravi Chary (synthetic)",
        "land_type": "Garden (Thota)",
        "soil_type": "Black Regada",
        "crop": "Soybean",
        "area_acres_guntas": "1A 30G",
        "area_acres_decimal": 1.75
      },
      "geometry": {
        "type": "Polygon",
        "coordinates": [
          [
            [
              78.246986,
              18.84145
            ],
            [
              78.247704,
              18.84145
            ],
            [
              78.247704,
              18.842308
            ],
            [
              78.246986,
              18.842308
            ],
            [
              78.246986,
              18.84145
            ]
          ]
        ]
      }
    },
    {
      "type": "Feature",
      "properties": {
        "data_source": "SYNTHETIC - not an official record",
        "state": "Telangana",
        "district": "Khammam",
        "mandal": "Kothagudem",
        "village": "Kothagudem",
        "survey_number": "157/7",
        "pattadar_account_no": "0009",
        "landholder_name": "Balaraju Chary (synthetic)",
        "land_type": "Wet (Nala/Baavi)",
        "soil_type": "Red Chalka",
        "crop": "Fallow",
        "area_acres_guntas": "1A 28G",
        "area_acres_decimal": 1.7
      },
      "geometry": {
        "type": "Polygon",
        "coordinates": [
          [
            [
              80.192889,
              17.018013
            ],
            [
              80.193636,
              17.018013
            ],
            [
              80.193636,
              17.018768
            ],
            [
              80.192889,
              17.018768
            ],
            [
              80.192889,
              17.018013
            ]
          ]
        ]
      }
    },
    {
      "type": "Feature",
      "properties": {
        "data_source": "SYNTHETIC - not an official record",
        "state": "Telangana",
        "district": "Khammam",
        "mandal": "Kothagudem",
        "village": "Kothagudem",
        "survey_number": "188/5A",
        "pattadar_account_no": "0010",
        "landholder_name": "Krishnamurthy Chary (synthetic)",
        "land_type": "Garden (Thota)",
        "soil_type": "Black Regada",
        "crop": "Maize",
        "area_acres_guntas": "0A 16G",
        "area_acres_decimal": 0.4
      },
      "geometry": {
        "type": "Polygon",
        "coordinates": [
          [
            [
              79.949511,
              17.407402
            ],
            [
              79.949912,
              17.407402
            ],
            [
              79.949912,
              17.407758
            ],
            [
              79.949511,
              17.407758
            ],
            [
              79.949511,
              17.407402
            ]
          ]
        ]
      }
    },
    {
      "type": "Feature",
      "properties": {
        "data_source": "SYNTHETIC - not an official record",
        "state": "Telangana",
        "district": "Warangal",
        "mandal": "Warangal",
        "village": "Kazipet",
        "survey_number": "338",
        "pattadar_account_no": "0007",
        "landholder_name": "Yellaiah Yadav (synthetic)",
        "land_type": "Dry (Metta)",
        "soil_type": "Sandy Loam",
        "crop": "Groundnut",
        "area_acres_guntas": "3A 35G",
        "area_acres_decimal": 3.88
      },
      "geometry": {
        "type": "Polygon",
        "coordinates": [
          [
            [
              79.695178,
              17.850204
            ],
            [
              79.696308,
              17.850204
            ],
            [
              79.696308,
              17.851216
            ],
            [
              79.695178,
              17.851216
            ],
            [
              79.695178,
              17.850204
            ]
          ]
        ]
      }
    },
    {
      "type": "Feature",
      "properties": {
        "data_source": "SYNTHETIC - not an official record",
        "state": "Telangana",
        "district": "Mahabubnagar",
        "mandal": "Mahabubnagar",
        "village": "Jadcherla",
        "survey_number": "160/9",
        "pattadar_account_no": "0005",
        "landholder_name": "Bhagyamma Reddy (synthetic)",
        "land_type": "Wet (Nala/Baavi)",
        "soil_type": "Red Chalka",
        "crop": "Red Gram (Kandi)",
        "area_acres_guntas": "3A 39G",
        "area_acres_decimal": 3.98
      },
      "geometry": {
        "type": "Polygon",
        "coordinates": [
          [
            [
              78.229876,
              16.910864
            ],
            [
              78.23117,
              16.910864
            ],
            [
              78.23117,
              16.91212
            ],
            [
              78.229876,
              16.91212
            ],
            [
              78.229876,
              16.910864
            ]
          ]
        ]
      }
    },
    {
      "type": "Feature",
      "properties": {
        "data_source": "SYNTHETIC - not an official record",
        "state": "Telangana",
        "district": "Nalgonda",
        "mandal": "Miryalaguda",
        "village": "Nutankal",
        "survey_number": "12/6B",
        "pattadar_account_no": "0003",
        "landholder_name": "Krishnamurthy Chary (synthetic)",
        "land_type": "Garden (Thota)",
        "soil_type": "Black Regada",
        "crop": "Sugarcane",
        "area_acres_guntas": "3A 17G",
        "area_acres_decimal": 3.42
      },
      "geometry": {
        "type": "Polygon",
        "coordinates": [
          [
            [
              79.377725,
              16.973074
            ],
            [
              79.378949,
              16.973074
            ],
            [
              79.378949,
              16.97417
            ],
            [
              79.377725,
              16.97417
            ],
            [
              79.377725,
              16.973074
            ]
          ]
        ]
      }
    },
    {
      "type": "Feature",
      "properties": {
        "data_source": "SYNTHETIC - not an official record",
        "state": "Telangana",
        "district": "Nizamabad",
        "mandal": "Nizamabad",
        "village": "Varni",
        "survey_number": "43/5B",
        "pattadar_account_no": "0008",
        "landholder_name": "Padma Rao (synthetic)",
        "land_type": "Wet (Nala/Baavi)",
        "soil_type": "Red Loamy",
        "crop": "Chilli",
        "area_acres_guntas": "0A 31G",
        "area_acres_decimal": 0.78
      },
      "geometry": {
        "type": "Polygon",
        "coordinates": [
          [
            [
              78.066357,
              18.583408
            ],
            [
              78.066962,
              18.583408
            ],
            [
              78.066962,
              18.58398
            ],
            [
              78.066357,
              18.58398
            ],
            [
              78.066357,
              18.583408
            ]
          ]
        ]
      }
    },
    {
      "type": "Feature",
      "properties": {
        "data_source": "SYNTHETIC - not an official record",
        "state": "Telangana",
        "district": "Mahabubnagar",
        "mandal": "Wanaparthy",
        "village": "Kothakota",
        "survey_number": "59/3",
        "pattadar_account_no": "0005",
        "landholder_name": "Krishnamurthy Chary (synthetic)",
        "land_type": "Dry (Metta)",
        "soil_type": "Red Chalka",
        "crop": "Fallow",
        "area_acres_guntas": "1A 35G",
        "area_acres_decimal": 1.88
      },
      "geometry": {
        "type": "Polygon",
        "coordinates": [
          [
            [
              78.160123,
              16.944349
            ],
            [
              78.160914,
              16.944349
            ],
            [
              78.160914,
              16.945055
            ],
            [
              78.160123,
              16.945055
            ],
            [
              78.160123,
              16.944349
            ]
          ]
        ]
      }
    },
    {
      "type": "Feature",
      "properties": {
        "data_source": "SYNTHETIC - not an official record",
        "state": "Telangana",
        "district": "Suryapet",
        "mandal": "Suryapet",
        "village": "Chilkur",
        "survey_number": "308/2B",
        "pattadar_account_no": "0009",
        "landholder_name": "Ravi Goud (synthetic)",
        "land_type": "Wet (Nala/Baavi)",
        "soil_type": "Red Chalka",
        "crop": "Mango Orchard",
        "area_acres_guntas": "0A 14G",
        "area_acres_decimal": 0.35
      },
      "geometry": {
        "type": "Polygon",
        "coordinates": [
          [
            [
              79.795974,
              17.106632
            ],
            [
              79.796278,
              17.106632
            ],
            [
              79.796278,
              17.106994
            ],
            [
              79.795974,
              17.106994
            ],
            [
              79.795974,
              17.106632
            ]
          ]
        ]
      }
    },
    {
      "type": "Feature",
      "properties": {
        "data_source": "SYNTHETIC - not an official record",
        "state": "Telangana",
        "district": "Warangal",
        "mandal": "Warangal",
        "village": "Kazipet",
        "survey_number": "257/9B",
        "pattadar_account_no": "0008",
        "landholder_name": "Bhagyamma (synthetic)",
        "land_type": "Dry (Metta)",
        "soil_type": "Red Chalka",
        "crop": "Maize",
        "area_acres_guntas": "3A 29G",
        "area_acres_decimal": 3.73
      },
      "geometry": {
        "type": "Polygon",
        "coordinates": [
          [
            [
              79.776437,
              17.961604
            ],
            [
              79.77761,
              17.961604
            ],
            [
              79.77761,
              17.962681
            ],
            [
              79.776437,
              17.962681
            ],
            [
              79.776437,
              17.961604
            ]
          ]
        ]
      }
    },
    {
      "type": "Feature",
      "properties": {
        "data_source": "SYNTHETIC - not an official record",
        "state": "Telangana",
        "district": "Nalgonda",
        "mandal": "Nalgonda",
        "village": "Nalgonda",
        "survey_number": "271/9A",
        "pattadar_account_no": "0007",
        "landholder_name": "Krishnamurthy Reddy (synthetic)",
        "land_type": "Garden (Thota)",
        "soil_type": "Sandy Loam",
        "crop": "Mango Orchard",
        "area_acres_guntas": "2A 4G",
        "area_acres_decimal": 2.1
      },
      "geometry": {
        "type": "Polygon",
        "coordinates": [
          [
            [
              79.310712,
              17.048308
            ],
            [
              79.311542,
              17.048308
            ],
            [
              79.311542,
              17.049025
            ],
            [
              79.310712,
              17.049025
            ],
            [
              79.310712,
              17.048308
            ]
          ]
        ]
      }
    },
    {
      "type": "Feature",
      "properties": {
        "data_source": "SYNTHETIC - not an official record",
        "state": "Telangana",
        "district": "Warangal",
        "mandal": "Warangal",
        "village": "Kazipet",
        "survey_number": "190",
        "pattadar_account_no": "0009",
        "landholder_name": "Lakshmamma Rao (synthetic)",
        "land_type": "Wet (Nala/Baavi)",
        "soil_type": "Red Chalka",
        "crop": "Mango Orchard",
        "area_acres_guntas": "3A 4G",
        "area_acres_decimal": 3.1
      },
      "geometry": {
        "type": "Polygon",
        "coordinates": [
          [
            [
              79.73065,
              18.080759
            ],
            [
              79.731618,
              18.080759
            ],
            [
              79.731618,
              18.081867
            ],
            [
              79.73065,
              18.081867
            ],
            [
              79.73065,
              18.080759
            ]
          ]
        ]
      }
    },
    {
      "type": "Feature",
      "properties": {
        "data_source": "SYNTHETIC - not an official record",
        "state": "Telangana",
        "district": "Warangal",
        "mandal": "Narsampet",
        "village": "Narsampet",
        "survey_number": "49/1B",
        "pattadar_account_no": "0010",
        "landholder_name": "Krishnamurthy Reddy (synthetic)",
        "land_type": "Garden (Thota)",
        "soil_type": "Red Loamy",
        "crop": "Paddy",
        "area_acres_guntas": "3A 10G",
        "area_acres_decimal": 3.25
      },
      "geometry": {
        "type": "Polygon",
        "coordinates": [
          [
            [
              79.831222,
              18.12669
            ],
            [
              79.832217,
              18.12669
            ],
            [
              79.832217,
              18.127663
            ],
            [
              79.831222,
              18.127663
            ],
            [
              79.831222,
              18.12669
            ]
          ]
        ]
      }
    },
    {
      "type": "Feature",
      "properties": {
        "data_source": "SYNTHETIC - not an official record",
        "state": "Telangana",
        "district": "Karimnagar",
        "mandal": "Huzurabad",
        "village": "Jammikunta",
        "survey_number": "97/4B",
        "pattadar_account_no": "0004",
        "landholder_name": "Yellaiah Naik (synthetic)",
        "land_type": "Dry (Metta)",
        "soil_type": "Red Chalka",
        "crop": "Cotton",
        "area_acres_guntas": "2A 2G",
        "area_acres_decimal": 2.05
      },
      "geometry": {
        "type": "Polygon",
        "coordinates": [
          [
            [
              79.110557,
              18.581125
            ],
            [
              79.111471,
              18.581125
            ],
            [
              79.111471,
              18.582013
            ],
            [
              79.110557,
              18.582013
            ],
            [
              79.110557,
              18.581125
            ]
          ]
        ]
      }
    },
    {
      "type": "Feature",
      "properties": {
        "data_source": "SYNTHETIC - not an official record",
        "state": "Telangana",
        "district": "Rangareddy",
        "mandal": "Shamshabad",
        "village": "Shamshabad",
        "survey_number": "184",
        "pattadar_account_no": "0013",
        "landholder_name": "Anjaiah Goud (synthetic)",
        "land_type": "Garden (Thota)",
        "soil_type": "Red Chalka",
        "crop": "Groundnut",
        "area_acres_guntas": "2A 2G",
        "area_acres_decimal": 2.05
      },
      "geometry": {
        "type": "Polygon",
        "coordinates": [
          [
            [
              78.219499,
              17.394088
            ],
            [
              78.220481,
              17.394088
            ],
            [
              78.220481,
              17.394822
            ],
            [
              78.219499,
              17.394822
            ],
            [
              78.219499,
              17.394088
            ]
          ]
        ]
      }
    },
    {
      "type": "Feature",
      "properties": {
        "data_source": "SYNTHETIC - not an official record",
        "state": "Telangana",
        "district": "Rangareddy",
        "mandal": "Chevella",
        "village": "Shabad",
        "survey_number": "193",
        "pattadar_account_no": "0010",
        "landholder_name": "Srinivas Reddy (synthetic)",
        "land_type": "Garden (Thota)",
        "soil_type": "Sandy Loam",
        "crop": "Paddy",
        "area_acres_guntas": "1A 0G",
        "area_acres_decimal": 1.0
      },
      "geometry": {
        "type": "Polygon",
        "coordinates": [
          [
            [
              78.314579,
              17.371454
            ],
            [
              78.315248,
              17.371454
            ],
            [
              78.315248,
              17.372089
            ],
            [
              78.314579,
              17.372089
            ],
            [
              78.314579,
              17.371454
            ]
          ]
        ]
      }
    },
    {
      "type": "Feature",
      "properties": {
        "data_source": "SYNTHETIC - not an official record",
        "state": "Telangana",
        "district": "Warangal",
        "mandal": "Narsampet",
        "village": "Narsampet",
        "survey_number": "117/4A",
        "pattadar_account_no": "0011",
        "landholder_name": "Ramulu Reddy (synthetic)",
        "land_type": "Garden (Thota)",
        "soil_type": "Sandy Loam",
        "crop": "Groundnut",
        "area_acres_guntas": "1A 8G",
        "area_acres_decimal": 1.2
      },
      "geometry": {
        "type": "Polygon",
        "coordinates": [
          [
            [
              79.482033,
              17.973433
            ],
            [
              79.482773,
              17.973433
            ],
            [
              79.482773,
              17.974038
            ],
            [
              79.482033,
              17.974038
            ],
            [
              79.482033,
              17.973433
            ]
          ]
        ]
      }
    },
    {
      "type": "Feature",
      "properties": {
        "data_source": "SYNTHETIC - not an official record",
        "state": "Telangana",
        "district": "Nalgonda",
        "mandal": "Nalgonda",
        "village": "Panagal",
        "survey_number": "12/4",
        "pattadar_account_no": "0005",
        "landholder_name": "Anasuya Goud (synthetic)",
        "land_type": "Garden (Thota)",
        "soil_type": "Black Regada",
        "crop": "Soybean",
        "area_acres_guntas": "3A 11G",
        "area_acres_decimal": 3.27
      },
      "geometry": {
        "type": "Polygon",
        "coordinates": [
          [
            [
              79.34218,
              17.108617
            ],
            [
              79.343357,
              17.108617
            ],
            [
              79.343357,
              17.109708
            ],
            [
              79.34218,
              17.109708
            ],
            [
              79.34218,
              17.108617
            ]
          ]
        ]
      }
    },
    {
      "type": "Feature",
      "properties": {
        "data_source": "SYNTHETIC - not an official record",
        "state": "Telangana",
        "district": "Adilabad",
        "mandal": "Adilabad",
        "village": "Adilabad Rural",
        "survey_number": "44",
        "pattadar_account_no": "0007",
        "landholder_name": "Narsimha Naidu (synthetic)",
        "land_type": "Garden (Thota)",
        "soil_type": "Red Chalka",
        "crop": "Soybean",
        "area_acres_guntas": "0A 1G",
        "area_acres_decimal": 0.03
      },
      "geometry": {
        "type": "Polygon",
        "coordinates": [
          [
            [
              78.707673,
              19.435734
            ],
            [
              78.707844,
              19.435734
            ],
            [
              78.707844,
              19.435905
            ],
            [
              78.707673,
              19.435905
            ],
            [
              78.707673,
              19.435734
            ]
          ]
        ]
      }
    },
    {
      "type": "Feature",
      "properties": {
        "data_source": "SYNTHETIC - not an official record",
        "state": "Telangana",
        "district": "Mahabubnagar",
        "mandal": "Wanaparthy",
        "village": "Pebbair",
        "survey_number": "159",
        "pattadar_account_no": "0007",
        "landholder_name": "Bhagyamma Naidu (synthetic)",
        "land_type": "Wet (Nala/Baavi)",
        "soil_type": "Red Loamy",
        "crop": "Paddy",
        "area_acres_guntas": "3A 10G",
        "area_acres_decimal": 3.25
      },
      "geometry": {
        "type": "Polygon",
        "coordinates": [
          [
            [
              78.037021,
              16.723243
            ],
            [
              78.038015,
              16.723243
            ],
            [
              78.038015,
              16.724334
            ],
            [
              78.037021,
              16.724334
            ],
            [
              78.037021,
              16.723243
            ]
          ]
        ]
      }
    },
    {
      "type": "Feature",
      "properties": {
        "data_source": "SYNTHETIC - not an official record",
        "state": "Telangana",
        "district": "Rangareddy",
        "mandal": "Shamshabad",
        "village": "Chandanagar Kalan",
        "survey_number": "304/6",
        "pattadar_account_no": "0010",
        "landholder_name": "Yellaiah Goud (synthetic)",
        "land_type": "Garden (Thota)",
        "soil_type": "Black Regada",
        "crop": "Cotton",
        "area_acres_guntas": "2A 1G",
        "area_acres_decimal": 2.02
      },
      "geometry": {
        "type": "Polygon",
        "coordinates": [
          [
            [
              78.318716,
              17.260093
            ],
            [
              78.319554,
              17.260093
            ],
            [
              78.319554,
              17.260915
            ],
            [
              78.318716,
              17.260915
            ],
            [
              78.318716,
              17.260093
            ]
          ]
        ]
      }
    },
    {
      "type": "Feature",
      "properties": {
        "data_source": "SYNTHETIC - not an official record",
        "state": "Telangana",
        "district": "Khammam",
        "mandal": "Khammam",
        "village": "Khammam Rural",
        "survey_number": "237",
        "pattadar_account_no": "0012",
        "landholder_name": "Balaraju Naik (synthetic)",
        "land_type": "Garden (Thota)",
        "soil_type": "Red Chalka",
        "crop": "Red Gram (Kandi)",
        "area_acres_guntas": "1A 14G",
        "area_acres_decimal": 1.35
      },
      "geometry": {
        "type": "Polygon",
        "coordinates": [
          [
            [
              79.938807,
              17.29027
            ],
            [
              79.939422,
              17.29027
            ],
            [
              79.939422,
              17.290967
            ],
            [
              79.938807,
              17.290967
            ],
            [
              79.938807,
              17.29027
            ]
          ]
        ]
      }
    },
    {
      "type": "Feature",
      "properties": {
        "data_source": "SYNTHETIC - not an official record",
        "state": "Telangana",
        "district": "Rangareddy",
        "mandal": "Chevella",
        "village": "Moinabad",
        "survey_number": "238/8B",
        "pattadar_account_no": "0006",
        "landholder_name": "Ravi Goud (synthetic)",
        "land_type": "Garden (Thota)",
        "soil_type": "Sandy Loam",
        "crop": "Paddy",
        "area_acres_guntas": "1A 5G",
        "area_acres_decimal": 1.12
      },
      "geometry": {
        "type": "Polygon",
        "coordinates": [
          [
            [
              78.079749,
              16.953602
            ],
            [
              78.08042,
              16.953602
            ],
            [
              78.08042,
              16.954124
            ],
            [
              78.079749,
              16.954124
            ],
            [
              78.079749,
              16.953602
            ]
          ]
        ]
      }
    },
    {
      "type": "Feature",
      "properties": {
        "data_source": "SYNTHETIC - not an official record",
        "state": "Telangana",
        "district": "Khammam",
        "mandal": "Khammam",
        "village": "Khammam Rural",
        "survey_number": "103/2A",
        "pattadar_account_no": "0013",
        "landholder_name": "Balaraju (synthetic)",
        "land_type": "Garden (Thota)",
        "soil_type": "Black Regada",
        "crop": "Mango Orchard",
        "area_acres_guntas": "0A 34G",
        "area_acres_decimal": 0.85
      },
      "geometry": {
        "type": "Polygon",
        "coordinates": [
          [
            [
              80.180534,
              17.154381
            ],
            [
              80.181083,
              17.154381
            ],
            [
              80.181083,
              17.154846
            ],
            [
              80.180534,
              17.154846
            ],
            [
              80.180534,
              17.154381
            ]
          ]
        ]
      }
    },
    {
      "type": "Feature",
      "properties": {
        "data_source": "SYNTHETIC - not an official record",
        "state": "Telangana",
        "district": "Karimnagar",
        "mandal": "Karimnagar",
        "village": "Thimmapur",
        "survey_number": "119/3",
        "pattadar_account_no": "0008",
        "landholder_name": "Ramulu Goud (synthetic)",
        "land_type": "Dry (Metta)",
        "soil_type": "Sandy Loam",
        "crop": "Fallow",
        "area_acres_guntas": "3A 23G",
        "area_acres_decimal": 3.58
      },
      "geometry": {
        "type": "Polygon",
        "coordinates": [
          [
            [
              78.949124,
              18.494087
            ],
            [
              78.950396,
              18.494087
            ],
            [
              78.950396,
              18.495132
            ],
            [
              78.949124,
              18.495132
            ],
            [
              78.949124,
              18.494087
            ]
          ]
        ]
      }
    },
    {
      "type": "Feature",
      "properties": {
        "data_source": "SYNTHETIC - not an official record",
        "state": "Telangana",
        "district": "Medchal-Malkajgiri",
        "mandal": "Shamirpet",
        "village": "Gundlapochampally",
        "survey_number": "117",
        "pattadar_account_no": "0012",
        "landholder_name": "Yellaiah Naik (synthetic)",
        "land_type": "Dry (Metta)",
        "soil_type": "Red Chalka",
        "crop": "Cotton",
        "area_acres_guntas": "2A 1G",
        "area_acres_decimal": 2.02
      },
      "geometry": {
        "type": "Polygon",
        "coordinates": [
          [
            [
              78.382222,
              17.505508
            ],
            [
              78.38299,
              17.505508
            ],
            [
              78.38299,
              17.50623
            ],
            [
              78.382222,
              17.50623
            ],
            [
              78.382222,
              17.505508
            ]
          ]
        ]
      }
    },
    {
      "type": "Feature",
      "properties": {
        "data_source": "SYNTHETIC - not an official record",
        "state": "Telangana",
        "district": "Adilabad",
        "mandal": "Nirmal",
        "village": "Nirmal",
        "survey_number": "109",
        "pattadar_account_no": "0004",
        "landholder_name": "Padma Chary (synthetic)",
        "land_type": "Wet (Nala/Baavi)",
        "soil_type": "Black Regada",
        "crop": "Chilli",
        "area_acres_guntas": "1A 32G",
        "area_acres_decimal": 1.8
      },
      "geometry": {
        "type": "Polygon",
        "coordinates": [
          [
            [
              78.470636,
              19.865752
            ],
            [
              78.4715,
              19.865752
            ],
            [
              78.4715,
              19.866632
            ],
            [
              78.470636,
              19.866632
            ],
            [
              78.470636,
              19.865752
            ]
          ]
        ]
      }
    },
    {
      "type": "Feature",
      "properties": {
        "data_source": "SYNTHETIC - not an official record",
        "state": "Telangana",
        "district": "Medchal-Malkajgiri",
        "mandal": "Shamirpet",
        "village": "Thirumalagiri",
        "survey_number": "43",
        "pattadar_account_no": "0007",
        "landholder_name": "Venkateshwarlu Goud (synthetic)",
        "land_type": "Wet (Nala/Baavi)",
        "soil_type": "Red Chalka",
        "crop": "Turmeric",
        "area_acres_guntas": "3A 7G",
        "area_acres_decimal": 3.17
      },
      "geometry": {
        "type": "Polygon",
        "coordinates": [
          [
            [
              78.531555,
              17.831775
            ],
            [
              78.532785,
              17.831775
            ],
            [
              78.532785,
              17.832852
            ],
            [
              78.531555,
              17.832852
            ],
            [
              78.531555,
              17.831775
            ]
          ]
        ]
      }
    },
    {
      "type": "Feature",
      "properties": {
        "data_source": "SYNTHETIC - not an official record",
        "state": "Telangana",
        "district": "Adilabad",
        "mandal": "Adilabad",
        "village": "Adilabad Rural",
        "survey_number": "193/5A",
        "pattadar_account_no": "0008",
        "landholder_name": "Sammaiah Naidu (synthetic)",
        "land_type": "Dry (Metta)",
        "soil_type": "Sandy Loam",
        "crop": "Paddy",
        "area_acres_guntas": "3A 12G",
        "area_acres_decimal": 3.3
      },
      "geometry": {
        "type": "Polygon",
        "coordinates": [
          [
            [
              78.480185,
              19.690536
            ],
            [
              78.481139,
              19.690536
            ],
            [
              78.481139,
              19.691633
            ],
            [
              78.480185,
              19.691633
            ],
            [
              78.480185,
              19.690536
            ]
          ]
        ]
      }
    },
    {
      "type": "Feature",
      "properties": {
        "data_source": "SYNTHETIC - not an official record",
        "state": "Telangana",
        "district": "Khammam",
        "mandal": "Khammam",
        "village": "Kusumanchi",
        "survey_number": "240/6",
        "pattadar_account_no": "0005",
        "landholder_name": "Narsimha Rao (synthetic)",
        "land_type": "Wet (Nala/Baavi)",
        "soil_type": "Black Regada",
        "crop": "Cotton",
        "area_acres_guntas": "3A 5G",
        "area_acres_decimal": 3.12
      },
      "geometry": {
        "type": "Polygon",
        "coordinates": [
          [
            [
              80.260197,
              17.011214
            ],
            [
              80.261411,
              17.011214
            ],
            [
              80.261411,
              17.012275
            ],
            [
              80.260197,
              17.012275
            ],
            [
              80.260197,
              17.011214
            ]
          ]
        ]
      }
    },
    {
      "type": "Feature",
      "properties": {
        "data_source": "SYNTHETIC - not an official record",
        "state": "Telangana",
        "district": "Rangareddy",
        "mandal": "Ibrahimpatnam",
        "village": "Kurmalguda",
        "survey_number": "141/9",
        "pattadar_account_no": "0006",
        "landholder_name": "Balaraju Naidu (synthetic)",
        "land_type": "Garden (Thota)",
        "soil_type": "Black Regada",
        "crop": "Mango Orchard",
        "area_acres_guntas": "0A 5G",
        "area_acres_decimal": 0.12
      },
      "geometry": {
        "type": "Polygon",
        "coordinates": [
          [
            [
              78.274698,
              17.138198
            ],
            [
              78.274911,
              17.138198
            ],
            [
              78.274911,
              17.138391
            ],
            [
              78.274698,
              17.138391
            ],
            [
              78.274698,
              17.138198
            ]
          ]
        ]
      }
    },
    {
      "type": "Feature",
      "properties": {
        "data_source": "SYNTHETIC - not an official record",
        "state": "Telangana",
        "district": "Warangal",
        "mandal": "Narsampet",
        "village": "Narsampet",
        "survey_number": "176/8A",
        "pattadar_account_no": "0012",
        "landholder_name": "Bhagyamma Yadav (synthetic)",
        "land_type": "Garden (Thota)",
        "soil_type": "Red Loamy",
        "crop": "Fallow",
        "area_acres_guntas": "2A 14G",
        "area_acres_decimal": 2.35
      },
      "geometry": {
        "type": "Polygon",
        "coordinates": [
          [
            [
              79.525827,
              18.172222
            ],
            [
              79.526877,
              18.172222
            ],
            [
              79.526877,
              18.173107
            ],
            [
              79.525827,
              18.173107
            ],
            [
              79.525827,
              18.172222
            ]
          ]
        ]
      }
    },
    {
      "type": "Feature",
      "properties": {
        "data_source": "SYNTHETIC - not an official record",
        "state": "Telangana",
        "district": "Nizamabad",
        "mandal": "Armoor",
        "village": "Armoor",
        "survey_number": "264/6A",
        "pattadar_account_no": "0010",
        "landholder_name": "Anjaiah Rao (synthetic)",
        "land_type": "Garden (Thota)",
        "soil_type": "Red Chalka",
        "crop": "Soybean",
        "area_acres_guntas": "2A 14G",
        "area_acres_decimal": 2.35
      },
      "geometry": {
        "type": "Polygon",
        "coordinates": [
          [
            [
              77.920617,
              18.453937
            ],
            [
              77.921416,
              18.453937
            ],
            [
              77.921416,
              18.45489
            ],
            [
              77.920617,
              18.45489
            ],
            [
              77.920617,
              18.453937
            ]
          ]
        ]
      }
    },
    {
      "type": "Feature",
      "properties": {
        "data_source": "SYNTHETIC - not an official record",
        "state": "Telangana",
        "district": "Medchal-Malkajgiri",
        "mandal": "Keesara",
        "village": "Ghatkesar Road",
        "survey_number": "170/1",
        "pattadar_account_no": "0006",
        "landholder_name": "Narsimha Rao (synthetic)",
        "land_type": "Garden (Thota)",
        "soil_type": "Black Regada",
        "crop": "Red Gram (Kandi)",
        "area_acres_guntas": "3A 17G",
        "area_acres_decimal": 3.42
      },
      "geometry": {
        "type": "Polygon",
        "coordinates": [
          [
            [
              78.585162,
              17.868822
            ],
            [
              78.586336,
              17.868822
            ],
            [
              78.586336,
              17.869825
            ],
            [
              78.585162,
              17.869825
            ],
            [
              78.585162,
              17.868822
            ]
          ]
        ]
      }
    },
    {
      "type": "Feature",
      "properties": {
        "data_source": "SYNTHETIC - not an official record",
        "state": "Telangana",
        "district": "Karimnagar",
        "mandal": "Karimnagar",
        "village": "Karimnagar Rural",
        "survey_number": "169/6",
        "pattadar_account_no": "0006",
        "landholder_name": "Narsimha Reddy (synthetic)",
        "land_type": "Wet (Nala/Baavi)",
        "soil_type": "Sandy Loam",
        "crop": "Mango Orchard",
        "area_acres_guntas": "3A 29G",
        "area_acres_decimal": 3.73
      },
      "geometry": {
        "type": "Polygon",
        "coordinates": [
          [
            [
              79.162207,
              18.538
            ],
            [
              79.163301,
              18.538
            ],
            [
              79.163301,
              18.539142
            ],
            [
              79.162207,
              18.539142
            ],
            [
              79.162207,
              18.538
            ]
          ]
        ]
      }
    },
    {
      "type": "Feature",
      "properties": {
        "data_source": "SYNTHETIC - not an official record",
        "state": "Telangana",
        "district": "Suryapet",
        "mandal": "Kodad",
        "village": "Kodad",
        "survey_number": "72",
        "pattadar_account_no": "0009",
        "landholder_name": "Ramulu (synthetic)",
        "land_type": "Wet (Nala/Baavi)",
        "soil_type": "Red Chalka",
        "crop": "Mango Orchard",
        "area_acres_guntas": "1A 17G",
        "area_acres_decimal": 1.43
      },
      "geometry": {
        "type": "Polygon",
        "coordinates": [
          [
            [
              79.482304,
              17.162945
            ],
            [
              79.483062,
              17.162945
            ],
            [
              79.483062,
              17.163699
            ],
            [
              79.482304,
              17.163699
            ],
            [
              79.482304,
              17.162945
            ]
          ]
        ]
      }
    },
    {
      "type": "Feature",
      "properties": {
        "data_source": "SYNTHETIC - not an official record",
        "state": "Telangana",
        "district": "Khammam",
        "mandal": "Khammam",
        "village": "Nelakondapalli",
        "survey_number": "279/7B",
        "pattadar_account_no": "0012",
        "landholder_name": "Narsimha Naidu (synthetic)",
        "land_type": "Garden (Thota)",
        "soil_type": "Sandy Loam",
        "crop": "Sugarcane",
        "area_acres_guntas": "2A 32G",
        "area_acres_decimal": 2.8
      },
      "geometry": {
        "type": "Polygon",
        "coordinates": [
          [
            [
              80.36121,
              17.49403
            ],
            [
              80.362078,
              17.49403
            ],
            [
              80.362078,
              17.494957
            ],
            [
              80.36121,
              17.494957
            ],
            [
              80.36121,
              17.49403
            ]
          ]
        ]
      }
    },
    {
      "type": "Feature",
      "properties": {
        "data_source": "SYNTHETIC - not an official record",
        "state": "Telangana",
        "district": "Adilabad",
        "mandal": "Nirmal",
        "village": "Laxmanchanda",
        "survey_number": "270",
        "pattadar_account_no": "0013",
        "landholder_name": "Sammaiah Yadav (synthetic)",
        "land_type": "Wet (Nala/Baavi)",
        "soil_type": "Red Chalka",
        "crop": "Paddy",
        "area_acres_guntas": "1A 15G",
        "area_acres_decimal": 1.38
      },
      "geometry": {
        "type": "Polygon",
        "coordinates": [
          [
            [
              78.438292,
              19.538691
            ],
            [
              78.439044,
              19.538691
            ],
            [
              78.439044,
              19.539311
            ],
            [
              78.438292,
              19.539311
            ],
            [
              78.438292,
              19.538691
            ]
          ]
        ]
      }
    },
    {
      "type": "Feature",
      "properties": {
        "data_source": "SYNTHETIC - not an official record",
        "state": "Telangana",
        "district": "Khammam",
        "mandal": "Khammam",
        "village": "Kusumanchi",
        "survey_number": "8/6",
        "pattadar_account_no": "0006",
        "landholder_name": "Krishnamurthy Naik (synthetic)",
        "land_type": "Garden (Thota)",
        "soil_type": "Black Regada",
        "crop": "Paddy",
        "area_acres_guntas": "2A 6G",
        "area_acres_decimal": 2.15
      },
      "geometry": {
        "type": "Polygon",
        "coordinates": [
          [
            [
              79.922637,
              17.264944
            ],
            [
              79.923615,
              17.264944
            ],
            [
              79.923615,
              17.265833
            ],
            [
              79.922637,
              17.265833
            ],
            [
              79.922637,
              17.264944
            ]
          ]
        ]
      }
    },
    {
      "type": "Feature",
      "properties": {
        "data_source": "SYNTHETIC - not an official record",
        "state": "Telangana",
        "district": "Warangal",
        "mandal": "Warangal",
        "village": "Wardhannapet",
        "survey_number": "120/2",
        "pattadar_account_no": "0008",
        "landholder_name": "Venkateshwarlu Reddy (synthetic)",
        "land_type": "Wet (Nala/Baavi)",
        "soil_type": "Red Loamy",
        "crop": "Fallow",
        "area_acres_guntas": "0A 17G",
        "area_acres_decimal": 0.42
      },
      "geometry": {
        "type": "Polygon",
        "coordinates": [
          [
            [
              79.445389,
              18.06668
            ],
            [
              79.44576,
              18.06668
            ],
            [
              79.44576,
              18.067016
            ],
            [
              79.445389,
              18.067016
            ],
            [
              79.445389,
              18.06668
            ]
          ]
        ]
      }
    },
    {
      "type": "Feature",
      "properties": {
        "data_source": "SYNTHETIC - not an official record",
        "state": "Telangana",
        "district": "Medchal-Malkajgiri",
        "mandal": "Shamirpet",
        "village": "Shamirpet",
        "survey_number": "136",
        "pattadar_account_no": "0010",
        "landholder_name": "Krishnamurthy Reddy (synthetic)",
        "land_type": "Wet (Nala/Baavi)",
        "soil_type": "Red Chalka",
        "crop": "Mango Orchard",
        "area_acres_guntas": "2A 32G",
        "area_acres_decimal": 2.8
      },
      "geometry": {
        "type": "Polygon",
        "coordinates": [
          [
            [
              78.426773,
              17.863415
            ],
            [
              78.427899,
              17.863415
            ],
            [
              78.427899,
              17.864293
            ],
            [
              78.426773,
              17.864293
            ],
            [
              78.426773,
              17.863415
            ]
          ]
        ]
      }
    },
    {
      "type": "Feature",
      "properties": {
        "data_source": "SYNTHETIC - not an official record",
        "state": "Telangana",
        "district": "Suryapet",
        "mandal": "Suryapet",
        "village": "Thirumalagiri",
        "survey_number": "268/1A",
        "pattadar_account_no": "0012",
        "landholder_name": "Venkateshwarlu Rao (synthetic)",
        "land_type": "Garden (Thota)",
        "soil_type": "Red Loamy",
        "crop": "Soybean",
        "area_acres_guntas": "1A 28G",
        "area_acres_decimal": 1.7
      },
      "geometry": {
        "type": "Polygon",
        "coordinates": [
          [
            [
              79.424397,
              16.972973
            ],
            [
              79.425262,
              16.972973
            ],
            [
              79.425262,
              16.973731
            ],
            [
              79.424397,
              16.973731
            ],
            [
              79.424397,
              16.972973
            ]
          ]
        ]
      }
    },
    {
      "type": "Feature",
      "properties": {
        "data_source": "SYNTHETIC - not an official record",
        "state": "Telangana",
        "district": "Karimnagar",
        "mandal": "Huzurabad",
        "village": "Jammikunta",
        "survey_number": "256",
        "pattadar_account_no": "0005",
        "landholder_name": "Chandraiah Chary (synthetic)",
        "land_type": "Garden (Thota)",
        "soil_type": "Black Regada",
        "crop": "Red Gram (Kandi)",
        "area_acres_guntas": "0A 3G",
        "area_acres_decimal": 0.07
      },
      "geometry": {
        "type": "Polygon",
        "coordinates": [
          [
            [
              78.976783,
              18.482482
            ],
            [
              78.976988,
              18.482482
            ],
            [
              78.976988,
              18.482685
            ],
            [
              78.976783,
              18.482685
            ],
            [
              78.976783,
              18.482482
            ]
          ]
        ]
      }
    },
    {
      "type": "Feature",
      "properties": {
        "data_source": "SYNTHETIC - not an official record",
        "state": "Telangana",
        "district": "Nalgonda",
        "mandal": "Miryalaguda",
        "village": "Damaracherla",
        "survey_number": "201/9",
        "pattadar_account_no": "0008",
        "landholder_name": "Lakshmamma Naik (synthetic)",
        "land_type": "Wet (Nala/Baavi)",
        "soil_type": "Red Chalka",
        "crop": "Soybean",
        "area_acres_guntas": "2A 27G",
        "area_acres_decimal": 2.67
      },
      "geometry": {
        "type": "Polygon",
        "coordinates": [
          [
            [
              79.355872,
              17.286014
            ],
            [
              79.356772,
              17.286014
            ],
            [
              79.356772,
              17.287055
            ],
            [
              79.355872,
              17.287055
            ],
            [
              79.355872,
              17.286014
            ]
          ]
        ]
      }
    },
    {
      "type": "Feature",
      "properties": {
        "data_source": "SYNTHETIC - not an official record",
        "state": "Telangana",
        "district": "Medchal-Malkajgiri",
        "mandal": "Keesara",
        "village": "Ghatkesar Road",
        "survey_number": "239",
        "pattadar_account_no": "0007",
        "landholder_name": "Ramulu Chary (synthetic)",
        "land_type": "Dry (Metta)",
        "soil_type": "Black Regada",
        "crop": "Fallow",
        "area_acres_guntas": "3A 13G",
        "area_acres_decimal": 3.33
      },
      "geometry": {
        "type": "Polygon",
        "coordinates": [
          [
            [
              78.727559,
              17.399628
            ],
            [
              78.728598,
              17.399628
            ],
            [
              78.728598,
              17.400644
            ],
            [
              78.727559,
              17.400644
            ],
            [
              78.727559,
              17.399628
            ]
          ]
        ]
      }
    },
    {
      "type": "Feature",
      "properties": {
        "data_source": "SYNTHETIC - not an official record",
        "state": "Telangana",
        "district": "Warangal",
        "mandal": "Warangal",
        "village": "Wardhannapet",
        "survey_number": "165/7",
        "pattadar_account_no": "0009",
        "landholder_name": "Mallesham Naik (synthetic)",
        "land_type": "Dry (Metta)",
        "soil_type": "Red Chalka",
        "crop": "Groundnut",
        "area_acres_guntas": "2A 37G",
        "area_acres_decimal": 2.92
      },
      "geometry": {
        "type": "Polygon",
        "coordinates": [
          [
            [
              79.789743,
              17.754167
            ],
            [
              79.790768,
              17.754167
            ],
            [
              79.790768,
              17.755281
            ],
            [
              79.789743,
              17.755281
            ],
            [
              79.789743,
              17.754167
            ]
          ]
        ]
      }
    },
    {
      "type": "Feature",
      "properties": {
        "data_source": "SYNTHETIC - not an official record",
        "state": "Telangana",
        "district": "Mahabubnagar",
        "mandal": "Wanaparthy",
        "village": "Kothakota",
        "survey_number": "315/7",
        "pattadar_account_no": "0006",
        "landholder_name": "Balaraju Naidu (synthetic)",
        "land_type": "Garden (Thota)",
        "soil_type": "Red Loamy",
        "crop": "Fallow",
        "area_acres_guntas": "1A 8G",
        "area_acres_decimal": 1.2
      },
      "geometry": {
        "type": "Polygon",
        "coordinates": [
          [
            [
              77.81315,
              16.725237
            ],
            [
              77.813783,
              16.725237
            ],
            [
              77.813783,
              16.725902
            ],
            [
              77.81315,
              16.725902
            ],
            [
              77.81315,
              16.725237
            ]
          ]
        ]
      }
    },
    {
      "type": "Feature",
      "properties": {
        "data_source": "SYNTHETIC - not an official record",
        "state": "Telangana",
        "district": "Suryapet",
        "mandal": "Suryapet",
        "village": "Chilkur",
        "survey_number": "205/2A",
        "pattadar_account_no": "0010",
        "landholder_name": "Padma Naidu (synthetic)",
        "land_type": "Garden (Thota)",
        "soil_type": "Sandy Loam",
        "crop": "Sugarcane",
        "area_acres_guntas": "2A 20G",
        "area_acres_decimal": 2.5
      },
      "geometry": {
        "type": "Polygon",
        "coordinates": [
          [
            [
              79.521471,
              16.906112
            ],
            [
              79.522519,
              16.906112
            ],
            [
              79.522519,
              16.906914
            ],
            [
              79.521471,
              16.906914
            ],
            [
              79.521471,
              16.906112
            ]
          ]
        ]
      }
    },
    {
      "type": "Feature",
      "properties": {
        "data_source": "SYNTHETIC - not an official record",
        "state": "Telangana",
        "district": "Khammam",
        "mandal": "Kothagudem",
        "village": "Palvancha",
        "survey_number": "38",
        "pattadar_account_no": "0011",
        "landholder_name": "Lakshmamma Naidu (synthetic)",
        "land_type": "Garden (Thota)",
        "soil_type": "Red Chalka",
        "crop": "Red Gram (Kandi)",
        "area_acres_guntas": "1A 16G",
        "area_acres_decimal": 1.4
      },
      "geometry": {
        "type": "Polygon",
        "coordinates": [
          [
            [
              80.164325,
              17.473497
            ],
            [
              80.165051,
              17.473497
            ],
            [
              80.165051,
              17.474172
            ],
            [
              80.164325,
              17.474172
            ],
            [
              80.164325,
              17.473497
            ]
          ]
        ]
      }
    }
  ]
}